2016-11-02,2016-11-03,2016-11-04,2016-11-05,2016-11-06,2016-11-07,2016-11-08,2016-11-09,2016-11-10,2016-11-11,2016-11-12,2016-11-13,2016-11-14,2016-11-15,2016-11-16,2016-11-17,2016-11-18,2016-11-19,2016-11-20,2016-11-21,2016-11-22,2016-11-23,2016-11-24,2016-11-25,2016-11-26,2016-11-27,2016-11-28,2016-11-29,2016-11-30,2016-12-01,2016-12-02,2016-12-03,2016-12-04,2016-12-05,2016-12-06,2016-12-07,2016-12-08,2016-12-09,2016-12-10,2016-12-11,2016-12-12,2016-12-13,2016-12-14,2016-12-15,2016-12-16,2016-12-17,2016-12-18,2016-12-19,2016-12-20,2016-12-21,2016-12-22,2016-12-23,2016-12-24,2016-12-25,2016-12-26,2016-12-27,2016-12-28,2016-12-29,2016-12-30,2016-12-31
2.9444389791664403,1.9459101490553128,1.9459101490553128,1.6094379124341005,1.3862943611198906,2.4849066497880004,2.19722457733622,1.9459101490553128,1.791759469228055,2.19722457733622,1.6094379124341005,1.791759469228055,1.791759469228055,2.3978952727983707,1.9459101490553128,1.791759469228055,1.791759469228055,2.079441541679836,1.6094379124341005,1.9459101490553128,2.079441541679836,2.995732273553991,2.3978952727983707,1.3862943611198906,2.079441541679836,2.639057329615259,2.4849066497880004,2.3978952727983707,2.079441541679836,2.3978952727983707,2.9444389791664403,1.9459101490553128,1.9459101490553128,1.791759469228055,2.19722457733622,2.079441541679836,1.6094379124341005,2.3978952727983707,2.70805020110221,1.9459101490553128,1.6094379124341005,1.9459101490553128,1.3862943611198906,2.079441541679836,2.5649493574615367,1.791759469228055,2.302585092994046,2.079441541679836,2.302585092994046,3.1780538303479458,1.9459101490553128,1.9459101490553128,2.4849066497880004,1.6094379124341005,1.9459101490553128,1.791759469228055,2.079441541679836,1.9459101490553128,1.9459101490553128,2.302585092994046
6.115892125483034,6.061456918928017,5.726847747587197,5.8522024797744745,6.061456918928017,5.910796644040527,5.823045895483019,5.676753802268282,5.886104031450156,5.652489180268651,5.899897353582492,6.280395838960195,6.09807428216624,5.968707559985366,5.726847747587197,5.840641657373398,5.713732805509369,5.945420608606575,6.0867747269123065,6.075346031088684,6.061456918928017,6.572282542694008,5.976350909297934,5.820082930352362,5.958424693029782,6.163314804034641,6.045005314036012,5.75890177387728,5.834810737062605,5.631211781821365,5.849324779946859,5.7745515455444085,5.780743515792329,5.723585101952381,5.6937321388027,5.525452939131784,5.501258210544727,5.783825182329737,5.659482215759621,5.8805329864007,5.961005339623274,5.823045895483019,5.594711379601839,5.683579767338681,5.537334267018537,5.575949103146316,5.814130531825066,5.723585101952381,5.723585101952381,5.552959584921617,5.44673737166631,5.407171771460119,5.267858159063328,5.438079308923196,5.814130531825066,5.75890177387728,5.783825182329737,5.594711379601839,5.308267697401205,5.25227342804663
1.3862943611198906,1.9459101490553128,1.0986122886681096,1.6094379124341005,0.0,2.5649493574615367,1.791759469228055,0.6931471805599453,1.0986122886681096,0.6931471805599453,1.791759469228055,1.0986122886681096,1.791759469228055,1.3862943611198906,1.0986122886681096,1.6094379124341005,1.6094379124341005,1.3862943611198906,1.791759469228055,1.791759469228055,1.6094379124341005,1.9459101490553128,2.19722457733622,2.079441541679836,2.4849066497880004,2.19722457733622,1.791759469228055,1.791759469228055,1.791759469228055,1.791759469228055,2.302585092994046,2.079441541679836,1.791759469228055,1.3862943611198906,2.19722457733622,2.3978952727983707,1.3862943611198906,2.079441541679836,1.791759469228055,0.6931471805599453,2.079441541679836,2.19722457733622,1.9459101490553128,2.079441541679836,1.791759469228055,1.0986122886681096,2.3978952727983707,1.9459101490553128,1.791759469228055,2.3978952727983707,1.9459101490553128,2.079441541679836,1.6094379124341005,2.19722457733622,1.0986122886681096,1.6094379124341005,2.302585092994046,1.6094379124341005,2.4849066497880004,2.5649493574615367
6.706862336602747,6.558197802812269,6.844815479208263,6.315358001522335,6.648984550024776,6.626717749249025,6.410174881966167,6.028278520230698,6.1092475827643655,6.133398042996649,6.030685260261263,5.855071922202427,6.133398042996649,6.297109319933935,6.077642243349034,6.0867747269123065,5.8888779583328805,6.401917196727186,5.908082938168931,6.192362489474872,6.1463292576688975,6.139884552226255,6.2166061010848646,5.971261839790462,5.8522024797744745,5.8522024797744745,6.133398042996649,6.073044534100405,5.983936280687191,5.950642552587727,5.932245187448011,5.726847747587197,5.793013608384144,5.958424693029782,5.877735781779639,5.817111159963204,5.71042701737487,5.905361848054571,5.54907608489522,5.891644211825771,5.963579343618446,9.55768189473384,6.037870919922137,5.968707559985366,5.869296913133774,5.749392985908253,5.908082938168931,5.739792912179234,5.926926025970411,5.645446897643238,5.733341276897746,5.68697535633982,5.883322388488279,5.3230099791384085,5.780743515792329,6.084499413075172,5.846438775057724,5.703782474656201,5.726847747587197,5.356586274672012
8.643649615368796,8.463370384718731,8.56216655705897,8.631235907456897,8.68490859582083,8.499029220788566,8.216628493133443,7.957177323459475,7.928406026180535,7.934155233536322,8.130059039992796,8.146998697389993,8.133587417660966,8.15478757276852,8.21932609390609,9.005405040310642,9.26501793326688,9.012133305952004,8.785080636539838,8.620651899784468,8.469052816088302,8.542080906924017,8.502688505213357,8.32579052588609,8.25088114470065,8.264878262801748,8.151333337900432,8.151044945685024,8.060224240440958,8.022240916806537,7.982757702011113,7.988542982737695,8.046869510959576,8.010359588919783,7.957527402230773,7.974532844130228,7.934871565945176,7.975564658495202,7.862112211662748,7.883823214892152,7.783224016336037,7.8655717576847906,7.912789220690681,7.845416036592485,7.9229859587111955,7.863266724009573,7.78155595923534,7.763446388727362,7.755338812846501,7.744136627627991,7.769800996003896,7.723120092266331,7.709756864454165,7.635786861395585,7.928406026180535,7.845024417241484,7.83399634170946,7.765993079407675,7.73718007783463,7.675081857716334
3.5263605246161616,3.58351893845611,4.110873864173311,3.58351893845611,3.9318256327243257,4.852030263919617,4.174387269895637,4.31748811353631,4.330733340286331,4.02535169073515,3.713572066704308,4.23410650459726,3.8501476017100575,4.663439094112067,3.784189633918261,4.276666119016055,4.07753744390572,4.574710978503383,4.844187086458591,4.31748811353631,4.02535169073515,4.02535169073515,3.6635616461296463,3.951243718581428,3.970291913552122,4.060443010546419,4.204692619390966,4.158883083359672,4.430816798843313,4.07753744390572,4.204692619390966,3.9889840465642745,4.31748811353631,3.8712010109078903,4.31748811353631,3.7612001156935615,4.189654742026425,4.356708826689592,4.0943445622221,3.8501476017100575,3.737669618283368,3.58351893845611,3.8712010109078903,4.0943445622221,3.8712010109078903,5.407171771460119,4.3694478524670215,4.23410650459726,4.343805421853684,4.477336814478207,4.110873864173311,4.0943445622221,3.4011973816621555,5.424950017481403,4.262679877041316,3.912023005428146,3.5263605246161616,3.951243718581428,3.5263605246161616,3.6635616461296463
4.382026634673881,4.605170185988092,5.123963979403259,4.890349128221754,4.532599493153256,4.0943445622221,4.07753744390572,3.8501476017100575,6.336825731146441,4.927253685157205,4.795790545596741,4.174387269895637,4.584967478670572,3.8501476017100575,4.143134726391533,5.545177444479562,4.48863636973214,4.454347296253507,3.951243718581428,6.359573868672378,4.290459441148391,4.248495242049359,4.442651256490317,3.970291913552122,4.343805421853684,4.204692619390966,4.219507705176107,3.8501476017100575,3.8501476017100575,3.9889840465642745,4.564348191467836,4.882801922586371,4.290459441148391,4.430816798843313,3.970291913552122,2.8903717578961645,3.6635616461296463,4.700480365792417,4.330733340286331,4.290459441148391,3.951243718581428,4.110873864173311,3.784189633918261,3.80666248977032,4.356708826689592,4.127134385045092,3.8918202981106265,3.8501476017100575,3.4339872044851463,4.787491742782046,3.9889840465642745,3.9889840465642745,3.4339872044851463,3.6635616461296463,3.091042453358316,3.258096538021482,5.765191102784844,3.951243718581428,3.9889840465642745,3.828641396489095
2.5649493574615367,1.3862943611198906,1.3862943611198906,2.3978952727983707,2.19722457733622,1.9459101490553128,2.302585092994046,1.791759469228055,1.9459101490553128,1.3862943611198906,1.9459101490553128,1.6094379124341005,1.9459101490553128,1.3862943611198906,1.3862943611198906,0.6931471805599453,2.302585092994046,2.079441541679836,2.302585092994046,2.1400661634962708,1.9459101490553128,1.0986122886681096,1.6094379124341005,1.0986122886681096,1.791759469228055,0.6931471805599453,1.791759469228055,1.6094379124341005,1.791759469228055,1.6094379124341005,1.791759469228055,1.3862943611198906,1.791759469228055,1.3862943611198906,1.9459101490553128,1.3862943611198906,1.0986122886681096,0.6931471805599453,1.3862943611198906,1.7047480922384253,1.9459101490553128,1.0986122886681096,1.0986122886681096,1.9459101490553128,2.079441541679836,2.19722457733622,1.6094379124341005,0.6931471805599453,1.791759469228055,1.3862943611198906,0.6931471805599453,2.079441541679836,1.3862943611198906,1.9459101490553128,1.791759469228055,1.791759469228055,1.8718021769015916,1.9459101490553128,2.19722457733622,2.302585092994046
7.124478262493424,6.612041034833092,7.372746366404328,7.108244139731541,7.370860166536716,6.668228248417403,6.473890696352274,6.395261598115449,6.71174039505618,7.01301578963963,7.645875825184813,7.513709247839705,7.053585727193677,6.9782137426306985,7.382746449738912,6.856461984594587,7.384610383176974,7.333023014386481,7.489412083508719,7.265429723253953,7.175489713624222,7.038783541388542,6.754604099487962,6.906754778648554,7.061334366910438,6.974478911025045,6.746412128573375,7.066466970136958,6.741700694652055,6.678342114654332,6.966024187106113,6.918695219020472,8.961879012677683,7.803026643632217,7.00488198971286,7.088408778675395,6.731018100482083,6.816735880594968,7.120444372392488,7.010311867307229,7.05617528410041,7.170888478512505,7.606387389772652,6.898714534329988,6.934397209928558,7.093404625868766,7.158513997329321,6.98100574072173,8.357493812658563,7.301147805856032,7.425357887027151,7.075808863978387,7.20934025660291,7.0967213784947605,6.956545443151569,6.805722553416985,8.148445666243235,7.333023014386481,7.526178913346146,7.115582126184454
1.0986122886681096,0.9162907318741552,0.6931471805599453,1.0986122886681096,0.6931471805599453,0.4054651081081644,0.0,0.6931471805599453,1.0986122886681096,0.9162907318741552,0.6931471805599453,0.5108256237659907,0.2876820724517809,0.0,0.2876820724517809,0.5108256237659907,0.6931471805599453,0.8109302162163288,0.9162907318741552,1.01160091167848,1.0986122886681096,0.8472978603872037,0.5108256237659907,0.0,0.6931471805599453,0.6931471805599453,0.6931471805599453,0.0,0.2876820724517809,0.5108256237659907,0.6931471805599453,0.6931471805599453,1.0986122886681096,0.6931471805599453,0.0,0.0,0.0,0.6931471805599453,0.6931471805599453,0.6931471805599453,0.6931471805599453,0.6931471805599453,0.6931471805599453,0.6931471805599453,0.6931471805599453,0.5596157879354227,0.4054651081081644,0.2231435513142097,0.0,0.0,0.6931471805599453,0.9162907318741552,1.0986122886681096,0.8472978603872037,0.5108256237659907,0.0,0.6931471805599453,0.6931471805599453,0.6931471805599453,0.6931471805599453
6.523562306149512,6.593044534142437,6.472346294500901,6.403574197934815,7.166265974133638,7.793586803371584,8.409830673087738,8.769196271411001,7.428333194190806,6.760414691083428,6.505784060128229,6.439350371100098,6.212606095751519,6.028278520230698,5.877735781779639,5.780743515792329,5.37989735354046,5.3471075307174685,5.442417710521793,5.429345628954441,5.10594547390058,5.170483995038151,4.990432586778736,4.74493212836325,5.049856007249537,5.0369526024136295,4.700480365792417,4.934473933130692,4.6443908991413725,4.804021044733257,4.31748811353631,4.543294782270004,4.59511985013459,4.406719247264253,4.700480365792417,4.442651256490317,4.5217885770490405,4.04305126783455,3.951243718581428,4.23410650459726,4.07753744390572,3.784189633918261,4.158883083359672,4.189654742026425,3.5263605246161616,3.970291913552122,4.189654742026425,4.290459441148391,4.304065093204169,4.0943445622221,3.8712010109078903,4.007333185232471,3.9318256327243257,5.1647859739235145,5.1647859739235145,4.574710978503383,4.330733340286331,4.382026634673881,4.394449154672439,4.07753744390572
6.8679744089702925,6.915723448631314,7.065613363597717,7.249215057114389,7.344072850573066,7.186901020411631,7.151485463904735,6.902742737158593,6.890609120147166,7.10085190894405,7.350516171833998,7.8160138391590275,7.198183577101943,7.097548850614793,7.1049654482698426,7.271703706887368,7.037027614686276,7.613818684808629,7.411556287811163,7.224753405767971,7.691200097522863,7.1846291527173145,7.197435354096591,7.661997558901893,7.59488438721652,7.535830462798367,7.401231264413015,7.288244401020124,7.213031659834869,7.10002716662926,7.280697195384741,7.92588031673756,7.415175109613295,7.186901020411631,7.214504414151143,7.148345743900068,7.536363938404511,7.666221925662725,7.971776122880628,8.151909872940905,7.883823214892152,7.411556287811163,8.030409562130485,7.665284718471351,7.406103381237015,8.131530710604252,8.232440158470336,8.204945165019208,8.114623886420098,8.286017468404763,8.230577217146454,8.307212626628308,8.68676717538769,8.343791731996841,8.667680024690174,8.448914350662942,8.85395110151461,9.101529466118004,8.861066543517762,9.21064032698518
5.82600010738045,5.53338948872752,5.648974238161206,6.208590026096629,5.932245187448011,5.652489180268651,5.683579767338681,5.5093883366279774,5.272999558563747,5.662960480135946,5.700443573390686,5.823045895483019,5.805134968916488,6.018593214496234,6.517671272912275,6.391917113392602,6.336825731146441,6.336825731146441,6.244166900663736,5.786897381366708,5.84354441703136,5.799092654460526,5.799092654460526,5.697093486505405,6.289715570908998,6.532334292222349,6.030685260261263,5.808142489980444,5.645446897643238,5.703782474656201,5.963579343618446,6.1224928095143865,6.066108090103747,5.805134968916488,5.971261839790462,5.983936280687191,5.91350300563827,5.752572638825633,6.222576268071369,6.084499413075172,5.666426688112432,5.552959584921617,5.634789603169249,5.480638923341991,5.501258210544727,5.713732805509369,5.777652323222656,5.869296913133774,5.655991810819852,5.680172609017068,5.638354669333745,5.455321115357702,5.7899601708972535,5.908082938168931,5.659482215759621,5.616771097666572,5.7430031878094825,5.564520407322694,5.605802066295998,5.8971538676367405
3.6635616461296463,4.418840607796598,3.367295829986474,3.1354942159291497,3.044522437723423,3.295836866004329,4.127134385045092,6.111467339502679,5.849324779946859,4.90527477843843,4.7535901911063645,4.110873864173311,4.262679877041316,3.044522437723423,3.6375861597263857,3.688879454113936,3.367295829986474,3.6375861597263857,4.276666119016055,3.295836866004329,3.295836866004329,5.209486152841421,4.204692619390966,3.4011973816621555,5.288267030694535,5.272999558563747,4.736198448394496,4.219507705176107,3.737669618283368,3.6375861597263857,3.4011973816621555,3.555348061489413,3.688879454113936,3.218875824868201,3.044522437723423,3.713572066704308,3.6635616461296463,3.828641396489095,4.51085950651685,3.912023005428146,6.555356891810665,4.770684624465665,6.093569770045136,4.418840607796598,4.330733340286331,4.8283137373023015,4.934473933130692,3.8918202981106265,3.4657359027997265,5.723585101952381,5.820082930352362,4.663439094112067,4.90527477843843,3.970291913552122,3.218875824868201,5.298317366548036,3.6375861597263857,3.970291913552122,3.4339872044851463,4.127134385045092
8.141189793457691,8.057694194815587,8.168202930236053,8.106514516255185,8.192570471152173,8.118505067587098,7.939871576361883,7.670428522190693,7.897668150726906,8.00603417874901,8.024207485778577,8.038189179973203,7.955074273262696,8.063062911326792,8.161089512845797,8.424858580213442,8.436200032206706,8.18423477409482,8.030084094267563,8.035278911144667,8.251663923605589,8.904358542352968,8.433159195806228,8.308938252595778,8.432941638968646,8.56483984488359,8.627660644442209,8.438799123988225,8.498621805830801,8.6278397115033,8.608130186408339,8.451480648050856,8.419359831067474,8.390041405755754,8.315077007294104,8.265135629937385,8.387539983189367,8.340217320947035,8.197263371414335,8.487764380725425,8.582980931954241,8.36822903827628,8.385944904806284,8.229511118964457,8.17695386822578,8.140898460607852,8.155649270366002,8.279189777195004,8.24301946898925,8.154500175151941,8.114324709155339,8.022240916806537,7.962415680121063,8.338066525518801,8.355144739461839,8.228710798793687,8.188966863648876,8.23403420769204,8.24800570160062,7.987524479848767
5.703782474656201,5.805134968916488,5.955837369464831,5.755742213586912,5.8522024797744745,5.926926025970411,5.834810737062605,5.680172609017068,5.480638923341991,5.6937321388027,5.828945617610208,5.971261839790462,6.068425588244111,5.627621113690637,5.771441123130016,5.723585101952381,5.7430031878094825,5.717027701406222,5.762051382780177,5.583496308781699,5.613128106388071,5.564520407322694,5.552959584921617,5.564520407322694,5.655991810819852,6.3080984415095305,6.100318952020064,5.805134968916488,5.7899601708972535,5.493061443340548,5.926926025970411,5.823045895483019,6.156978985585555,6.107022887742255,5.662960480135946,5.948034989180646,6.352629396319567,5.768320995793772,5.631211781821365,5.918893854273146,5.525452939131784,5.8971538676367405,5.83773044716594,5.910796644040527,5.5909869805108565,6.934397209928558,6.638567789166521,6.066108090103747,6.974478911025045,9.95807043030642,8.523970175695261,7.02108396428914,6.423246963533519,6.398594934535208,6.154858094016418,6.150602768446279,5.966146739123692,5.902633333401366,5.863631175598097,5.998936561946683
1.6582280766035324,1.791759469228055,0.6931471805599453,1.0986122886681096,1.3862943611198906,1.0986122886681096,1.0986122886681096,0.9162907318741552,0.6931471805599453,0.6931471805599453,0.6931471805599453,0.6931471805599453,0.6931471805599453,0.6931471805599453,0.6931471805599453,1.0986122886681096,0.9162907318741552,0.6931471805599453,1.0986122886681096,1.3862943611198906,1.0986122886681096,1.0986122886681096,1.0986122886681096,1.0986122886681096,1.0986122886681096,1.0986122886681096,1.0986122886681096,0.9808292530117262,0.8472978603872037,0.6931471805599453,0.6931471805599453,1.0986122886681096,0.9162907318741552,0.6931471805599453,0.6931471805599453,0.6931471805599453,0.6931471805599453,0.6931471805599453,0.6931471805599453,1.0986122886681096,1.0986122886681096,1.0986122886681096,1.0986122886681096,0.9162907318741552,0.6931471805599453,1.0986122886681096,1.3862943611198906,0.6931471805599453,1.3862943611198906,1.3862943611198906,0.6931471805599453,1.0986122886681096,1.3862943611198906,0.6931471805599453,0.6931471805599453,0.6931471805599453,1.0986122886681096,0.9808292530117262,0.8472978603872037,0.6931471805599453
4.204692619390966,4.442651256490317,3.8501476017100575,4.304065093204169,4.912654885736052,3.610917912644224,4.110873864173311,3.49650756146648,3.80666248977032,4.290459441148391,3.4657359027997265,3.7612001156935615,3.49650756146648,3.9318256327243257,4.330733340286331,6.19644412779452,4.61512051684126,4.158883083359672,4.262679877041316,3.951243718581428,3.828641396489095,4.356708826689592,4.204692619390966,4.07753744390572,4.912654885736052,4.430816798843313,3.8712010109078903,3.8712010109078903,4.219507705176107,4.48863636973214,4.248495242049359,4.158883083359672,4.248495242049359,3.828641396489095,4.219507705176107,7.013915474810528,4.787491742782046,4.430816798843313,4.543294782270004,4.6443908991413725,3.784189633918261,4.454347296253507,4.5217885770490405,4.356708826689592,4.356708826689592,4.406719247264253,4.68213122712422,3.8501476017100575,5.472270673671475,4.219507705176107,4.04305126783455,6.980075940561763,5.313205979041787,4.852030263919617,4.330733340286331,4.219507705176107,3.951243718581428,4.290459441148391,4.23410650459726,4.174387269895637
5.545177444479562,5.5093883366279774,5.605802066295998,5.8888779583328805,5.940171252720432,5.7745515455444085,5.594711379601839,5.438079308923196,5.613128106388071,5.236441962829949,5.598421958998375,5.971261839790462,5.6240175061873385,5.771441123130016,5.579729825986222,5.53338948872752,5.583496308781699,5.568344503761097,5.860786223465865,5.777652323222656,5.37989735354046,5.4510384535657,5.497168225293202,5.472270673671475,5.680172609017068,5.707110264748875,5.613128106388071,5.541263545158426,5.442417710521793,5.442417710521793,5.407171771460119,5.552959584921617,5.950642552587727,5.598421958998375,5.3981627015177525,5.375278407684165,5.267858159063328,5.272999558563747,5.598421958998375,5.7745515455444085,5.655991810819852,5.384495062789089,5.442417710521793,5.3981627015177525,5.337538079701318,5.351858133476067,5.472270673671475,5.2832037287379885,5.384495062789089,5.44673737166631,5.332718793265369,5.342334251964811,5.303304908059076,5.493061443340548,5.384495062789089,5.476463551931511,5.3981627015177525,5.288267030694535,5.393627546352361,5.407171771460119
0.0,0.0,0.0,0.0,0.0,0.0,0.0,0.0,0.0,0.0,0.0,0.0,0.0,0.0,0.0,0.0,0.0,0.0,0.0,0.0,0.0,0.0,0.0,0.0,0.0,0.0,0.0,0.0,0.0,0.0,0.0,0.0,0.0,0.0,0.0,0.0,0.0,0.0,0.0,0.0,0.0,0.0,0.0,0.0,0.0,0.0,0.0,0.0,0.0,0.0,0.0,0.0,0.0,0.0,0.0,0.0,0.0,0.0,0.0,0.0
3.688879454113936,3.6375861597263857,3.6635616461296463,3.1780538303479458,3.8501476017100575,3.912023005428146,4.74493212836325,5.777652323222656,4.634728988229636,4.23410650459726,3.555348061489413,3.555348061489413,3.828641396489095,3.9889840465642745,3.58351893845611,3.737669618283368,3.8712010109078903,3.332204510175204,3.6375861597263857,3.9318256327243257,3.610917912644224,3.044522437723423,3.784189633918261,3.7612001156935615,4.07753744390572,3.555348061489413,3.610917912644224,3.6375861597263857,3.828641396489095,3.737669618283368,3.8501476017100575,3.784189633918261,3.367295829986474,3.8918202981106265,3.784189633918261,3.713572066704308,3.80666248977032,3.970291913552122,3.091042453358316,3.4011973816621555,3.970291913552122,3.912023005428146,3.688879454113936,3.8712010109078903,3.688879454113936,3.7612001156935615,3.4657359027997265,3.9318256327243257,4.110873864173311,3.828641396489095,4.709530201312334,3.8712010109078903,3.218875824868201,3.713572066704308,3.7612001156935615,4.248495242049359,3.6375861597263857,3.4011973816621555,3.1354942159291497,2.70805020110221
0.0,0.0,0.6931471805599453,0.0,1.0986122886681096,1.0986122886681096,1.0986122886681096,0.6931471805599453,0.6931471805599453,0.6931471805599453,0.0,0.6931471805599453,0.0,0.0,0.0,0.0,0.0,0.0,0.0,0.0,0.0,1.0986122886681096,0.0,0.0,1.6094379124341005,0.6931471805599453,0.0,0.6931471805599453,0.0,0.6931471805599453,0.0,0.0,0.6931471805599453,1.0986122886681096,0.0,0.0,0.0,0.6931471805599453,0.0,0.6931471805599453,0.0,0.6931471805599453,1.3862943611198906,0.6931471805599453,0.0,0.6931471805599453,0.6931471805599453,0.0,0.0,0.0,1.0986122886681096,0.0,0.0,0.0,0.0,0.0,1.0986122886681096,0.0,1.3862943611198906,0.6931471805599453
5.676753802268282,5.3230099791384085,5.030437921392435,5.6240175061873385,5.594711379601839,5.327876168789581,5.017279836814924,5.1298987149230735,4.844187086458591,4.820281565605037,4.709530201312334,5.568344503761097,5.262690188904886,4.795790545596741,5.030437921392435,5.303304908059076,5.272999558563747,5.877735781779639,5.44673737166631,4.919980925828125,4.634728988229636,5.605802066295998,4.882801922586371,4.465908118654584,5.209486152841421,4.736198448394496,4.543294782270004,4.634728988229636,4.59511985013459,4.5217885770490405,6.102558594613569,6.089044875446846,5.187385805840755,7.180831199044556,6.55250788703459,5.393627546352361,5.081404364984463,5.420534999272286,5.424950017481403,5.676753802268282,5.030437921392435,4.969813299576001,5.017279836814924,4.74493212836325,4.51085950651685,5.0238805208462765,5.214935757608986,4.653960350157523,5.337538079701318,4.836281906951478,4.499809670330265,4.7535901911063645,4.852030263919617,4.804021044733257,5.556828061699537,5.267858159063328,5.6937321388027,5.613128106388071,5.262690188904886,5.10594547390058
6.16541785423142,6.066108090103747,6.259581464064923,6.597145701886651,6.369900982828227,6.208590026096629,6.061456918928017,5.8944028342648505,6.139884552226255,6.461468176353717,6.519147287940395,6.3835066348840055,6.238324625039508,6.259581464064923,6.342121418721152,6.270988431858299,6.234410725718371,6.3473892096560105,6.359573868672378,6.257667587882639,6.163314804034641,6.270988431858299,6.309918278226516,6.249975242259483,6.293419278846481,6.333279628139691,6.163314804034641,6.1463292576688975,6.113682179832232,6.1224928095143865,6.349138991379798,6.396929655216146,6.272877006546167,6.171700597410915,5.966146739123692,6.107022887742255,6.102558594613569,6.306275286948016,6.421622267806518,6.429719478039138,6.246106765481563,6.1675164908883415,6.077642243349034,6.180016653652572,6.192362489474872,6.267200548541362,6.236369590203704,6.218600119691729,6.1224928095143865,6.173786103901937,6.18826412308259,6.190315405853148,6.068425588244111,6.280395838960195,6.336825731146441,6.212606095751519,6.171700597410915,6.159095388491933,6.248042874508429,6.70808408385307
5.220355825078325,4.927253685157205,4.897839799950911,5.181783550292085,5.493061443340548,4.955827057601261,4.852030263919617,4.844187086458591,5.332718793265369,5.666426688112432,5.823045895483019,5.480638923341991,4.997212273764115,5.068904202220232,5.1298987149230735,4.955827057601261,4.990432586778736,5.135798437050262,4.912654885736052,5.176149732573829,5.602118820879701,5.2832037287379885,5.476463551931511,5.198497031265826,5.170483995038151,5.605802066295998,5.198497031265826,5.241747015059643,5.288267030694535,5.081404364984463,5.030437921392435,5.267858159063328,5.365976015021851,5.365976015021851,5.318119993844216,4.997212273764115,5.407171771460119,5.351858133476067,5.262690188904886,5.278114659230518,5.198497031265826,5.3230099791384085,5.375278407684165,5.389071729816501,5.407171771460119,5.351858133476067,5.332718793265369,5.225746673713202,5.529429087511423,5.19295685089021,5.1647859739235145,5.176149732573829,4.836281906951478,5.472270673671475,5.484796933490655,5.840641657373398,6.267200548541362,6.483107351457199,6.35088571671474,6.55250788703459
4.820281565605037,4.5217885770490405,4.564348191467836,4.820281565605037,4.836281906951478,4.8283137373023015,4.007333185232471,3.80666248977032,4.204692619390966,4.04305126783455,4.290459441148391,4.700480365792417,4.007333185232471,3.970291913552122,4.02535169073515,4.02535169073515,4.127134385045092,3.610917912644224,4.51085950651685,3.970291913552122,4.624972813284271,3.8918202981106265,3.80666248977032,4.553876891600541,3.80666248977032,4.0943445622221,3.737669618283368,3.784189633918261,3.951243718581428,4.02535169073515,4.204692619390966,4.060443010546419,4.59511985013459,3.8712010109078903,3.6375861597263857,3.713572066704308,3.4657359027997265,4.060443010546419,3.970291913552122,3.9889840465642745,3.4011973816621555,3.5263605246161616,3.58351893845611,3.784189633918261,3.8918202981106265,3.4011973816621555,3.258096538021482,3.8501476017100575,3.5263605246161616,3.713572066704308,3.713572066704308,3.555348061489413,3.713572066704308,4.248495242049359,5.062595033026967,4.564348191467836,4.356708826689592,4.02535169073515,3.6375861597263857,3.044522437723423
3.9318256327243257,3.8712010109078903,3.8712010109078903,3.8712010109078903,3.8712010109078903,3.8918202981106265,3.8918202981106265,3.912023005428146,3.8918202981106265,3.8918202981106265,3.8918202981106265,3.8712010109078903,3.8501476017100575,3.912023005428146,3.951243718581428,3.8501476017100575,3.7612001156935615,3.8918202981106265,3.8918202981106265,3.912023005428146,3.8918202981106265,3.8712010109078903,3.8712010109078903,3.9318256327243257,3.912023005428146,3.8712010109078903,3.8918202981106265,3.8501476017100575,3.8918202981106265,3.8712010109078903,3.8918202981106265,3.8918202981106265,3.8501476017100575,3.8918202981106265,3.9318256327243257,3.8712010109078903,3.8712010109078903,3.912023005428146,3.8918202981106265,3.8918202981106265,3.8918202981106265,3.9318256327243257,3.8918202981106265,3.912023005428146,3.8712010109078903,3.8918202981106265,3.8918202981106265,3.8918202981106265,3.8712010109078903,3.332204510175204,3.784189633918261,3.8712010109078903,3.9318256327243257,3.912023005428146,3.912023005428146,3.8712010109078903,3.80666248977032,3.912023005428146,3.912023005428146,3.9318256327243257
5.236441962829949,5.3706380281276624,5.7745515455444085,5.493061443340548,5.66988092298052,5.293304824724492,5.081404364984463,5.117993812416755,5.241747015059643,5.293304824724492,5.068904202220232,5.3230099791384085,4.934473933130692,4.836281906951478,5.3706380281276624,5.1298987149230735,5.673323267171493,5.429345628954441,5.648974238161206,5.117993812416755,5.003946305945459,5.181783550292085,5.58724865840025,5.342334251964811,5.247024072160486,5.337538079701318,5.003946305945459,4.859812404361672,5.5909869805108565,6.142037405587356,5.786897381366708,5.62040086571715,5.736572297479192,5.247024072160486,5.0369526024136295,5.170483995038151,4.941642422609304,4.836281906951478,4.762173934797756,5.267858159063328,4.718498871295094,4.718498871295094,4.727387818712341,4.74493212836325,4.77912349311153,4.709530201312334,5.030437921392435,4.90527477843843,4.634728988229636,5.056245805348308,4.912654885736052,4.74493212836325,4.330733340286331,4.762173934797756,5.003946305945459,5.288267030694535,5.181783550292085,4.795790545596741,4.653960350157523,4.276666119016055
2.302585092994046,2.079441541679836,2.4849066497880004,3.1780538303479458,2.833213344056216,2.70805020110221,2.70805020110221,2.079441541679836,2.5649493574615367,3.044522437723423,2.8903717578961645,3.295836866004329,3.044522437723423,2.639057329615259,2.772588722239781,2.079441541679836,2.4849066497880004,3.258096538021482,3.044522437723423,2.4849066497880004,2.8903717578961645,2.19722457733622,2.639057329615259,2.302585092994046,2.639057329615259,2.9444389791664403,2.5649493574615367,2.639057329615259,2.8903717578961645,2.3978952727983707,2.3978952727983707,2.8903717578961645,3.091042453358316,2.302585092994046,2.5649493574615367,2.079441541679836,2.3978952727983707,2.302585092994046,2.302585092994046,3.218875824868201,3.1780538303479458,2.8903717578961645,2.3978952727983707,2.772588722239781,2.833213344056216,2.772588722239781,3.091042453358316,2.3978952727983707,3.1354942159291497,2.3978952727983707,2.9444389791664403,2.9444389791664403,2.9444389791664403,3.044522437723423,2.772588722239781,2.4849066497880004,3.1780538303479458,3.044522437723423,2.3978952727983707,2.8903717578961645
8.5016733797582,8.732627099660395,8.718827059242566,8.80732226751107,9.11921143856508,8.820551743253025,8.451907724717607,8.212568398234145,8.345930261979017,8.344505083590521,8.872487182278038,8.841014310483892,8.613775289262481,8.602453035367061,8.400659375160286,8.497806477616047,8.636574948436317,8.62622695244036,8.65067458279072,8.511577452630602,8.496786381638575,8.691818541575723,8.854522203757432,8.911934336161426,8.789355452209982,8.769662508112274,8.705331133531631,8.67060073804555,9.155989777226102,8.666130304190608,8.430109084509125,8.591001118560957,9.104757609401116,8.60557030203365,8.610136937058975,8.414274137408396,8.612685172875459,8.400884069015854,8.54752839121231,8.675563527387679,8.642062173462106,8.782783017393202,8.954673628956414,8.889032571874742,8.850230965588816,8.828201089171515,8.848796450925947,8.709630081951286,8.60061479955531,8.623353387244627,8.729397122692061,8.617219505483362,8.632484235750972,8.542470998600505,8.674196940225903,8.84779106484485,8.863757191604241,9.092907275084087,8.96610085736724,8.9614943233096
2.5649493574615367,3.091042453358316,3.044522437723423,2.833213344056216,2.9444389791664403,2.302585092994046,2.19722457733622,1.9459101490553128,2.4849066497880004,2.833213344056216,2.079441541679836,2.70805020110221,2.70805020110221,2.639057329615259,2.9444389791664403,3.4011973816621555,3.295836866004329,2.4849066497880004,2.302585092994046,2.5649493574615367,3.1354942159291497,2.833213344056216,2.70805020110221,2.302585092994046,2.8903717578961645,2.8903717578961645,3.332204510175204,3.218875824868201,3.218875824868201,2.9444389791664403,3.1354942159291497,2.9444389791664403,3.044522437723423,2.772588722239781,3.4657359027997265,3.688879454113936,3.970291913552122,3.555348061489413,3.555348061489413,3.555348061489413,3.1780538303479458,3.1780538303479458,3.1354942159291497,3.295836866004329,3.218875824868201,3.332204510175204,3.1780538303479458,2.833213344056216,3.4011973816621555,2.639057329615259,2.70805020110221,1.791759469228055,2.70805020110221,2.302585092994046,2.3978952727983707,2.70805020110221,2.3978952727983707,2.302585092994046,2.8903717578961645,2.639057329615259
2.5649493574615367,2.4849066497880004,2.639057329615259,2.079441541679836,2.3978952727983707,3.091042453358316,2.833213344056216,2.4849066497880004,2.5649493574615367,2.302585092994046,2.70805020110221,2.8903717578961645,2.9444389791664403,2.5649493574615367,2.639057329615259,1.9459101490553128,2.3978952727983707,2.70805020110221,2.5649493574615367,1.791759469228055,2.4849066497880004,3.044522437723423,2.4849066497880004,2.772588722239781,2.8903717578961645,2.8903717578961645,2.833213344056216,3.49650756146648,2.995732273553991,2.8903717578961645,2.9444389791664403,2.70805020110221,2.9444389791664403,2.70805020110221,2.8903717578961645,2.8903717578961645,2.302585092994046,2.9444389791664403,2.70805020110221,2.9444389791664403,2.9444389791664403,2.5649493574615367,2.5649493574615367,3.091042453358316,3.258096538021482,2.70805020110221,2.4849066497880004,2.70805020110221,3.610917912644224,3.4339872044851463,2.639057329615259,3.295836866004329,2.70805020110221,2.833213344056216,2.995732273553991,3.091042453358316,2.3978952727983707,3.218875824868201,2.302585092994046,2.9444389791664403
4.0943445622221,4.110873864173311,3.8918202981106265,4.3694478524670215,3.9318256327243257,3.7612001156935615,4.02535169073515,3.8918202981106265,3.713572066704308,3.8918202981106265,4.948759890378168,4.77912349311153,4.262679877041316,4.356708826689592,4.290459441148391,4.574710978503383,4.465908118654584,4.394449154672439,4.110873864173311,4.0943445622221,4.499809670330265,4.553876891600541,4.477336814478207,4.290459441148391,4.219507705176107,3.828641396489095,4.477336814478207,3.951243718581428,4.48863636973214,4.3694478524670215,4.276666119016055,4.219507705176107,5.937536205082426,4.3694478524670215,4.394449154672439,4.189654742026425,4.48863636973214,4.430816798843313,4.02535169073515,4.007333185232471,4.477336814478207,4.23410650459726,4.382026634673881,4.418840607796598,4.02535169073515,4.418840607796598,3.737669618283368,3.80666248977032,3.737669618283368,3.8918202981106265,3.688879454113936,4.02535169073515,4.430816798843313,3.784189633918261,3.784189633918261,3.912023005428146,4.158883083359672,4.174387269895637,4.0943445622221,3.5263605246161616
2.3978952727983707,2.079441541679836,0.6931471805599453,1.6094379124341005,1.0986122886681096,2.833213344056216,2.5649493574615367,1.3862943611198906,1.9459101490553128,2.302585092994046,1.791759469228055,1.3862943611198906,1.6094379124341005,0.6931471805599453,1.3862943611198906,1.6094379124341005,1.0986122886681096,1.3862943611198906,1.3862943611198906,1.3862943611198906,1.0986122886681096,1.3862943611198906,1.791759469228055,1.3862943611198906,2.19722457733622,1.0986122886681096,1.791759469228055,2.3978952727983707,1.0986122886681096,1.3862943611198906,2.833213344056216,2.9444389791664403,2.19722457733622,2.079441541679836,1.791759469228055,1.3862943611198906,1.791759469228055,1.6094379124341005,1.791759469228055,2.833213344056216,1.6094379124341005,2.5649493574615367,0.6931471805599453,1.9459101490553128,2.19722457733622,2.19722457733622,3.4657359027997265,3.737669618283368,2.19722457733622,1.791759469228055,3.784189633918261,1.9459101490553128,1.791759469228055,1.9459101490553128,1.6094379124341005,4.204692619390966,2.995732273553991,1.791759469228055,1.9459101490553128,3.218875824868201
4.477336814478207,4.31748811353631,4.48863636973214,5.030437921392435,5.1647859739235145,4.59511985013459,4.574710978503383,4.543294782270004,4.477336814478207,4.48863636973214,5.081404364984463,5.407171771460119,4.820281565605037,4.8283137373023015,4.7535901911063645,4.61512051684126,4.875197323201151,5.204006687076795,5.293304824724492,4.634728988229636,4.543294782270004,4.430816798843313,4.3694478524670215,4.499809670330265,5.493061443340548,5.43372200355424,4.7535901911063645,4.61512051684126,4.727387818712341,4.5217885770490405,5.10594547390058,5.19295685089021,5.442417710521793,4.691347882229144,4.836281906951478,5.438079308923196,5.631211781821365,5.60947179518496,5.356586274672012,5.365976015021851,5.3471075307174685,5.529429087511423,5.68697535633982,5.66988092298052,5.730099782973575,5.749392985908253,5.739792912179234,5.814130531825066,5.303304908059076,5.655991810819852,5.594711379601839,5.6240175061873385,5.484796933490655,5.517452896464707,5.541263545158426,5.393627546352361,5.389071729816501,5.484796933490655,5.525452939131784,4.969813299576001
6.555356891810665,6.52795791762255,6.333279628139691,6.073044534100405,6.309918278226516,6.579251212010101,6.634633357861686,6.566672429803241,6.539585955617669,6.298949246855942,6.20050917404269,6.327936783729195,6.559615237493242,6.651571873589727,6.584791392385716,6.630683385642372,6.366470447731438,6.061456918928017,6.375024819828097,6.558197802812269,6.756932389247553,6.677083461247136,6.439350371100098,6.2766434893416445,6.192362489474872,6.240275845170769,11.291118519999648,6.470799503782602,6.285998094508865,6.159095388491933,6.093569770045136,5.8664680569332965,6.182084906716632,6.368187186350492,6.270988431858299,6.07993319509559,6.20050917404269,6.131226489483141,6.1463292576688975,6.244166900663736,6.212606095751519,6.198478716492308,6.251903883165888,6.2324480165505225,6.023447592961033,5.963579343618446,6.049733455231958,6.163314804034641,6.1779441140506,6.0330862217988015,5.971261839790462,5.926926025970411,5.905361848054571,6.023447592961033,6.317164686747284,6.364750756851911,6.38856140554563,6.481577129276431,6.1224928095143865,6.040254711277414
4.934473933130692,4.59511985013459,4.51085950651685,4.912654885736052,4.948759890378168,4.653960350157523,4.532599493153256,4.465908118654584,4.204692619390966,4.248495242049359,4.605170185988092,4.736198448394496,4.795790545596741,4.174387269895637,4.356708826689592,4.770684624465665,4.882801922586371,4.8283137373023015,5.204006687076795,5.2832037287379885,5.153291594497779,4.90527477843843,4.859812404361672,5.030437921392435,5.030437921392435,4.890349128221754,4.6443908991413725,4.59511985013459,4.418840607796598,4.465908118654584,4.499809670330265,4.859812404361672,5.068904202220232,4.6443908991413725,4.859812404361672,4.882801922586371,4.477336814478207,4.691347882229144,4.875197323201151,5.855071922202427,5.552959584921617,5.123963979403259,5.075173815233827,4.454347296253507,4.672828834461906,4.762173934797756,4.890349128221754,4.976733742420574,4.51085950651685,4.718498871295094,4.804021044733257,4.897839799950911,4.51085950651685,5.099866427824199,4.709530201312334,4.653960350157523,5.135798437050262,4.955827057601261,4.700480365792417,5.2832037287379885
2.833213344056216,2.995732273553991,2.995732273553991,2.8903717578961645,3.367295829986474,3.555348061489413,2.3978952727983707,4.836281906951478,3.332204510175204,3.4011973816621555,2.995732273553991,2.995732273553991,2.772588722239781,2.772588722239781,3.044522437723423,3.295836866004329,2.9444389791664403,2.70805020110221,2.995732273553991,3.49650756146648,3.218875824868201,3.295836866004329,3.332204510175204,2.833213344056216,2.9444389791664403,3.044522437723423,3.295836866004329,2.8903717578961645,3.218875824868201,3.044522437723423,3.044522437723423,4.465908118654584,3.828641396489095,2.995732273553991,3.610917912644224,3.49650756146648,3.091042453358316,2.995732273553991,3.044522437723423,2.995732273553991,2.995732273553991,3.1780538303479458,3.091042453358316,3.4011973816621555,3.091042453358316,3.4011973816621555,2.995732273553991,3.295836866004329,3.091042453358316,3.4657359027997265,3.295836866004329,3.218875824868201,3.295836866004329,3.58351893845611,3.555348061489413,3.218875824868201,4.418840607796598,5.796057750765372,3.80666248977032,3.951243718581428
5.44673737166631,5.1298987149230735,5.278114659230518,5.799092654460526,5.627621113690637,6.26530121273771,5.869296913133774,4.90527477843843,4.8283137373023015,5.594711379601839,5.961005339623274,5.971261839790462,4.948759890378168,4.934473933130692,6.620073206530356,5.963579343618446,5.4638318050256105,5.6240175061873385,5.5909869805108565,4.990432586778736,5.081404364984463,4.990432586778736,4.836281906951478,5.099866427824199,5.560681631015528,6.646390514847729,5.455321115357702,4.962844630259907,4.912654885736052,4.882801922586371,4.976733742420574,5.525452939131784,5.537334267018537,5.513428746164983,5.170483995038151,4.812184355372417,6.424869023905388,5.703782474656201,5.66988092298052,5.765191102784844,5.214935757608986,5.262690188904886,5.099866427824199,5.123963979403259,5.572154032177765,6.617402977974478,6.525029657843462,5.680172609017068,5.204006687076795,5.204006687076795,5.648974238161206,5.978885764901122,5.793013608384144,6.311734809152915,6.354370040797351,5.986452005284438,7.074116816197362,6.246106765481563,6.042632833682381,5.746203190540153
7.468513271496337,7.419979923661835,7.173191742486599,6.695798917058491,6.812345094177479,7.275864600546533,7.277938572945661,7.272398392570047,7.317212408359839,7.00397413672268,6.558197802812269,6.794586580876499,7.330405211844402,7.262628600974241,7.269616749608169,7.21890970761906,7.148345743900068,6.774223886357614,7.344719054149673,7.48605261786314,7.333676395657684,7.199678345691172,6.981934677156389,6.775366090936392,6.543911845564792,6.652863029353347,7.15305163493748,7.222566018822171,7.242082359256962,7.229113877793302,7.038783541388542,6.606650186198215,6.848005274576363,7.274479558773871,7.273786317844895,7.231287004327616,7.213031659834869,7.161622002939187,6.828712071641684,7.081708586105576,7.488852955733459,7.413970290190444,7.340835554123275,7.297091005160418,7.052721049232323,6.680854678790215,6.628041376179533,7.001245622069476,6.967909201801884,6.878326468291325,6.7580945044277305,6.448889394146858,6.107022887742255,6.028278520230698,6.249975242259483,6.52795791762255,6.4457198193855785,6.431331081933479,6.452048954437226,6.26530121273771
8.06054004653864,8.121183242078828,7.98139158158007,7.8655717576847906,7.874358824729881,7.739794458408701,7.555905093611346,7.345364840416867,7.404279118037268,7.4205789054108,7.554858521040676,7.498869733976931,7.554858521040676,7.338238150065589,7.340186835320115,7.247792581767846,7.312553498102598,7.415776975415394,7.422373700986824,7.331714969726466,7.201916317531627,7.224753405767971,7.01301578963963,7.085064293952548,7.138866999945524,7.335633981927201,7.293697720601438,7.173191742486599,6.945051063725834,7.017506142941256,7.147559271189454,7.27655640271871,7.29505641646263,7.233455418621439,7.098375638590786,7.00397413672268,7.030857476116121,7.359467638255621,7.062191632286556,7.247080584585756,7.091742115095153,7.085901464365611,7.138073034044347,6.862757913051401,6.980075940561763,6.965080345601407,7.130098510125578,7.281385663570282,6.9930151229329605,6.84587987526405,6.990256500493881,7.216709486709457,7.233455418621439,7.311886164077165,7.52294091807237,7.676473646389156,7.271008538280992,7.351158226430694,7.576097340623111,7.329749689041512
1.9459101490553128,2.19722457733622,1.9459101490553128,1.3862943611198906,2.4849066497880004,1.791759469228055,1.791759469228055,1.6094379124341005,2.19722457733622,1.9459101490553128,2.19722457733622,1.791759469228055,2.19722457733622,1.791759469228055,1.791759469228055,2.3978952727983707,1.791759469228055,2.3978952727983707,2.639057329615259,1.6094379124341005,2.3978952727983707,2.302585092994046,2.833213344056216,1.9459101490553128,3.6635616461296463,2.772588722239781,1.6094379124341005,1.0986122886681096,1.3862943611198906,5.541263545158426,7.151485463904735,4.672828834461906,3.218875824868201,3.091042453358316,5.25227342804663,3.610917912644224,2.70805020110221,2.4849066497880004,2.079441541679836,2.8903717578961645,2.3978952727983707,2.19722457733622,2.19722457733622,1.9459101490553128,2.079441541679836,2.3978952727983707,1.791759469228055,2.4849066497880004,2.079441541679836,1.0986122886681096,2.302585092994046,1.9459101490553128,7.2875606403097235,5.3706380281276624,2.8903717578961645,2.8903717578961645,2.19722457733622,2.3978952727983707,2.3978952727983707,2.4849066497880004
6.436150368369428,6.601230118728877,6.542471960506805,6.616065185132817,6.723832440821209,6.57507584059962,6.572282542694008,6.88653164253051,6.68586094706836,6.76849321164863,6.729824070489475,6.668228248417403,6.704414354964107,6.601230118728877,6.505784060128229,6.594413459749778,6.522092798170152,6.729824070489475,6.651571873589727,6.499787040655854,6.386879319362645,6.601230118728877,6.643789733147672,6.4457198193855785,6.57507584059962,6.655440350367647,6.434546518787453,6.663132695990803,6.548219102762372,6.395261598115449,6.495265555937008,6.62273632394984,6.577861357721047,6.505784060128229,6.62273632394984,6.480044561926653,6.54534966033442,6.480044561926653,6.672032945461067,6.654152520183219,6.513230110912307,6.840546529288687,6.410174881966167,6.45833828334479,6.42648845745769,6.736966958001855,6.573680166960646,6.563855526532128,6.352629396319567,6.20455776256869,6.38856140554563,6.501289670540389,6.6320017773956295,6.673297967767654,6.452048954437226,6.3578422665081,6.434546518787453,6.501289670540389,6.406879986069314,6.324358962381311
6.530877627725885,6.530877627725885,6.42648845745769,6.253828811575473,6.466144724237619,6.030685260261263,6.349138991379798,8.721602344674197,8.200013648175434,7.379632152609552,7.1284959456800365,7.076653815443951,7.222566018822171,6.144185634125646,5.545177444479562,5.634789603169249,5.513428746164983,5.1647859739235145,5.327876168789581,4.574710978503383,4.219507705176107,3.7612001156935615,4.007333185232471,3.828641396489095,3.8712010109078903,4.158883083359672,3.688879454113936,3.8918202981106265,3.970291913552122,3.610917912644224,3.688879454113936,3.8712010109078903,3.951243718581428,4.574710978503383,3.80666248977032,3.784189633918261,3.9318256327243257,3.912023005428146,3.6635616461296463,3.6375861597263857,3.9318256327243257,3.912023005428146,4.07753744390572,4.343805421853684,3.58351893845611,4.110873864173311,3.9318256327243257,4.31748811353631,3.784189633918261,3.9889840465642745,3.6375861597263857,3.4339872044851463,3.828641396489095,3.610917912644224,3.5263605246161616,3.4657359027997265,3.58351893845611,3.8712010109078903,4.158883083359672,2.995732273553991
4.804021044733257,9.883131772279054,9.141740280483926,7.672292455628756,6.698268054115413,6.519147287940395,6.272877006546167,5.793013608384144,5.204006687076795,5.327876168789581,5.25227342804663,5.267858159063328,5.049856007249537,5.2574953720277815,5.068904202220232,4.852030263919617,4.836281906951478,4.532599493153256,4.90527477843843,4.983606621708336,4.605170185988092,4.7535901911063645,4.804021044733257,4.605170185988092,4.795790545596741,4.276666119016055,4.770684624465665,4.394449154672439,4.672828834461906,4.553876891600541,4.060443010546419,4.382026634673881,4.442651256490317,4.499809670330265,3.784189633918261,4.394449154672439,4.219507705176107,6.874198495453294,6.1224928095143865,5.3706380281276624,4.919980925828125,4.882801922586371,4.804021044733257,4.158883083359672,4.418840607796598,4.276666119016055,4.174387269895637,3.8918202981106265,4.672828834461906,4.127134385045092,4.304065093204169,4.770684624465665,4.430816798843313,3.912023005428146,4.04305126783455,4.158883083359672,4.060443010546419,4.290459441148391,5.2832037287379885,3.8712010109078903
7.177782416195197,6.715383386334681,6.782192056006791,6.944087208229528,7.149916836132109,6.617402977974478,6.572282542694008,6.715383386334681,6.5998704992128365,7.0431599159883405,6.865891074883439,7.243512974665482,6.8690144506657065,6.86484777797086,7.124478262493424,6.895682697747868,6.9865664594064265,7.1284959456800365,7.44716835960004,6.881411303642535,6.837332814685591,6.731018100482083,6.6293632534374485,6.897704943128636,7.097548850614793,7.261927092702751,6.837332814685591,6.723832440821209,6.814542897259958,6.580639137284949,6.71174039505618,6.923628628138427,7.671826797878781,7.027314514039777,6.590301048196686,6.746412128573375,6.492239835020471,6.535241271013659,6.824373670043086,7.133295954896068,6.639875833826536,6.487684018484611,6.706862336602747,6.42648845745769,6.536691597591305,6.777646593635117,7.177782416195197,6.82001636467413,6.666956792429207,6.612041034833092,6.626717749249025,6.706862336602747,6.54965074223381,6.990256500493881,7.0431599159883405,6.985641817639208,7.083387847625295,7.109062135687172,7.036148493750536,6.79794041297493
4.912654885736052,4.68213122712422,4.574710978503383,4.442651256490317,4.418840607796598,5.4510384535657,4.812184355372417,4.736198448394496,4.23410650459726,4.653960350157523,4.61512051684126,4.762173934797756,4.442651256490317,4.709530201312334,4.3694478524670215,4.564348191467836,4.248495242049359,4.5217885770490405,4.634728988229636,4.3694478524670215,4.605170185988092,4.919980925828125,4.418840607796598,4.343805421853684,4.6443908991413725,4.3694478524670215,4.204692619390966,5.293304824724492,4.762173934797756,4.51085950651685,4.189654742026425,4.532599493153256,4.499809670330265,4.394449154672439,4.584967478670572,4.605170185988092,4.663439094112067,4.356708826689592,4.204692619390966,4.770684624465665,4.394449154672439,4.553876891600541,4.3694478524670215,4.574710978503383,4.804021044733257,4.624972813284271,4.31748811353631,4.382026634673881,4.343805421853684,4.418840607796598,4.343805421853684,5.529429087511423,4.955827057601261,4.718498871295094,4.543294782270004,4.6443908991413725,4.584967478670572,5.147494476813453,4.795790545596741,4.859812404361672
1.9459101490553128,1.0986122886681096,1.0986122886681096,1.791759469228055,2.079441541679836,1.6094379124341005,1.6094379124341005,0.0,1.791759469228055,1.0986122886681096,1.791759469228055,1.6094379124341005,1.3862943611198906,1.3862943611198906,1.0986122886681096,0.6931471805599453,1.791759469228055,2.302585092994046,0.0,1.9459101490553128,1.3862943611198906,1.3862943611198906,1.6094379124341005,2.4849066497880004,2.995732273553991,2.4849066497880004,1.0986122886681096,1.9459101490553128,1.9459101490553128,1.3862943611198906,1.9459101490553128,2.302585092994046,1.6094379124341005,1.791759469228055,1.3862943611198906,0.6931471805599453,1.3862943611198906,1.0986122886681096,2.5649493574615367,1.6094379124341005,1.3862943611198906,0.6931471805599453,1.791759469228055,1.6094379124341005,2.3978952727983707,2.079441541679836,2.3978952727983707,0.6931471805599453,2.5649493574615367,2.079441541679836,1.9459101490553128,1.9459101490553128,1.9459101490553128,2.079441541679836,0.0,1.3862943611198906,1.791759469228055,2.3978952727983707,2.5649493574615367,2.639057329615259
4.605170185988092,4.672828834461906,5.2832037287379885,7.477038472319696,5.730099782973575,4.624972813284271,4.465908118654584,4.276666119016055,6.318968113746434,5.062595033026967,4.875197323201151,4.465908118654584,5.030437921392435,4.51085950651685,4.394449154672439,4.343805421853684,4.584967478670572,4.605170185988092,4.770684624465665,4.691347882229144,4.465908118654584,4.07753744390572,3.6635616461296463,4.07753744390572,4.262679877041316,4.276666119016055,4.430816798843313,3.912023005428146,4.875197323201151,4.110873864173311,6.023447592961033,5.159055299214529,5.003946305945459,4.465908118654584,4.276666119016055,6.2878585601617845,4.290459441148391,4.382026634673881,4.290459441148391,6.539585955617669,5.1298987149230735,4.882801922586371,4.867534450455582,5.111987788356544,5.71042701737487,5.723585101952381,6.059123195581797,4.51085950651685,4.77912349311153,4.248495242049359,4.804021044733257,4.770684624465665,8.26796230533871,6.269096283706261,6.226536669287466,5.564520407322694,5.308267697401205,5.37989735354046,5.099866427824199,4.663439094112067
3.1354942159291497,2.302585092994046,2.19722457733622,1.9459101490553128,2.833213344056216,2.8903717578961645,2.9444389791664403,2.3978952727983707,2.639057329615259,2.772588722239781,2.19722457733622,2.19722457733622,2.5649493574615367,2.70805020110221,2.4849066497880004,2.302585092994046,2.302585092994046,2.5649493574615367,2.079441541679836,2.4849066497880004,2.3978952727983707,2.8903717578961645,3.044522437723423,2.70805020110221,2.19722457733622,2.302585092994046,3.044522437723423,3.218875824868201,2.639057329615259,2.302585092994046,2.639057329615259,2.302585092994046,2.772588722239781,2.3978952727983707,2.3978952727983707,2.4849066497880004,2.079441541679836,2.5649493574615367,2.639057329615259,1.791759469228055,2.302585092994046,2.079441541679836,2.5649493574615367,2.639057329615259,2.639057329615259,2.639057329615259,2.3978952727983707,2.4849066497880004,2.772588722239781,2.5649493574615367,2.302585092994046,2.3978952727983707,2.3978952727983707,2.079441541679836,2.5649493574615367,2.5649493574615367,3.218875824868201,2.19722457733622,2.079441541679836,1.6094379124341005
1.3862943611198906,0.6931471805599453,1.9459101490553128,0.6931471805599453,0.6931471805599453,0.6931471805599453,0.0,0.6931471805599453,1.0986122886681096,0.0,1.0986122886681096,0.6931471805599453,2.079441541679836,1.3862943611198906,1.3862943611198906,0.6931471805599453,0.0,0.6931471805599453,1.0986122886681096,0.6931471805599453,1.6094379124341005,1.3862943611198906,0.0,0.0,0.0,1.3862943611198906,1.0986122886681096,1.3862943611198906,0.6931471805599453,1.0986122886681096,1.0986122886681096,1.9459101490553128,0.0,0.6931471805599453,1.3862943611198906,1.791759469228055,0.0,1.3862943611198906,1.0986122886681096,1.0986122886681096,0.0,1.3862943611198906,1.3862943611198906,0.0,0.6931471805599453,2.079441541679836,0.0,0.6931471805599453,0.0,1.0986122886681096,1.0986122886681096,1.0986122886681096,0.0,0.6931471805599453,1.0986122886681096,0.6931471805599453,0.0,0.6931471805599453,0.6931471805599453,0.0
8.0959035329611,8.060855752934316,8.302761580704049,8.43771698991444,8.585599224080298,8.85879510585745,8.246171559857563,7.974188669286011,8.081475040137052,8.1786387885907,8.392083380373393,8.51919119407891,8.281470857895167,8.193123721512068,8.11552088154677,8.08886878916199,8.311398278436641,8.608860379942062,8.721113147762688,8.351846738828245,8.29853954537488,8.399760094524142,8.368925174747135,8.337348564497175,8.36730010184162,8.604837701268284,8.282988692742602,8.150179269682326,8.181440695719374,8.163086375583216,8.108021221376747,8.374015421739909,8.463581421967588,8.233768709217097,8.175829008714597,8.108623268354595,8.113726085970747,8.109224953089955,8.339500903005945,8.462737005620179,8.22121009392507,8.201111644442758,8.229244416735913,8.237743803890933,8.264878262801748,8.498418036089904,8.644354337032917,8.432070937999402,8.550627967502475,8.846784666945227,8.93748122841604,8.96264794774056,9.283497892593909,9.791102421941336,9.947408739594056,9.310276200588785,9.02749867993534,8.854807632616227,8.741935464094144,8.673512945671192
6.752270376141742,6.54534966033442,6.705639094860003,6.8690144506657065,6.55250788703459,6.668228248417403,6.436150368369428,6.198478716492308,6.198478716492308,6.71901315438526,8.80792062205398,7.587817219993427,7.072421900537371,6.82001636467413,6.448889394146858,6.234410725718371,6.608000625296087,6.739336627357174,6.558197802812269,7.445417556701687,6.150602768446279,6.1092475827643655,6.052089168924417,6.1675164908883415,6.393590753950631,6.161207321695077,6.612041034833092,6.102558594613569,6.284134161070802,6.059123195581797,6.246106765481563,6.559615237493242,6.476972362889683,6.2166061010848646,6.115892125483034,6.131226489483141,6.261491684321042,6.666956792429207,6.811244378601294,6.899723107284872,6.561030665896573,6.476972362889683,6.410174881966167,6.375024819828097,6.729824070489475,6.813444599510896,6.580639137284949,6.29156913955832,6.2422232654551655,6.206575926724928,7.931284761525891,6.812345094177479,6.927557906278317,6.945051063725834,6.419994928147142,6.338594078203183,6.39024066706535,6.47543271670409,7.256297239690681,6.787844982309579
7.959275960116396,8.056109659545061,7.440733707389261,7.125283091510712,7.038783541388542,6.885509670034818,6.570882962339584,6.236369590203704,6.234410725718371,6.29156913955832,6.052089168924417,6.335054251498059,6.246106765481563,6.293419278846481,6.315358001522335,6.228511003591184,6.369900982828227,6.297109319933935,6.212606095751519,6.222576268071369,5.902633333401366,6.045005314036012,6.22455842927536,6.0867747269123065,5.998936561946683,5.84354441703136,5.659482215759621,5.968707559985366,5.8944028342648505,5.869296913133774,6.20455776256869,6.131226489483141,6.150602768446279,6.025865973825314,5.855071922202427,5.71042701737487,5.963579343618446,6.107022887742255,5.902633333401366,5.783825182329737,5.8971538676367405,5.730099782973575,5.659482215759621,5.560681631015528,5.855071922202427,5.771441123130016,5.521460917862246,5.41610040220442,5.521460917862246,5.7430031878094825,5.468060141135132,5.560681631015528,5.3612921657094255,5.476463551931511,5.572154032177765,5.4638318050256105,5.351858133476067,5.730099782973575,5.703782474656201,5.680172609017068
7.289610521451167,7.145196134997171,6.948897222313312,6.746412128573375,7.198931240688173,7.392031567514591,7.41336733569524,7.497761700622568,7.471363088187097,7.1770187659099,6.776506992372183,7.147559271189454,7.471363088187097,7.52294091807237,7.450660796211539,7.392647520721623,7.125283091510712,6.763884908562435,7.133295954896068,7.450079569807499,7.4413203897176174,7.362010551259734,7.596392304064196,7.198183577101943,6.683360945766275,7.263329617476836,7.4205789054108,7.478169694159785,7.418180822726788,7.389563953677635,6.932447891572509,6.7580945044277305,7.1631723908466425,7.539027055823995,7.355001921105257,7.358193752733032,7.195187320178709,6.939253946041508,6.638567789166521,6.994849985833071,7.319202458767849,7.31986492980897,7.233455418621439,7.229113877793302,6.715383386334681,6.487684018484611,7.620705086838262,7.122866658599083,7.026426808699636,6.778784897685177,6.60934924316738,6.171700597410915,5.75890177387728,5.802118375377063,6.013715156042802,6.46302945692067,6.633318433280377,6.634633357861686,6.502790045915623,6.037870919922137
3.295836866004329,5.1647859739235145,4.927253685157205,2.995732273553991,4.02535169073515,4.248495242049359,2.70805020110221,3.1780538303479458,3.044522437723423,2.5649493574615367,2.8903717578961645,3.555348061489413,3.332204510175204,2.639057329615259,2.70805020110221,2.8903717578961645,2.302585092994046,2.5649493574615367,3.49650756146648,2.639057329615259,3.044522437723423,2.8903717578961645,3.58351893845611,2.772588722239781,3.5263605246161616,2.5649493574615367,3.295836866004329,4.04305126783455,4.127134385045092,2.772588722239781,3.295836866004329,3.258096538021482,3.8712010109078903,4.204692619390966,2.8903717578961645,3.044522437723423,2.639057329615259,2.995732273553991,3.258096538021482,3.258096538021482,3.713572066704308,3.218875824868201,3.1780538303479458,3.8918202981106265,3.9889840465642745,3.688879454113936,3.58351893845611,2.9444389791664403,3.1780538303479458,3.1780538303479458,3.332204510175204,4.143134726391533,3.1354942159291497,3.6635616461296463,3.332204510175204,4.343805421853684,3.737669618283368,3.5263605246161616,3.80666248977032,3.6375861597263857
4.890349128221754,4.584967478670572,4.787491742782046,4.718498871295094,4.762173934797756,4.8283137373023015,4.962844630259907,4.691347882229144,4.663439094112067,4.499809670330265,4.770684624465665,5.1298987149230735,4.77912349311153,4.74493212836325,4.875197323201151,4.941642422609304,4.812184355372417,4.672828834461906,4.762173934797756,4.897839799950911,4.770684624465665,4.820281565605037,4.795790545596741,4.532599493153256,4.574710978503383,4.859812404361672,4.727387818712341,4.795790545596741,4.6443908991413725,4.59511985013459,4.770684624465665,4.653960350157523,4.867534450455582,5.153291594497779,4.844187086458591,4.6443908991413725,4.882801922586371,4.736198448394496,4.430816798843313,4.727387818712341,4.553876891600541,4.836281906951478,4.882801922586371,4.624972813284271,4.736198448394496,4.330733340286331,4.700480365792417,4.7535901911063645,4.836281906951478,4.787491742782046,4.77912349311153,4.605170185988092,4.672828834461906,4.553876891600541,4.709530201312334,4.68213122712422,4.762173934797756,4.736198448394496,4.875197323201151,4.787491742782046
2.079441541679836,2.5649493574615367,1.791759469228055,2.302585092994046,1.791759469228055,3.091042453358316,1.0986122886681096,2.3978952727983707,1.791759469228055,1.9459101490553128,1.791759469228055,1.9459101490553128,2.079441541679836,2.4849066497880004,2.079441541679836,2.3978952727983707,1.6094379124341005,1.6094379124341005,2.19722457733622,1.6094379124341005,1.9459101490553128,2.70805020110221,2.302585092994046,2.302585092994046,1.9459101490553128,2.4849066497880004,2.5649493574615367,1.791759469228055,1.6094379124341005,2.079441541679836,1.0986122886681096,1.0986122886681096,1.6094379124341005,2.5649493574615367,2.3978952727983707,1.0986122886681096,2.302585092994046,2.5649493574615367,2.079441541679836,1.3862943611198906,2.302585092994046,2.5649493574615367,2.079441541679836,2.5649493574615367,2.5649493574615367,2.639057329615259,2.19722457733622,1.791759469228055,2.3978952727983707,2.639057329615259,2.079441541679836,2.3978952727983707,1.0986122886681096,2.302585092994046,1.791759469228055,1.9459101490553128,1.9459101490553128,2.639057329615259,2.4849066497880004,2.70805020110221
7.734121303328305,7.929126487306799,7.871692664323645,7.703459047867175,8.066207568006263,8.615408238913192,9.515543058145951,10.780704760424143,9.98562038207465,9.418735700941484,8.95660873889395,8.663542087751374,8.74623928838306,8.604287898267172,8.404919948933452,8.294299608857235,7.983781068977451,8.01862546504575,7.938802248154481,8.118802996980035,8.07961802938984,7.968665700466235,7.813995675002791,7.567862605463882,7.541683099882111,7.540621528657152,7.711996507047669,7.583247524303362,7.532623618788788,7.414572881350589,7.25063551189868,6.97166860472579,7.084226422097916,7.242082359256962,7.252053951852813,7.2115567333138015,7.126890808898808,7.109062135687172,7.044032897274685,6.911747300251674,7.170888478512505,7.1631723908466425,7.162397497355718,6.960347729101308,6.946975992135418,6.844815479208263,6.920671504248683,7.172424577124845,7.176254532017144,6.933423025730715,6.790097235513905,6.738152494595957,6.373319789577012,6.331501849893691,6.863803391452954,6.907755278982137,6.997595982981927,6.90875477931522,7.044905117129371,6.513230110912307
3.4339872044851463,3.1354942159291497,3.49650756146648,3.1354942159291497,3.6375861597263857,3.737669618283368,3.295836866004329,3.4339872044851463,3.49650756146648,2.70805020110221,3.044522437723423,3.258096538021482,3.5263605246161616,3.332204510175204,3.4011973816621555,3.58351893845611,3.4011973816621555,3.1354942159291497,3.332204510175204,3.4657359027997265,3.4339872044851463,3.295836866004329,3.49650756146648,4.127134385045092,3.258096538021482,2.8903717578961645,3.295836866004329,3.737669618283368,3.713572066704308,3.044522437723423,3.332204510175204,3.295836866004329,3.295836866004329,3.7612001156935615,3.295836866004329,3.4657359027997265,3.6375861597263857,2.772588722239781,3.091042453358316,3.295836866004329,3.4657359027997265,3.555348061489413,3.218875824868201,2.995732273553991,3.1780538303479458,3.1780538303479458,3.367295829986474,3.784189633918261,3.610917912644224,3.7612001156935615,3.6375861597263857,3.044522437723423,3.295836866004329,5.953243334287785,3.688879454113936,3.5263605246161616,3.6635616461296463,3.5263605246161616,3.367295829986474,3.4011973816621555
1.9459101490553128,1.9459101490553128,2.302585092994046,2.302585092994046,1.791759469228055,2.4849066497880004,1.791759469228055,2.3978952727983707,1.0986122886681096,1.6094379124341005,2.079441541679836,1.9459101490553128,1.0986122886681096,2.19722457733622,2.079441541679836,2.302585092994046,1.9459101490553128,1.9459101490553128,1.9459101490553128,2.5649493574615367,2.5649493574615367,1.0986122886681096,2.19722457733622,2.302585092994046,2.079441541679836,2.19722457733622,1.9459101490553128,2.079441541679836,2.3978952727983707,2.639057329615259,2.3978952727983707,2.19722457733622,2.5649493574615367,1.791759469228055,2.19722457733622,4.060443010546419,3.7612001156935615,3.713572066704308,2.995732273553991,2.8903717578961645,2.302585092994046,2.302585092994046,3.49650756146648,3.367295829986474,2.833213344056216,3.295836866004329,2.70805020110221,2.8903717578961645,2.772588722239781,2.8903717578961645,2.5649493574615367,3.091042453358316,2.3978952727983707,2.833213344056216,2.302585092994046,2.302585092994046,2.5649493574615367,2.4849066497880004,2.833213344056216,2.4849066497880004
1.6094379124341005,1.791759469228055,0.6931471805599453,0.0,1.0986122886681096,1.0986122886681096,1.0986122886681096,1.0986122886681096,0.0,0.0,0.6931471805599453,1.6094379124341005,0.0,1.3862943611198906,0.0,0.0,1.791759469228055,0.0,1.0986122886681096,0.0,0.0,0.6931471805599453,1.0986122886681096,0.6931471805599453,1.3862943611198906,1.0986122886681096,1.791759469228055,1.3862943611198906,0.0,0.6931471805599453,1.0986122886681096,1.3862943611198906,0.0,0.0,0.0,0.6931471805599453,1.0986122886681096,0.0,1.3862943611198906,3.5263605246161616,4.262679877041316,4.143134726391533,4.736198448394496,3.218875824868201,3.737669618283368,2.4849066497880004,2.19722457733622,4.007333185232471,2.302585092994046,2.19722457733622,2.19722457733622,1.3862943611198906,2.079441541679836,2.079441541679836,1.9459101490553128,1.0986122886681096,1.3862943611198906,1.0986122886681096,1.3862943611198906,1.0986122886681096
2.8903717578961645,2.9444389791664403,2.3978952727983707,2.302585092994046,2.8903717578961645,2.3978952727983707,2.3978952727983707,2.079441541679836,2.302585092994046,2.5649493574615367,2.19722457733622,2.5649493574615367,2.772588722239781,2.9444389791664403,2.9444389791664403,2.9444389791664403,3.367295829986474,2.4849066497880004,2.19722457733622,3.044522437723423,2.70805020110221,2.70805020110221,4.804021044733257,2.9444389791664403,2.8903717578961645,2.70805020110221,3.4339872044851463,3.091042453358316,3.295836866004329,3.295836866004329,2.8903717578961645,3.044522437723423,3.610917912644224,2.995732273553991,2.995732273553991,2.9444389791664403,3.091042453358316,3.5263605246161616,3.044522437723423,3.218875824868201,2.8903717578961645,4.060443010546419,4.262679877041316,3.044522437723423,3.218875824868201,2.70805020110221,2.70805020110221,2.4849066497880004,2.833213344056216,3.258096538021482,1.791759469228055,2.833213344056216,2.8903717578961645,1.9459101490553128,3.4011973816621555,2.772588722239781,2.833213344056216,3.828641396489095,3.295836866004329,3.218875824868201
6.690842277418564,6.432940092739179,6.543911845564792,6.654152520183219,6.799055862058796,6.650279048587422,6.851184927493743,6.617402977974478,6.519147287940395,6.745236349484362,6.630683385642372,6.620073206530356,6.338594078203183,6.363028103540465,6.436150368369428,6.313548046277095,6.576469569048224,6.62273632394984,6.763884908562435,6.3818160174060985,6.436150368369428,6.373319789577012,6.280395838960195,6.226536669287466,6.2766434893416445,6.539585955617669,6.20455776256869,6.313548046277095,6.516193076042964,6.401917196727186,6.304448802421981,6.674561391814426,6.920671504248683,6.669498089857879,6.633318433280377,6.507277712385012,6.487684018484611,6.39024066706535,6.516193076042964,6.661854740545311,6.455198563340122,6.403574197934815,6.376726947898627,6.467698726104354,6.565264970035361,6.6052979209482015,6.683360945766275,6.570882962339584,6.546785410760524,6.529418838262226,6.704414354964107,6.943122422819428,6.84587987526405,6.882437470997847,7.643003635560718,7.251344983372214,7.260522598089852,7.2868764117507,7.426549072397305,7.045776576879511
7.090076835776092,7.16703787691222,6.906754778648554,6.501289670540389,6.655440350367647,7.150701457592526,7.272398392570047,7.074963197966044,7.026426808699636,6.872128101338986,6.306275286948016,6.621405651764134,7.132497551660044,7.141245122350491,7.261225091971921,7.1569563646156364,6.836259277277067,6.498282149476434,6.723832440821209,7.15305163493748,7.121252453244542,7.10085190894405,7.081708586105576,6.824373670043086,6.208590026096629,6.595780513961311,7.039660349862076,7.057036981697891,7.102499355774649,7.010311867307229,6.74993119378857,6.2422232654551655,6.504288173536645,7.060476365999801,7.037027614686276,7.119635638017636,6.955592608396297,6.744059186311348,6.448889394146858,6.704414354964107,7.360103972989152,7.216709486709457,7.175489713624222,7.168579897264035,6.826545223556594,6.361302477572996,6.642486801367256,7.010311867307229,6.968850378341948,6.946975992135418,6.883462586413092,6.529418838262226,5.849324779946859,6.228511003591184,6.285998094508865,6.804614520062624,6.833031732786201,6.787844982309579,6.675823221634848,6.173786103901937
5.916202062607435,5.652489180268651,5.575949103146316,5.676753802268282,5.955837369464831,5.476463551931511,5.459585514144159,5.220355825078325,5.429345628954441,5.786897381366708,5.793013608384144,5.857933154483459,5.676753802268282,5.424950017481403,5.484796933490655,5.135798437050262,5.262690188904886,5.44673737166631,5.41164605185504,5.605802066295998,5.459585514144159,5.337538079701318,5.25227342804663,5.241747015059643,5.41610040220442,5.455321115357702,5.272999558563747,5.225746673713202,5.19295685089021,5.093750200806762,5.198497031265826,5.513428746164983,5.572154032177765,5.241747015059643,5.225746673713202,5.056245805348308,5.393627546352361,5.075173815233827,5.356586274672012,5.37989735354046,5.241747015059643,5.25227342804663,5.342334251964811,5.123963979403259,5.1298987149230735,5.236441962829949,5.3706380281276624,5.537334267018537,5.236441962829949,5.5053315359323625,5.5053315359323625,5.288267030694535,5.099866427824199,5.272999558563747,5.262690188904886,5.342334251964811,5.393627546352361,5.424950017481403,5.3981627015177525,5.3230099791384085
2.70805020110221,2.3978952727983707,2.9444389791664403,2.8903717578961645,2.995732273553991,2.5649493574615367,2.302585092994046,2.3978952727983707,2.4849066497880004,2.995732273553991,2.995732273553991,3.49650756146648,2.5649493574615367,2.772588722239781,1.9459101490553128,2.8903717578961645,2.8903717578961645,3.1354942159291497,3.688879454113936,3.332204510175204,2.079441541679836,2.70805020110221,2.8903717578961645,3.218875824868201,3.258096538021482,2.995732273553991,2.995732273553991,3.1354942159291497,3.1780538303479458,2.19722457733622,2.3978952727983707,1.791759469228055,3.258096538021482,2.833213344056216,2.4849066497880004,3.218875824868201,3.58351893845611,2.3978952727983707,2.639057329615259,3.4011973816621555,2.639057329615259,2.639057329615259,3.1780538303479458,2.4849066497880004,3.218875824868201,2.70805020110221,3.091042453358316,1.3862943611198906,2.639057329615259,3.044522437723423,3.091042453358316,2.772588722239781,3.091042453358316,3.4011973816621555,3.970291913552122,3.58351893845611,3.258096538021482,3.4011973816621555,3.4339872044851463,3.6635616461296463
0.0,0.0,0.0,0.0,0.0,0.0,0.0,0.0,0.0,0.0,0.0,0.0,0.0,0.0,0.0,0.0,0.0,0.0,0.0,0.0,0.0,0.0,0.0,0.0,0.0,0.0,0.0,0.0,0.0,0.0,0.0,0.0,0.0,0.0,0.0,0.0,0.0,0.0,0.0,0.0,0.0,0.0,0.0,0.0,0.0,0.0,0.0,0.0,0.0,0.0,0.0,0.0,0.0,0.0,0.0,0.0,0.0,0.0,0.0,0.0
2.079441541679836,3.295836866004329,3.5263605246161616,2.833213344056216,2.772588722239781,2.4849066497880004,2.772588722239781,2.5649493574615367,2.639057329615259,2.3978952727983707,3.091042453358316,1.9459101490553128,2.3978952727983707,2.079441541679836,2.70805020110221,2.079441541679836,2.079441541679836,1.9459101490553128,2.079441541679836,1.3862943611198906,2.639057329615259,2.302585092994046,1.9459101490553128,2.302585092994046,2.9444389791664403,2.19722457733622,2.079441541679836,1.6094379124341005,1.6094379124341005,1.6094379124341005,1.791759469228055,3.044522437723423,2.639057329615259,2.833213344056216,2.3978952727983707,2.5649493574615367,2.5649493574615367,2.639057329615259,2.3978952727983707,2.995732273553991,2.70805020110221,2.302585092994046,2.4849066497880004,2.302585092994046,2.8903717578961645,2.995732273553991,1.9459101490553128,2.8903717578961645,2.3978952727983707,2.772588722239781,3.555348061489413,2.833213344056216,3.1354942159291497,3.610917912644224,1.6094379124341005,3.367295829986474,2.8903717578961645,2.639057329615259,2.079441541679836,2.4849066497880004
8.923324744067562,7.348587530927593,6.795705775173515,7.569411792450712,7.704361167910313,6.434546518787453,6.481577129276431,5.988961416889864,5.752572638825633,6.208590026096629,6.903747257584598,7.05617528410041,6.541029999189903,6.333279628139691,6.013715156042802,5.7745515455444085,6.068425588244111,6.248042874508429,7.525639975041535,7.863266724009573,6.856461984594587,6.415096959171596,6.364750756851911,6.385194398997726,7.716906135298388,7.698029170272805,7.340835554123275,6.548219102762372,6.501289670540389,6.345636360828596,6.400257445308821,6.618738983517219,6.856461984594587,6.625392368007956,6.705639094860003,7.039660349862076,6.633318433280377,6.523562306149512,6.579251212010101,7.545389749611823,6.784457062637643,6.539585955617669,6.974478911025045,6.293419278846481,6.588926477533519,7.563200592358071,7.107425474110705,6.880384082186005,6.75110146893676,6.513230110912307,6.068425588244111,6.584791392385716,6.338594078203183,7.458186157340487,6.171700597410915,7.114769448366463,7.685703061234547,7.487173694213739,7.862497197230545,6.736966958001855
2.19722457733622,2.19722457733622,1.6094379124341005,1.791759469228055,1.791759469228055,1.6094379124341005,2.3978952727983707,1.8718021769015916,0.6931471805599453,1.0986122886681096,1.6094379124341005,1.3862943611198906,2.19722457733622,1.0986122886681096,1.0986122886681096,2.079441541679836,1.0986122886681096,1.3862943611198906,1.791759469228055,1.0986122886681096,2.079441541679836,1.0986122886681096,1.0986122886681096,1.0986122886681096,1.9459101490553128,1.791759469228055,1.6094379124341005,1.6094379124341005,1.6094379124341005,1.0986122886681096,1.6094379124341005,1.791759469228055,1.3862943611198906,1.6094379124341005,1.0986122886681096,1.0986122886681096,1.0986122886681096,1.3862943611198906,2.19722457733622,1.6094379124341005,1.0986122886681096,1.3862943611198906,1.6094379124341005,1.3862943611198906,0.6931471805599453,1.791759469228055,1.6094379124341005,1.9459101490553128,1.0986122886681096,0.6931471805599453,1.791759469228055,1.6094379124341005,1.791759469228055,0.6931471805599453,1.3862943611198906,2.302585092994046,1.6094379124341005,1.6094379124341005,1.6094379124341005,1.0986122886681096
5.476463551931511,4.859812404361672,4.61512051684126,4.804021044733257,5.181783550292085,6.285998094508865,4.718498871295094,4.564348191467836,5.030437921392435,5.147494476813453,4.969813299576001,4.90527477843843,4.543294782270004,4.709530201312334,6.313548046277095,6.295266001439646,4.844187086458591,4.962844630259907,4.890349128221754,4.653960350157523,5.14166355650266,5.2574953720277815,4.6443908991413725,4.990432586778736,5.3471075307174685,5.993961427306569,5.5093883366279774,5.662960480135946,8.718009330846357,6.635946555686647,6.042632833682381,5.3981627015177525,5.525452939131784,4.7535901911063645,4.997212273764115,5.3706380281276624,4.672828834461906,4.454347296253507,4.7535901911063645,5.0369526024136295,4.23410650459726,4.584967478670572,5.3981627015177525,5.209486152841421,5.062595033026967,4.787491742782046,4.762173934797756,4.634728988229636,4.882801922586371,5.924255797414532,5.60947179518496,4.543294782270004,4.454347296253507,4.68213122712422,5.0369526024136295,4.5217885770490405,4.6443908991413725,4.584967478670572,4.820281565605037,4.74493212836325
4.31748811353631,5.147494476813453,4.605170185988092,4.356708826689592,4.127134385045092,4.5217885770490405,4.6443908991413725,4.795790545596741,4.356708826689592,4.23410650459726,4.007333185232471,3.9889840465642745,4.02535169073515,4.700480365792417,4.941642422609304,4.248495242049359,4.736198448394496,4.51085950651685,5.153291594497779,5.613128106388071,4.867534450455582,4.691347882229144,4.465908118654584,4.787491742782046,4.454347296253507,4.48863636973214,5.455321115357702,5.529429087511423,5.480638923341991,5.389071729816501,5.010635294096256,5.455321115357702,6.222576268071369,5.840641657373398,5.676753802268282,5.953243334287785,5.808142489980444,5.802118375377063,5.641907070938114,5.5053315359323625,5.501258210544727,7.109879463072272,7.827240901752812,7.731492029245684,7.480992162869525,7.353081920515432,7.199678345691172,7.795646536334594,9.062999784077473,8.11522197256233,7.520776415062797,7.392647520721623,6.821107472256465,6.606650186198215,6.317164686747284,6.340359303727752,5.955837369464831,5.707110264748875,5.717027701406222,5.71042701737487
1.0986122886681096,0.6931471805599453,0.6931471805599453,1.791759469228055,0.6931471805599453,0.0,1.0986122886681096,1.0986122886681096,0.6931471805599453,1.0986122886681096,1.3862943611198906,0.6931471805599453,1.3862943611198906,1.3862943611198906,1.6094379124341005,0.0,0.0,1.3862943611198906,0.0,0.0,0.6931471805599453,1.3862943611198906,0.6931471805599453,0.6931471805599453,1.3862943611198906,0.0,1.0986122886681096,2.302585092994046,2.079441541679836,1.6094379124341005,0.0,1.791759469228055,0.0,1.3862943611198906,1.3862943611198906,1.0986122886681096,0.6931471805599453,1.3862943611198906,1.3862943611198906,0.6931471805599453,0.6931471805599453,0.0,1.0986122886681096,1.0986122886681096,1.3862943611198906,1.3862943611198906,0.0,1.0986122886681096,1.3862943611198906,0.0,0.6931471805599453,1.791759469228055,1.3862943611198906,0.0,1.3862943611198906,0.6931471805599453,1.6094379124341005,1.6094379124341005,1.0986122886681096,1.3862943611198906
6.391917113392602,6.333279628139691,6.289715570908998,6.111467339502679,6.461468176353717,6.410174881966167,6.282266746896006,6.018593214496234,6.326149473155099,6.327936783729195,6.16541785423142,6.230481447578482,6.326149473155099,6.315358001522335,6.284134161070802,6.481577129276431,6.356107660695892,6.113682179832232,6.173786103901937,6.249975242259483,6.3578422665081,6.1675164908883415,6.054439346269371,6.159095388491933,6.0867747269123065,6.238324625039508,6.375024819828097,6.298949246855942,6.289715570908998,6.169610732491456,6.20455776256869,5.916202062607435,6.135564891081739,6.413458957167357,6.400257445308821,6.295266001439646,6.401917196727186,6.261491684321042,6.049733455231958,6.218600119691729,6.6052979209482015,6.448889394146858,6.464588303689961,6.338594078203183,6.3080984415095305,6.18826412308259,6.218600119691729,6.519147287940395,6.47543271670409,6.453624998892692,6.317164686747284,6.214608098422191,6.102558594613569,6.063785208687608,6.366470447731438,6.530877627725885,6.473890696352274,6.566672429803241,6.543911845564792,6.249975242259483
6.838405200847344,7.4205789054108,8.48301573961465,7.967973179662935,6.93828448401696,7.8636512654486515,7.629489916393995,7.164720378771857,7.095064377287131,6.723832440821209,5.796057750765372,5.796057750765372,5.802118375377063,5.5909869805108565,5.521460917862246,5.424950017481403,5.41610040220442,5.720311776607412,5.963579343618446,5.501258210544727,5.468060141135132,5.662960480135946,5.497168225293202,5.579729825986222,5.37989735354046,5.631211781821365,5.3981627015177525,5.389071729816501,6.056784013228625,6.040254711277414,5.501258210544727,5.605802066295998,5.493061443340548,5.159055299214529,5.356586274672012,5.351858133476067,5.648974238161206,5.541263545158426,5.37989735354046,5.521460917862246,5.407171771460119,5.298317366548036,5.241747015059643,5.327876168789581,5.332718793265369,5.723585101952381,5.568344503761097,5.545177444479562,5.3471075307174685,5.241747015059643,5.5053315359323625,5.703782474656201,6.063785208687608,5.60947179518496,5.278114659230518,5.43372200355424,5.2832037287379885,5.786897381366708,5.332718793265369,5.3612921657094255
3.9889840465642745,4.219507705176107,4.394449154672439,4.406719247264253,4.532599493153256,4.158883083359672,4.343805421853684,4.158883083359672,4.532599493153256,5.641907070938114,6.028278520230698,5.288267030694535,5.0369526024136295,4.990432586778736,5.648974238161206,5.099866427824199,4.795790545596741,4.691347882229144,4.77912349311153,4.430816798843313,4.248495242049359,4.31748811353631,4.465908118654584,4.007333185232471,4.454347296253507,4.74493212836325,4.110873864173311,3.951243718581428,3.9318256327243257,5.10594547390058,4.31748811353631,4.110873864173311,4.584967478670572,4.23410650459726,4.060443010546419,4.127134385045092,4.330733340286331,4.143134726391533,3.951243718581428,4.127134385045092,4.07753744390572,4.343805421853684,4.007333185232471,4.060443010546419,4.290459441148391,4.700480365792417,4.584967478670572,4.248495242049359,3.688879454113936,4.007333185232471,4.189654742026425,4.189654742026425,4.204692619390966,4.51085950651685,4.356708826689592,3.9889840465642745,4.219507705176107,4.406719247264253,4.060443010546419,4.532599493153256
2.772588722239781,2.079441541679836,2.19722457733622,2.5649493574615367,2.772588722239781,2.5649493574615367,2.70805020110221,2.079441541679836,1.9459101490553128,2.8903717578961645,2.639057329615259,2.302585092994046,2.079441541679836,3.5263605246161616,2.772588722239781,2.302585092994046,2.3978952727983707,2.079441541679836,1.9459101490553128,2.639057329615259,1.791759469228055,1.9459101490553128,2.3978952727983707,2.8903717578961645,3.4011973816621555,2.772588722239781,3.1780538303479458,2.8903717578961645,3.091042453358316,2.5649493574615367,1.6094379124341005,2.8903717578961645,1.3862943611198906,1.9459101490553128,2.5649493574615367,2.8903717578961645,2.8903717578961645,2.70805020110221,2.5649493574615367,1.9459101490553128,2.302585092994046,2.3978952727983707,2.5649493574615367,2.079441541679836,2.639057329615259,2.3978952727983707,2.772588722239781,3.044522437723423,2.70805020110221,2.4849066497880004,2.302585092994046,2.833213344056216,2.3978952727983707,2.4849066497880004,2.995732273553991,2.19722457733622,2.772588722239781,2.639057329615259,2.70805020110221,2.8903717578961645
2.3978952727983707,2.079441541679836,1.791759469228055,2.302585092994046,2.19722457733622,2.079441541679836,1.9459101490553128,1.9459101490553128,2.19722457733622,1.3862943611198906,2.302585092994046,1.3862943611198906,0.6931471805599453,1.791759469228055,2.19722457733622,2.5649493574615367,1.791759469228055,1.791759469228055,1.0986122886681096,2.302585092994046,1.9459101490553128,1.3862943611198906,1.6094379124341005,1.791759469228055,2.079441541679836,1.791759469228055,1.6094379124341005,2.079441541679836,2.302585092994046,2.079441541679836,1.0986122886681096,1.6094379124341005,2.079441541679836,1.791759469228055,1.6094379124341005,1.791759469228055,1.6094379124341005,2.302585092994046,1.791759469228055,2.079441541679836,2.5649493574615367,1.9459101490553128,1.791759469228055,1.9459101490553128,1.3862943611198906,1.3862943611198906,1.3862943611198906,2.3978952727983707,1.9459101490553128,2.302585092994046,2.4849066497880004,1.9459101490553128,2.772588722239781,1.3862943611198906,1.791759469228055,1.6094379124341005,1.9459101490553128,2.079441541679836,0.6931471805599453,2.3978952727983707
4.5217885770490405,3.4657359027997265,3.332204510175204,3.295836866004329,3.044522437723423,4.02535169073515,3.912023005428146,3.1354942159291497,4.727387818712341,3.258096538021482,3.258096538021482,3.4339872044851463,2.8903717578961645,3.332204510175204,3.332204510175204,3.688879454113936,3.8918202981106265,3.951243718581428,3.828641396489095,3.912023005428146,3.688879454113936,3.80666248977032,3.58351893845611,4.23410650459726,3.688879454113936,3.970291913552122,3.737669618283368,3.9318256327243257,3.737669618283368,3.737669618283368,3.951243718581428,3.6375861597263857,3.49650756146648,4.02535169073515,4.007333185232471,3.713572066704308,3.1354942159291497,3.4339872044851463,3.80666248977032,3.5263605246161616,3.7612001156935615,3.5263605246161616,3.912023005428146,4.04305126783455,3.784189633918261,3.970291913552122,3.9889840465642745,3.58351893845611,3.4339872044851463,3.49650756146648,3.49650756146648,2.9444389791664403,3.044522437723423,3.367295829986474,3.295836866004329,3.044522437723423,2.9444389791664403,2.5649493574615367,2.833213344056216,2.8903717578961645
0.0,0.0,0.0,0.0,0.0,0.0,0.0,0.0,6.4457198193855785,7.138073034044347,8.09376775793108,7.951911381854188,7.479864131165026,6.96979066990159,7.790282380703483,7.595889917718538,7.0925737159746784,6.970730078143525,6.542471960506805,6.190315405853148,6.131226489483141,6.001414877961151,5.780743515792329,5.594711379601839,5.598421958998375,5.886104031450156,5.717027701406222,7.158513997329321,6.139884552226255,4.955827057601261,4.727387818712341,5.017279836814924,4.634728988229636,5.602118820879701,5.476463551931511,4.499809670330265,4.23410650459726,4.418840607796598,5.262690188904886,5.267858159063328,4.718498871295094,5.010635294096256,4.564348191467836,4.948759890378168,4.564348191467836,6.248042874508429,6.3080984415095305,4.804021044733257,4.189654742026425,4.5217885770490405,4.543294782270004,6.555356891810665,5.937536205082426,5.351858133476067,5.484796933490655,4.983606621708336,4.912654885736052,5.267858159063328,4.787491742782046,4.820281565605037
0.0,0.6931471805599453,0.0,0.0,0.6931471805599453,0.6931471805599453,0.0,0.0,0.0,0.0,0.0,3.58351893845611,7.43543801981455,6.059123195581797,4.174387269895637,3.555348061489413,2.9444389791664403,3.1354942159291497,2.9444389791664403,2.19722457733622,2.302585092994046,1.3862943611198906,2.19722457733622,1.9459101490553128,2.079441541679836,2.079441541679836,1.3862943611198906,1.0986122886681096,2.19722457733622,1.6094379124341005,1.0986122886681096,1.6094379124341005,1.9459101490553128,1.0986122886681096,1.6094379124341005,1.0986122886681096,1.9459101490553128,0.6931471805599453,1.3862943611198906,1.9459101490553128,1.791759469228055,1.3862943611198906,1.3862943611198906,1.0986122886681096,0.6931471805599453,0.6931471805599453,1.6094379124341005,0.0,1.0986122886681096,3.091042453358316,2.079441541679836,0.6931471805599453,0.6931471805599453,1.0986122886681096,1.3862943611198906,1.0986122886681096,1.0986122886681096,1.791759469228055,1.0986122886681096,1.0986122886681096
2.079441541679836,2.302585092994046,2.302585092994046,1.791759469228055,2.302585092994046,2.4849066497880004,3.713572066704308,3.091042453358316,2.9444389791664403,2.3978952727983707,2.772588722239781,2.833213344056216,2.5649493574615367,2.302585092994046,2.19722457733622,2.772588722239781,2.19722457733622,3.044522437723423,2.302585092994046,3.332204510175204,3.4011973816621555,2.3978952727983707,2.4849066497880004,2.772588722239781,3.091042453358316,2.833213344056216,2.19722457733622,2.833213344056216,3.218875824868201,2.639057329615259,2.772588722239781,2.833213344056216,2.639057329615259,1.9459101490553128,2.3978952727983707,2.772588722239781,3.295836866004329,2.70805020110221,2.079441541679836,2.639057329615259,2.3978952727983707,2.079441541679836,2.079441541679836,2.4849066497880004,2.639057329615259,2.772588722239781,3.5263605246161616,2.70805020110221,2.833213344056216,2.5649493574615367,2.5649493574615367,1.9459101490553128,2.639057329615259,2.639057329615259,2.19722457733622,2.302585092994046,2.5649493574615367,2.5649493574615367,3.091042453358316,3.1354942159291497
5.598421958998375,5.209486152841421,5.225746673713202,4.941642422609304,5.170483995038151,5.181783550292085,5.14166355650266,4.709530201312334,5.288267030694535,5.204006687076795,5.075173815233827,5.087596335232384,5.170483995038151,5.332718793265369,5.043425116919247,5.1647859739235145,5.384495062789089,4.983606621708336,4.962844630259907,5.293304824724492,5.298317366548036,5.135798437050262,4.74493212836325,5.117993812416755,5.087596335232384,6.118097198041348,5.429345628954441,5.389071729816501,5.497168225293202,5.5093883366279774,5.3230099791384085,5.010635294096256,5.170483995038151,5.303304908059076,5.181783550292085,5.356586274672012,5.424950017481403,5.225746673713202,5.318119993844216,6.161207321695077,5.513428746164983,5.407171771460119,5.384495062789089,6.3080984415095305,5.762051382780177,5.181783550292085,5.0238805208462765,5.313205979041787,5.19295685089021,5.209486152841421,5.82600010738045,5.220355825078325,5.135798437050262,5.093750200806762,5.631211781821365,5.998936561946683,6.572282542694008,5.857933154483459,5.7745515455444085,6.669498089857879
5.402677381872279,6.18826412308259,6.061456918928017,5.19295685089021,5.236441962829949,5.752572638825633,5.652489180268651,5.583496308781699,5.627621113690637,5.726847747587197,5.135798437050262,4.330733340286331,5.5093883366279774,5.945420608606575,5.703782474656201,5.529429087511423,5.886104031450156,5.153291594497779,4.7535901911063645,5.594711379601839,5.579729825986222,6.018593214496234,4.941642422609304,4.867534450455582,4.007333185232471,4.127134385045092,3.9318256327243257,3.7612001156935615,3.295836866004329,3.1354942159291497,4.564348191467836,3.1780538303479458,2.3978952727983707,3.555348061489413,3.258096538021482,3.49650756146648,2.995732273553991,3.1354942159291497,2.9444389791664403,2.70805020110221,3.4011973816621555,3.80666248977032,3.218875824868201,2.639057329615259,2.4849066497880004,2.639057329615259,2.833213344056216,3.555348061489413,2.9444389791664403,2.70805020110221,2.772588722239781,2.4849066497880004,2.4849066497880004,2.19722457733622,2.3978952727983707,2.9444389791664403,2.3978952727983707,3.258096538021482,2.995732273553991,2.19722457733622
3.58351893845611,3.8712010109078903,3.6635616461296463,4.007333185232471,3.6635616461296463,3.8712010109078903,3.8712010109078903,3.8712010109078903,4.174387269895637,3.713572066704308,3.58351893845611,3.9318256327243257,3.332204510175204,4.007333185232471,3.49650756146648,3.713572066704308,3.49650756146648,3.7612001156935615,3.951243718581428,4.007333185232471,3.7612001156935615,4.02535169073515,3.784189633918261,3.6635616461296463,3.713572066704308,4.02535169073515,4.02535169073515,3.367295829986474,3.8501476017100575,3.610917912644224,3.6375861597263857,3.80666248977032,4.127134385045092,3.951243718581428,3.8712010109078903,3.555348061489413,3.5263605246161616,3.332204510175204,3.784189633918261,3.688879454113936,3.610917912644224,3.784189633918261,3.688879454113936,3.737669618283368,3.58351893845611,3.7612001156935615,3.912023005428146,3.218875824868201,3.8712010109078903,3.49650756146648,3.828641396489095,3.912023005428146,3.737669618283368,3.713572066704308,3.8501476017100575,4.330733340286331,3.951243718581428,3.8918202981106265,4.0943445622221,4.04305126783455
0.6931471805599453,0.6931471805599453,0.6931471805599453,0.6931471805599453,0.6931471805599453,0.6931471805599453,0.6931471805599453,0.6931471805599453,0.6931471805599453,0.6931471805599453,0.6931471805599453,0.6931471805599453,0.6931471805599453,0.6931471805599453,0.6931471805599453,0.6931471805599453,0.6931471805599453,0.6931471805599453,0.6931471805599453,0.6931471805599453,0.6931471805599453,0.6931471805599453,0.6931471805599453,0.6931471805599453,0.6931471805599453,0.6931471805599453,0.6931471805599453,0.6931471805599453,0.6931471805599453,0.6931471805599453,0.6931471805599453,0.6931471805599453,0.6931471805599453,0.6931471805599453,0.6931471805599453,0.6931471805599453,0.6931471805599453,0.6931471805599453,0.6931471805599453,0.6931471805599453,0.6931471805599453,0.6931471805599453,0.6931471805599453,0.6931471805599453,0.6931471805599453,0.6931471805599453,0.6931471805599453,0.6931471805599453,0.6931471805599453,0.6931471805599453,0.6931471805599453,0.6931471805599453,0.6931471805599453,0.6931471805599453,0.6931471805599453,0.6931471805599453,0.6931471805599453,0.6931471805599453,0.6931471805599453,0.6931471805599453
5.459585514144159,5.429345628954441,5.407171771460119,6.444131256700441,5.805134968916488,5.666426688112432,5.537334267018537,5.575949103146316,5.049856007249537,5.25227342804663,5.3706380281276624,5.971261839790462,5.8664680569332965,5.730099782973575,5.1298987149230735,5.236441962829949,5.247024072160486,5.846438775057724,6.501289670540389,6.695798917058491,5.521460917862246,5.225746673713202,5.476463551931511,5.389071729816501,6.255750041753367,6.100318952020064,5.541263545158426,5.288267030694535,5.327876168789581,4.934473933130692,5.030437921392435,5.389071729816501,5.442417710521793,5.556828061699537,5.480638923341991,5.204006687076795,5.135798437050262,5.420534999272286,5.69035945432406,5.700443573390686,5.420534999272286,5.262690188904886,5.389071729816501,5.068904202220232,5.225746673713202,5.3706380281276624,5.638354669333745,5.337538079701318,5.2832037287379885,5.293304824724492,5.583496308781699,5.771441123130016,5.501258210544727,7.005789019253503,7.212294468500341,6.8679744089702925,7.455876687491824,6.79794041297493,6.285998094508865,6.023447592961033
3.1780538303479458,3.332204510175204,3.737669618283368,3.367295829986474,3.295836866004329,4.31748811353631,3.258096538021482,3.1354942159291497,3.4011973816621555,4.304065093204169,3.80666248977032,3.737669618283368,3.8501476017100575,3.5263605246161616,3.5263605246161616,3.367295829986474,3.091042453358316,3.4339872044851463,3.218875824868201,4.110873864173311,3.367295829986474,3.258096538021482,3.58351893845611,3.091042453358316,3.555348061489413,3.713572066704308,3.737669618283368,3.9318256327243257,3.4011973816621555,4.672828834461906,3.828641396489095,3.4011973816621555,2.995732273553991,3.1780538303479458,3.1780538303479458,3.295836866004329,3.332204510175204,3.6635616461296463,4.04305126783455,4.174387269895637,3.58351893845611,3.7612001156935615,3.784189633918261,3.332204510175204,3.1354942159291497,3.258096538021482,3.1780538303479458,3.258096538021482,3.218875824868201,3.332204510175204,4.356708826689592,3.4339872044851463,4.248495242049359,3.1780538303479458,4.276666119016055,4.442651256490317,3.295836866004329,3.295836866004329,3.1354942159291497,5.236441962829949
7.142827401161621,7.352441100243583,7.219642040130735,7.215975002651466,7.232733136177615,6.98100574072173,7.01211529430638,6.8416154764775925,6.838405200847344,7.002155954403621,7.215239978730097,7.293017679772782,7.017506142941256,7.032624261028007,6.99117688712121,6.928537818164665,6.884486652042782,7.090909822079984,7.030857476116121,6.890609120147166,6.759255270663693,7.101675971619444,6.875232087276577,6.872128101338986,7.090909822079984,7.109062135687172,6.897704943128636,6.84587987526405,6.839476438228843,6.8501261661455,6.976348070447749,7.108244139731541,7.257707677160043,7.133295954896068,6.9865664594064265,6.975413927455952,6.977281341630747,6.992096427415888,7.138073034044347,7.242797922793756,7.052721049232323,7.090909822079984,7.033506484287697,6.961296045910167,7.062191632286556,7.124478262493424,7.38025578842646,7.207118856207756,7.1308988302963465,7.232010331664759,7.216709486709457,7.294377299288821,7.247080584585756,7.398174092970465,7.245655067594535,7.330405211844402,7.313886831633462,7.259116128097101,7.27931883541462,6.954638864880987
1.6094379124341005,1.3862943611198906,1.6094379124341005,1.6094379124341005,1.791759469228055,1.6094379124341005,1.791759469228055,2.302585092994046,1.6094379124341005,1.3862943611198906,1.791759469228055,0.6931471805599453,1.0986122886681096,1.3862943611198906,1.6094379124341005,1.6094379124341005,0.6931471805599453,1.0986122886681096,0.6931471805599453,1.6094379124341005,1.3862943611198906,0.6931471805599453,1.3862943611198906,1.0986122886681096,0.6931471805599453,1.791759469228055,2.079441541679836,1.3862943611198906,0.6931471805599453,0.6931471805599453,0.6931471805599453,0.6931471805599453,1.9459101490553128,1.0986122886681096,1.3862943611198906,1.3862943611198906,0.6931471805599453,0.6931471805599453,0.6931471805599453,1.0986122886681096,1.6094379124341005,0.6931471805599453,1.0986122886681096,1.3862943611198906,1.0986122886681096,1.0986122886681096,1.3862943611198906,1.6094379124341005,1.9459101490553128,1.3862943611198906,0.6931471805599453,1.0986122886681096,1.3862943611198906,1.6094379124341005,1.252762968495368,0.6931471805599453,1.9459101490553128,1.791759469228055,1.0986122886681096,1.6094379124341005
2.079441541679836,1.6094379124341005,2.302585092994046,1.9459101490553128,1.0986122886681096,1.6094379124341005,1.0986122886681096,1.6094379124341005,1.6094379124341005,0.6931471805599453,2.079441541679836,2.8903717578961645,1.0986122886681096,0.6931471805599453,1.9459101490553128,1.3862943611198906,1.6094379124341005,1.9459101490553128,1.6094379124341005,1.6094379124341005,1.791759469228055,1.3862943611198906,1.9459101490553128,2.19722457733622,2.3978952727983707,1.0986122886681096,2.079441541679836,1.9459101490553128,1.9459101490553128,1.9459101490553128,2.19722457733622,1.6094379124341005,1.0986122886681096,1.791759469228055,1.3862943611198906,1.0986122886681096,1.3862943611198906,1.6094379124341005,1.9459101490553128,1.6094379124341005,1.3862943611198906,0.6931471805599453,0.6931471805599453,1.6094379124341005,1.9459101490553128,1.3862943611198906,1.6094379124341005,0.0,1.3862943611198906,1.0986122886681096,2.302585092994046,1.791759469228055,1.9459101490553128,1.6094379124341005,1.791759469228055,1.791759469228055,2.3978952727983707,1.791759469228055,1.791759469228055,1.791759469228055
1.791759469228055,2.3978952727983707,2.079441541679836,2.19722457733622,1.9459101490553128,2.079441541679836,2.302585092994046,1.6094379124341005,1.9459101490553128,1.791759469228055,1.3862943611198906,1.6094379124341005,1.6094379124341005,1.3862943611198906,1.791759469228055,1.791759469228055,1.3862943611198906,1.9459101490553128,1.9459101490553128,1.6094379124341005,1.3862943611198906,1.6094379124341005,1.6094379124341005,1.6094379124341005,1.3862943611198906,2.079441541679836,1.0986122886681096,2.3978952727983707,1.3862943611198906,1.3862943611198906,1.791759469228055,1.0986122886681096,2.079441541679836,1.6094379124341005,1.9459101490553128,1.3862943611198906,1.0986122886681096,1.3862943611198906,1.0986122886681096,1.0986122886681096,1.6094379124341005,1.791759469228055,1.3862943611198906,1.0986122886681096,1.3862943611198906,1.3862943611198906,1.6094379124341005,1.791759469228055,1.0986122886681096,1.0986122886681096,0.0,1.791759469228055,1.3862943611198906,1.3862943611198906,2.079441541679836,1.791759469228055,1.6094379124341005,2.079441541679836,1.0986122886681096,1.9459101490553128
6.962243464266207,6.9865664594064265,7.038783541388542,7.155396301896734,7.214504414151143,7.011213987350367,6.953684210870537,6.822197390620491,6.97914527506881,7.1846291527173145,7.1891677384203225,7.231287004327616,6.904750769961838,6.849066282633458,6.997595982981927,6.9865664594064265,7.199678345691172,7.479299637782834,7.56164174558878,7.174724309836376,7.254884810077338,7.273786317844895,7.284820912568604,7.311218384419629,7.502186486602925,7.56164174558878,7.336936913707618,7.142036574706803,7.069874128458572,6.985641817639208,7.007600613951853,7.176254532017144,7.189922170745808,7.052721049232323,7.085064293952548,7.119635638017636,6.833031732786201,6.8690144506657065,7.029972911706386,7.216709486709457,6.894670039433482,6.802394763324311,6.895682697747868,7.083387847625295,6.9865664594064265,7.194436851100335,7.29641326877392,7.220373836723949,7.153833801578843,7.080026499922591,7.1049654482698426,7.115582126184454,7.343426229147367,7.488852955733459,7.313886831633462,7.21890970761906,7.216709486709457,7.407924322559599,7.233455418621439,7.210079628170788
1.9459101490553128,1.6094379124341005,1.791759469228055,2.079441541679836,2.079441541679836,1.6094379124341005,1.791759469228055,1.9459101490553128,1.3862943611198906,2.19722457733622,1.6094379124341005,0.6931471805599453,1.0986122886681096,1.0986122886681096,1.9459101490553128,0.6931471805599453,1.0986122886681096,2.302585092994046,0.6931471805599453,1.791759469228055,0.6931471805599453,1.0986122886681096,1.0986122886681096,1.0986122886681096,1.0986122886681096,0.6931471805599453,1.6094379124341005,1.0986122886681096,1.0986122886681096,1.0986122886681096,2.079441541679836,1.3862943611198906,0.6931471805599453,1.0986122886681096,0.6931471805599453,1.0986122886681096,1.0986122886681096,1.9459101490553128,2.19722457733622,2.079441541679836,1.9459101490553128,1.791759469228055,1.7047480922384253,1.6094379124341005,1.791759469228055,2.079441541679836,0.6931471805599453,2.302585092994046,1.791759469228055,1.6094379124341005,0.6931471805599453,1.0986122886681096,1.791759469228055,1.3862943611198906,1.6094379124341005,1.9459101490553128,2.302585092994046,1.0986122886681096,1.3862943611198906,1.791759469228055
4.07753744390572,3.970291913552122,4.290459441148391,5.030437921392435,4.248495242049359,3.970291913552122,3.7612001156935615,3.091042453358316,3.80666248977032,4.23410650459726,3.8501476017100575,3.8918202981106265,4.343805421853684,3.8712010109078903,3.332204510175204,4.110873864173311,3.6375861597263857,3.951243718581428,4.290459441148391,3.555348061489413,3.4011973816621555,3.044522437723423,3.58351893845611,3.4339872044851463,4.356708826689592,3.7612001156935615,3.295836866004329,3.044522437723423,2.9444389791664403,3.4657359027997265,3.258096538021482,3.295836866004329,3.610917912644224,2.70805020110221,3.1780538303479458,2.70805020110221,3.1354942159291497,4.219507705176107,4.465908118654584,3.828641396489095,3.828641396489095,3.1354942159291497,2.995732273553991,2.70805020110221,3.295836866004329,3.784189633918261,3.1354942159291497,2.995732273553991,3.5263605246161616,3.091042453358316,3.295836866004329,3.737669618283368,4.219507705176107,4.51085950651685,4.143134726391533,4.04305126783455,4.859812404361672,4.143134726391533,3.828641396489095,3.8501476017100575
1.3862943611198906,1.0986122886681096,1.0986122886681096,1.0986122886681096,0.6931471805599453,1.0986122886681096,1.3862943611198906,1.0986122886681096,0.0,1.0986122886681096,0.0,1.3862943611198906,0.6931471805599453,1.3862943611198906,1.6094379124341005,1.0986122886681096,1.0986122886681096,1.0986122886681096,1.3862943611198906,1.3862943611198906,1.0986122886681096,1.0986122886681096,0.6931471805599453,2.3978952727983707,1.6094379124341005,1.3862943611198906,0.6931471805599453,1.0986122886681096,1.3862943611198906,1.791759469228055,0.6931471805599453,0.0,0.6931471805599453,1.6094379124341005,0.0,0.6931471805599453,1.0986122886681096,1.0986122886681096,0.6931471805599453,0.6931471805599453,1.6094379124341005,1.3862943611198906,0.6931471805599453,1.6094379124341005,0.6931471805599453,1.0986122886681096,1.0986122886681096,1.6094379124341005,1.3862943611198906,0.6931471805599453,1.0986122886681096,1.791759469228055,1.3862943611198906,1.791759469228055,1.3862943611198906,0.6931471805599453,0.6931471805599453,0.6931471805599453,1.9459101490553128,0.0
1.3862943611198906,2.5649493574615367,2.9444389791664403,1.9459101490553128,3.218875824868201,3.218875824868201,3.044522437723423,3.091042453358316,2.4849066497880004,2.639057329615259,2.995732273553991,2.772588722239781,3.091042453358316,2.833213344056216,2.5649493574615367,2.079441541679836,2.5649493574615367,2.3978952727983707,2.70805020110221,2.302585092994046,2.4849066497880004,2.5649493574615367,2.5649493574615367,2.639057329615259,1.6094379124341005,2.4849066497880004,2.079441541679836,2.079441541679836,1.791759469228055,2.079441541679836,2.4849066497880004,2.4849066497880004,1.6094379124341005,2.079441541679836,1.9459101490553128,1.791759469228055,2.772588722239781,2.3978952727983707,1.791759469228055,1.791759469228055,1.9459101490553128,2.079441541679836,3.4011973816621555,2.302585092994046,2.079441541679836,2.5649493574615367,2.4849066497880004,2.19722457733622,2.8903717578961645,2.8903717578961645,2.079441541679836,2.079441541679836,2.079441541679836,2.4849066497880004,2.4849066497880004,2.9444389791664403,1.9459101490553128,2.5649493574615367,2.19722457733622,0.6931471805599453
3.737669618283368,4.060443010546419,3.970291913552122,3.688879454113936,4.143134726391533,3.9318256327243257,3.80666248977032,3.610917912644224,3.5263605246161616,3.49650756146648,3.555348061489413,3.951243718581428,3.8501476017100575,3.555348061489413,3.9318256327243257,3.5263605246161616,3.555348061489413,3.8501476017100575,3.970291913552122,3.367295829986474,3.6635616461296463,3.828641396489095,3.4657359027997265,3.6375861597263857,3.8918202981106265,3.784189633918261,3.828641396489095,4.02535169073515,3.7612001156935615,3.9318256327243257,3.970291913552122,3.737669618283368,4.060443010546419,3.8501476017100575,3.80666248977032,4.204692619390966,3.610917912644224,3.912023005428146,4.007333185232471,3.8501476017100575,3.8501476017100575,3.6635616461296463,3.784189633918261,3.6375861597263857,3.970291913552122,3.8501476017100575,3.8918202981106265,3.5263605246161616,3.7612001156935615,3.9889840465642745,3.713572066704308,3.610917912644224,3.912023005428146,3.80666248977032,4.007333185232471,4.356708826689592,3.970291913552122,3.6375861597263857,3.713572066704308,3.332204510175204
3.1354942159291497,1.791759469228055,2.4849066497880004,1.9459101490553128,2.639057329615259,3.737669618283368,1.0986122886681096,1.791759469228055,2.4849066497880004,2.5649493574615367,2.4849066497880004,1.0986122886681096,2.70805020110221,2.3978952727983707,2.833213344056216,2.3978952727983707,2.772588722239781,2.3978952727983707,2.3978952727983707,2.3978952727983707,1.6094379124341005,2.4849066497880004,2.19722457733622,2.772588722239781,3.5263605246161616,2.19722457733622,2.4849066497880004,1.791759469228055,2.302585092994046,2.3978952727983707,2.639057329615259,2.833213344056216,2.4849066497880004,2.70805020110221,2.5649493574615367,2.3978952727983707,1.791759469228055,2.5649493574615367,2.3978952727983707,2.19722457733622,3.044522437723423,2.302585092994046,1.9459101490553128,2.079441541679836,2.3978952727983707,2.3978952727983707,2.079441541679836,2.3978952727983707,3.1354942159291497,2.079441541679836,1.3862943611198906,1.9459101490553128,2.5649493574615367,1.791759469228055,3.091042453358316,3.091042453358316,2.302585092994046,2.079441541679836,2.5649493574615367,2.772588722239781
0.0,0.0,0.0,0.0,0.0,0.0,0.0,0.0,0.0,0.0,0.0,0.0,0.0,0.0,0.0,0.0,0.0,0.0,0.0,0.0,0.0,0.0,0.0,0.0,0.0,0.0,0.0,0.0,0.0,0.0,0.0,0.0,0.0,0.0,0.0,0.0,0.0,0.0,0.0,0.0,0.0,0.0,0.0,0.0,0.0,0.0,0.0,0.0,0.0,0.0,0.0,0.0,0.0,0.0,0.0,0.0,0.0,0.0,0.0,0.0
3.49650756146648,3.49650756146648,2.772588722239781,2.19722457733622,2.70805020110221,3.1354942159291497,3.4011973816621555,3.610917912644224,3.58351893845611,2.833213344056216,2.995732273553991,2.995732273553991,3.4339872044851463,3.688879454113936,4.290459441148391,3.828641396489095,3.1354942159291497,3.044522437723423,3.367295829986474,2.639057329615259,3.5263605246161616,2.8903717578961645,2.3978952727983707,3.4011973816621555,3.258096538021482,2.3978952727983707,3.332204510175204,2.70805020110221,3.218875824868201,2.4849066497880004,2.639057329615259,2.772588722239781,2.772588722239781,3.58351893845611,3.1780538303479458,1.791759469228055,2.5649493574615367,2.3978952727983707,2.4849066497880004,3.044522437723423,3.49650756146648,2.8903717578961645,3.737669618283368,3.4657359027997265,2.833213344056216,2.8903717578961645,2.995732273553991,2.9444389791664403,3.091042453358316,2.772588722239781,2.70805020110221,2.4849066497880004,2.302585092994046,1.3862943611198906,2.639057329615259,2.833213344056216,2.70805020110221,3.218875824868201,2.995732273553991,2.70805020110221
6.113682179832232,6.361302477572996,6.184148890937483,6.682108597449809,6.548219102762372,6.018593214496234,6.059123195581797,6.336825731146441,6.226536669287466,6.210600077024653,6.52649485957079,6.385194398997726,6.018593214496234,6.180016653652572,5.976350909297934,6.20455776256869,6.302618975744905,6.47543271670409,6.396929655216146,6.0112671744041615,5.940171252720432,6.0063531596017325,5.945420608606575,6.226536669287466,6.45833828334479,6.368187186350492,6.059123195581797,5.991464547107982,6.001414877961151,5.940171252720432,6.095824562432225,6.513230110912307,6.226536669287466,5.87493073085203,5.924255797414532,5.916202062607435,5.986452005284438,6.154858094016418,6.56244409369372,6.393590753950631,6.021023349349527,5.8971538676367405,5.978885764901122,5.8944028342648505,6.2166061010848646,6.621405651764134,6.408528791059498,6.082218910376446,6.021023349349527,6.082218910376446,6.1463292576688975,6.366470447731438,7.032624261028007,7.1049654482698426,6.920671504248683,6.6240652277998935,6.720220155135295,6.608000625296087,6.815639990074331,7.270312886079025
6.021023349349527,4.897839799950911,4.867534450455582,5.081404364984463,5.075173815233827,5.14166355650266,5.241747015059643,4.955827057601261,4.770684624465665,4.962844630259907,4.844187086458591,4.770684624465665,4.934473933130692,5.081404364984463,4.990432586778736,6.030685260261263,5.176149732573829,5.402677381872279,5.068904202220232,4.997212273764115,4.605170185988092,5.087596335232384,6.013715156042802,5.267858159063328,5.056245805348308,5.298317366548036,5.262690188904886,5.1647859739235145,4.976733742420574,4.941642422609304,4.804021044733257,4.875197323201151,5.170483995038151,4.990432586778736,5.288267030694535,5.288267030694535,5.267858159063328,5.25227342804663,4.770684624465665,5.10594547390058,4.890349128221754,5.099866427824199,4.418840607796598,5.123963979403259,6.0112671744041615,5.075173815233827,5.170483995038151,6.056784013228625,5.342334251964811,5.384495062789089,4.875197323201151,4.867534450455582,5.1647859739235145,5.099866427824199,5.0238805208462765,5.407171771460119,5.049856007249537,4.875197323201151,5.298317366548036,4.997212273764115
5.942799375126701,6.238324625039508,6.135564891081739,5.83773044716594,6.061456918928017,6.424869023905388,6.6052979209482015,6.442540166468199,6.628041376179533,6.282266746896006,6.0112671744041615,6.263398262591624,6.593044534142437,6.476972362889683,6.483107351457199,6.295266001439646,6.226536669287466,5.877735781779639,6.173786103901937,6.410174881966167,6.386879319362645,6.418364935936212,6.234410725718371,6.20050917404269,5.8111409929767,6.180016653652572,6.473890696352274,6.361302477572996,6.270988431858299,6.12029741895095,6.028278520230698,5.68697535633982,5.948034989180646,6.1463292576688975,6.163314804034641,6.054439346269371,5.883322388488279,5.828945617610208,5.793013608384144,6.129050210060545,6.1224928095143865,6.118097198041348,5.929589143389895,5.91350300563827,5.337538079701318,4.61512051684126,5.017279836814924,5.075173815233827,5.247024072160486,5.828945617610208,5.099866427824199,4.927253685157205,4.430816798843313,4.262679877041316,4.890349128221754,4.90527477843843,4.927253685157205,4.812184355372417,4.605170185988092,4.31748811353631
2.995732273553991,2.4849066497880004,2.8903717578961645,2.079441541679836,2.5649493574615367,4.418840607796598,2.772588722239781,2.3978952727983707,2.19722457733622,2.772588722239781,3.49650756146648,2.4849066497880004,2.833213344056216,2.4849066497880004,2.995732273553991,1.791759469228055,2.639057329615259,2.19722457733622,2.4849066497880004,2.3978952727983707,2.079441541679836,2.302585092994046,2.302585092994046,3.610917912644224,3.9318256327243257,2.8903717578961645,3.6375861597263857,3.737669618283368,2.3978952727983707,2.19722457733622,2.9444389791664403,3.555348061489413,4.31748811353631,3.1780538303479458,2.3978952727983707,2.5649493574615367,2.70805020110221,3.1354942159291497,3.784189633918261,4.304065093204169,3.737669618283368,3.688879454113936,2.5649493574615367,3.044522437723423,2.9444389791664403,2.19722457733622,3.218875824868201,3.091042453358316,2.70805020110221,4.276666119016055,3.1354942159291497,3.1354942159291497,2.3978952727983707,2.8903717578961645,3.091042453358316,2.70805020110221,2.8903717578961645,2.772588722239781,2.833213344056216,2.70805020110221
2.302585092994046,2.19722457733622,1.9459101490553128,2.19722457733622,2.19722457733622,2.302585092994046,2.302585092994046,1.791759469228055,2.4849066497880004,2.079441541679836,2.639057329615259,2.19722457733622,1.9459101490553128,2.4849066497880004,2.3978952727983707,2.833213344056216,2.19722457733622,2.3978952727983707,2.833213344056216,2.3978952727983707,2.3978952727983707,2.079441541679836,2.5649493574615367,2.4849066497880004,3.091042453358316,2.079441541679836,2.3978952727983707,2.3978952727983707,2.5649493574615367,2.772588722239781,2.70805020110221,2.70805020110221,2.4849066497880004,2.3978952727983707,2.5649493574615367,2.8903717578961645,2.70805020110221,2.4849066497880004,2.833213344056216,2.079441541679836,2.4849066497880004,2.19722457733622,2.19722457733622,2.70805020110221,2.772588722239781,3.044522437723423,2.70805020110221,4.007333185232471,2.9444389791664403,2.302585092994046,2.833213344056216,2.995732273553991,2.5649493574615367,2.9444389791664403,2.3978952727983707,2.70805020110221,3.4011973816621555,3.7612001156935615,2.772588722239781,2.772588722239781
4.653960350157523,4.454347296253507,4.691347882229144,4.709530201312334,4.700480365792417,5.402677381872279,4.330733340286331,4.158883083359672,4.624972813284271,5.41164605185504,4.442651256490317,4.442651256490317,4.04305126783455,5.043425116919247,4.290459441148391,4.795790545596741,4.543294782270004,4.584967478670572,4.02535169073515,4.276666119016055,4.465908118654584,4.59511985013459,4.983606621708336,5.081404364984463,4.77912349311153,4.23410650459726,4.262679877041316,4.51085950651685,4.543294782270004,4.48863636973214,5.220355825078325,5.365976015021851,4.653960350157523,4.04305126783455,5.010635294096256,5.375278407684165,6.0112671744041615,4.51085950651685,4.158883083359672,4.59511985013459,4.51085950651685,4.330733340286331,4.189654742026425,4.304065093204169,4.382026634673881,4.564348191467836,4.430816798843313,5.313205979041787,5.723585101952381,5.420534999272286,5.123963979403259,5.1647859739235145,4.304065093204169,4.23410650459726,4.553876891600541,4.406719247264253,4.624972813284271,4.7535901911063645,4.762173934797756,8.474703139795285
0.0,0.0,0.0,0.0,0.0,0.0,0.0,0.0,0.0,0.0,0.0,0.0,0.0,0.0,0.0,0.0,0.0,0.0,0.0,0.0,0.0,0.0,0.0,0.0,0.0,0.0,0.0,3.737669618283368,2.772588722239781,8.919586920999915,8.098946748943339,9.625029474611878,9.023890304598448,8.920121751872404,8.189244525735901,9.320986892063246,9.353574540062093,8.871505346165781,9.109414453386222,8.431417414394833,9.304741047397666,8.95712413640568,7.436617265234227,8.716535732544495,8.747352077624353,9.479603858903946,8.954802752850968,8.742414582525413,8.607033895416027,8.88723835429314,8.696008608880904,9.435322232564031,9.393078508655352,5.497168225293202,8.699848026000312,7.89989532313973,9.421897054038473,8.98281222234415,8.025516386489008,7.475905969367397
4.882801922586371,5.003946305945459,4.919980925828125,4.700480365792417,4.700480365792417,4.859812404361672,4.787491742782046,4.74493212836325,4.804021044733257,4.820281565605037,4.74493212836325,4.948759890378168,4.820281565605037,4.718498871295094,5.159055299214529,4.875197323201151,4.736198448394496,5.429345628954441,4.836281906951478,5.135798437050262,4.532599493153256,5.176149732573829,5.579729825986222,5.14166355650266,4.804021044733257,4.663439094112067,5.068904202220232,4.997212273764115,4.983606621708336,5.010635294096256,4.709530201312334,5.14166355650266,4.976733742420574,4.882801922586371,5.402677381872279,4.919980925828125,5.062595033026967,4.795790545596741,5.10594547390058,5.14166355650266,4.882801922586371,5.19295685089021,4.844187086458591,5.081404364984463,5.638354669333745,4.890349128221754,5.093750200806762,4.969813299576001,5.3981627015177525,5.407171771460119,5.0238805208462765,4.955827057601261,4.90527477843843,4.852030263919617,5.241747015059643,4.875197323201151,4.795790545596741,5.231108616854587,4.77912349311153,5.068904202220232
6.646390514847729,6.364750756851911,6.035481432524756,5.799092654460526,5.996452088619021,6.682108597449809,6.75343791859778,6.888572459565364,6.670766320845874,6.016157159698354,5.560681631015528,5.4638318050256105,6.052089168924417,6.102558594613569,6.220590170099739,6.111467339502679,5.820082930352362,5.081404364984463,5.556828061699537,5.602118820879701,6.111467339502679,5.513428746164983,5.365976015021851,5.187385805840755,4.700480365792417,5.010635294096256,5.062595033026967,4.672828834461906,4.532599493153256,4.875197323201151,4.700480365792417,4.343805421853684,4.304065093204169,4.700480365792417,4.394449154672439,4.564348191467836,4.48863636973214,4.330733340286331,3.80666248977032,4.543294782270004,4.454347296253507,4.5217885770490405,3.970291913552122,4.204692619390966,3.8712010109078903,4.0943445622221,3.58351893845611,4.04305126783455,3.9889840465642745,3.8501476017100575,3.4339872044851463,3.4011973816621555,3.1354942159291497,2.4849066497880004,3.7612001156935615,3.737669618283368,3.713572066704308,3.295836866004329,3.258096538021482,3.1780538303479458
1.791759469228055,2.19722457733622,2.19722457733622,1.791759469228055,1.9459101490553128,2.302585092994046,1.791759469228055,1.791759469228055,2.079441541679836,1.0986122886681096,1.0986122886681096,1.791759469228055,2.4849066497880004,1.9459101490553128,2.19722457733622,2.4849066497880004,2.3978952727983707,2.302585092994046,2.8903717578961645,2.19722457733622,2.079441541679836,2.4849066497880004,2.19722457733622,2.302585092994046,2.9444389791664403,2.079441541679836,2.639057329615259,2.3978952727983707,2.4849066497880004,2.19722457733622,2.302585092994046,2.19722457733622,2.19722457733622,2.079441541679836,2.3978952727983707,2.3978952727983707,2.772588722239781,2.4849066497880004,2.70805020110221,2.3978952727983707,2.4849066497880004,1.6094379124341005,2.19722457733622,2.302585092994046,2.3978952727983707,2.5649493574615367,2.639057329615259,2.833213344056216,2.3978952727983707,1.9459101490553128,2.8903717578961645,2.4849066497880004,2.079441541679836,1.791759469228055,2.302585092994046,1.6094379124341005,2.3978952727983707,2.19722457733622,1.6094379124341005,2.079441541679836
4.204692619390966,4.219507705176107,3.7612001156935615,3.737669618283368,4.3694478524670215,3.8918202981106265,3.713572066704308,3.7612001156935615,3.610917912644224,4.04305126783455,4.248495242049359,4.890349128221754,4.653960350157523,4.532599493153256,4.31748811353631,4.406719247264253,4.174387269895637,4.174387269895637,4.356708826689592,3.9889840465642745,3.912023005428146,4.6443908991413725,4.543294782270004,5.288267030694535,7.903965634032166,7.217443431696533,6.289715570908998,5.7899601708972535,5.572154032177765,6.244166900663736,6.102558594613569,5.940171252720432,5.872117789475416,6.0112671744041615,6.888572459565364,5.8664680569332965,5.700443573390686,6.309918278226516,5.54907608489522,5.831882477283517,6.003887067106539,7.722234744709607,8.27563105457801,7.333023014386481,6.80128303447162,6.150602768446279,7.062191632286556,7.888709524182015,6.77078942390898,6.354370040797351,6.548219102762372,6.6320017773956295,5.605802066295998,5.308267697401205,4.90527477843843,5.501258210544727,5.455321115357702,5.986452005284438,5.170483995038151,4.820281565605037
2.9444389791664403,3.1780538303479458,3.4011973816621555,2.8903717578961645,2.9444389791664403,3.1780538303479458,2.833213344056216,2.8903717578961645,3.218875824868201,2.772588722239781,3.1780538303479458,3.091042453358316,2.995732273553991,2.639057329615259,2.639057329615259,3.555348061489413,3.044522437723423,2.772588722239781,3.1780538303479458,2.995732273553991,3.044522437723423,3.610917912644224,2.8903717578961645,3.1780538303479458,2.8903717578961645,3.044522437723423,2.5649493574615367,3.295836866004329,3.218875824868201,2.772588722239781,2.639057329615259,5.318119993844216,6.664409020350408,5.6937321388027,5.0369526024136295,4.0943445622221,3.332204510175204,3.4011973816621555,3.367295829986474,3.367295829986474,3.5263605246161616,3.737669618283368,3.4339872044851463,3.295836866004329,3.091042453358316,2.9444389791664403,3.044522437723423,3.1780538303479458,3.218875824868201,4.68213122712422,3.1780538303479458,3.044522437723423,3.044522437723423,2.8903717578961645,3.1354942159291497,3.4339872044851463,2.8903717578961645,3.258096538021482,2.639057329615259,3.218875824868201
4.919980925828125,7.3864708488298945,10.497035367873318,8.618123909994678,8.082093278178382,7.68937110752969,7.053585727193677,6.716594773520978,6.452048954437226,6.432940092739179,5.594711379601839,5.537334267018537,7.02108396428914,5.37989735354046,5.293304824724492,5.332718793265369,5.209486152841421,5.545177444479562,4.969813299576001,6.18826412308259,5.605802066295998,4.955827057601261,5.459585514144159,5.393627546352361,5.43372200355424,5.198497031265826,5.2832037287379885,5.181783550292085,4.882801922586371,5.204006687076795,5.652489180268651,5.198497031265826,6.0867747269123065,5.793013608384144,4.976733742420574,5.552959584921617,5.181783550292085,5.303304908059076,5.181783550292085,5.049856007249537,5.087596335232384,5.049856007249537,5.37989735354046,4.948759890378168,4.6443908991413725,4.672828834461906,4.61512051684126,4.653960350157523,4.653960350157523,4.727387818712341,4.6443908991413725,5.0369526024136295,4.663439094112067,4.770684624465665,5.958424693029782,5.093750200806762,4.605170185988092,4.48863636973214,4.59511985013459,4.007333185232471
0.0,0.0,0.0,0.0,0.0,0.0,0.0,0.0,0.0,0.0,0.0,0.0,0.0,0.0,0.0,0.0,0.0,0.0,0.0,0.0,0.0,0.0,0.0,0.0,0.0,0.0,0.0,0.0,0.0,0.0,0.0,0.0,0.0,0.0,0.0,0.0,0.0,0.0,0.0,0.0,0.0,0.0,0.0,0.0,0.0,0.0,0.0,0.0,0.0,0.0,0.0,8.880029117468442,8.594339400592892,8.176672771948455,8.898365606955357,8.304494897963567,8.52793528794814,7.951559331155252,7.5485559791698735,7.219642040130735
2.5649493574615367,2.5649493574615367,2.772588722239781,2.639057329615259,3.091042453358316,3.1354942159291497,2.70805020110221,2.9444389791664403,2.639057329615259,2.833213344056216,3.091042453358316,2.772588722239781,3.295836866004329,3.1780538303479458,3.295836866004329,3.258096538021482,3.295836866004329,2.8903717578961645,2.70805020110221,3.258096538021482,2.995732273553991,2.772588722239781,3.6375861597263857,3.4339872044851463,4.672828834461906,5.6937321388027,4.110873864173311,4.174387269895637,3.80666248977032,3.49650756146648,4.110873864173311,4.110873864173311,3.8501476017100575,3.828641396489095,3.80666248977032,2.772588722239781,3.4011973816621555,3.8501476017100575,3.610917912644224,3.295836866004329,3.80666248977032,3.258096538021482,2.8903717578961645,2.995732273553991,4.882801922586371,3.58351893845611,3.4339872044851463,3.218875824868201,3.258096538021482,3.295836866004329,3.1780538303479458,3.4011973816621555,3.1780538303479458,2.8903717578961645,3.1354942159291497,2.833213344056216,3.332204510175204,2.8903717578961645,3.218875824868201,2.3978952727983707
3.044522437723423,3.044522437723423,3.1354942159291497,2.833213344056216,2.5649493574615367,3.912023005428146,3.6375861597263857,1.6094379124341005,3.4657359027997265,4.3694478524670215,2.079441541679836,2.833213344056216,2.8903717578961645,3.367295829986474,3.218875824868201,3.1780538303479458,2.19722457733622,2.5649493574615367,2.4849066497880004,4.418840607796598,2.995732273553991,2.9444389791664403,2.772588722239781,2.5649493574615367,3.1780538303479458,3.4339872044851463,2.70805020110221,2.4849066497880004,3.555348061489413,2.302585092994046,1.9459101490553128,2.5649493574615367,3.6635616461296463,2.302585092994046,2.3978952727983707,2.302585092994046,3.091042453358316,3.218875824868201,2.772588722239781,2.70805020110221,2.3978952727983707,1.791759469228055,2.772588722239781,4.804021044733257,3.8712010109078903,2.833213344056216,2.9444389791664403,3.8501476017100575,2.833213344056216,3.258096538021482,2.639057329615259,3.1780538303479458,2.995732273553991,2.639057329615259,2.772588722239781,3.6375861597263857,3.970291913552122,2.639057329615259,3.80666248977032,2.772588722239781
3.1780538303479458,2.4849066497880004,2.833213344056216,2.639057329615259,3.091042453358316,2.8903717578961645,2.772588722239781,3.218875824868201,2.4849066497880004,2.9444389791664403,3.1780538303479458,3.1354942159291497,2.772588722239781,3.044522437723423,2.8903717578961645,3.367295829986474,2.995732273553991,2.5649493574615367,2.639057329615259,3.1780538303479458,2.772588722239781,3.610917912644224,3.1354942159291497,3.1780538303479458,2.70805020110221,3.091042453358316,2.639057329615259,2.70805020110221,2.833213344056216,2.995732273553991,2.833213344056216,2.833213344056216,2.3978952727983707,2.833213344056216,2.302585092994046,2.639057329615259,2.302585092994046,2.772588722239781,2.8903717578961645,2.995732273553991,2.639057329615259,2.8903717578961645,1.9459101490553128,3.044522437723423,5.176149732573829,5.472270673671475,4.6443908991413725,5.855071922202427,5.375278407684165,4.948759890378168,3.5263605246161616,3.044522437723423,3.1780538303479458,3.091042453358316,3.258096538021482,5.627621113690637,2.995732273553991,5.662960480135946,5.099866427824199,5.017279836814924
0.0,1.0986122886681096,1.0986122886681096,1.791759469228055,1.791759469228055,1.6094379124341005,2.302585092994046,3.218875824868201,1.6094379124341005,2.5649493574615367,1.6094379124341005,1.6094379124341005,1.0986122886681096,1.3862943611198906,1.9459101490553128,2.302585092994046,2.3978952727983707,2.3978952727983707,2.5649493574615367,1.9459101490553128,2.70805020110221,2.079441541679836,0.0,2.5649493574615367,2.8903717578961645,2.3978952727983707,2.19722457733622,2.19722457733622,2.8903717578961645,2.079441541679836,1.0986122886681096,1.791759469228055,0.6931471805599453,1.3862943611198906,1.0986122886681096,1.6094379124341005,0.6931471805599453,1.791759469228055,1.9459101490553128,1.3862943611198906,1.0986122886681096,1.791759469228055,1.6094379124341005,1.0986122886681096,1.6094379124341005,1.791759469228055,1.9459101490553128,1.6094379124341005,2.079441541679836,2.079441541679836,1.3862943611198906,1.9459101490553128,1.3862943611198906,1.791759469228055,1.6094379124341005,0.0,1.3862943611198906,1.9459101490553128,2.19722457733622,2.19722457733622
5.863631175598097,6.09807428216624,6.008813185442595,6.023447592961033,6.246106765481563,6.16541785423142,6.401917196727186,5.963579343618446,5.942799375126701,5.823045895483019,6.175867270105761,6.364750756851911,6.16541785423142,6.327936783729195,6.07993319509559,6.259581464064923,6.3080984415095305,6.102558594613569,6.424869023905388,6.1779441140506,6.186208623900494,6.306275286948016,5.986452005284438,6.07993319509559,6.60934924316738,6.834108738813838,6.439350371100098,6.476972362889683,6.278521424165844,6.467698726104354,6.356107660695892,6.169610732491456,6.0867747269123065,6.154858094016418,6.249975242259483,6.230481447578482,6.208590026096629,6.142037405587356,6.1463292576688975,6.226536669287466,6.489204931325317,6.493753839851687,6.104793232414985,6.333279628139691,6.2166061010848646,6.238324625039508,6.695798917058491,6.568077911411976,6.393590753950631,6.309918278226516,6.077642243349034,6.126869184114185,6.304448802421981,6.2878585601617845,6.4692503167957724,6.2422232654551655,6.249975242259483,6.180016653652572,6.1224928095143865,5.988961416889864
6.023447592961033,8.275121630216509,7.782807262839695,5.351858133476067,8.523374050491318,6.206575926724928,6.259581464064923,7.311886164077165,7.602401335665818,3.4339872044851463,3.332204510175204,5.703782474656201,3.9889840465642745,1.6094379124341005,8.251924713801357,2.302585092994046,1.791759469228055,2.4849066497880004,1.9459101490553128,2.4849066497880004,3.7612001156935615,3.218875824868201,2.9444389791664403,2.772588722239781,3.1354942159291497,2.302585092994046,1.9459101490553128,4.23410650459726,2.19722457733622,4.276666119016055,3.58351893845611,5.176149732573829,8.17103418920548,7.176254532017144,7.731930721948486,8.016317898503415,8.041734711487537,8.716371865276615,7.960672608388117,8.731981938347694,8.622813673279921,8.65277248565806,8.615408238913192,8.642238680390461,8.729720590267258,8.994048295611075,8.99528899055931,9.384881741451174,8.853236764745898,8.470311205516108,8.909505512946101,8.714239143608575,8.693328989123106,9.112837790614943,9.15915233520675,8.976767625171433,9.199279424616758,8.89370997756851,9.11701821474481,8.621012520055235
7.291656209174461,7.344719054149673,7.323830566202317,7.335633981927201,7.242082359256962,7.273786317844895,7.238496840894365,7.24422751560335,7.281385663570282,7.2991214627108,7.311218384419629,7.2875606403097235,7.260522598089852,7.348587530927593,7.345364840416867,7.355001921105257,7.277247726631484,7.382746449738912,7.289610521451167,7.424761761823209,7.359467638255621,7.313220387090301,7.239932591320469,7.340835554123275,7.283448228756631,7.291656209174461,7.367708572374371,7.310550158534422,7.368339686311381,7.317876198626496,7.297091005160418,7.307872780763706,7.292337176173877,7.280008252884188,7.40671073017764,7.396335293800808,7.313886831633462,7.322510433997394,7.384610383176974,7.231287004327616,7.304515946460155,7.388946097618437,7.371489295214277,7.30854279753919,7.321849713788356,7.309212365692763,7.318539548567902,7.336285660021297,7.333676395657684,7.293697720601438,7.323170717943469,7.173191742486599,6.917705609835305,6.951772164398911,7.31986492980897,10.802815221731825,7.417580402414544,7.697575346802343,7.396335293800808,7.239932591320469
2.302585092994046,2.079441541679836,1.3862943611198906,1.3862943611198906,2.079441541679836,1.0986122886681096,0.6931471805599453,0.6931471805599453,1.0986122886681096,0.0,1.9459101490553128,1.0986122886681096,0.6931471805599453,0.6931471805599453,0.0,0.6931471805599453,1.3862943611198906,1.9459101490553128,0.0,0.6931471805599453,1.3862943611198906,0.0,1.0986122886681096,1.6094379124341005,1.6094379124341005,1.791759469228055,0.6931471805599453,1.791759469228055,0.6931471805599453,1.791759469228055,0.0,1.0986122886681096,0.6931471805599453,1.0986122886681096,1.791759469228055,1.791759469228055,0.6931471805599453,0.6931471805599453,1.0986122886681096,0.0,0.0,0.6931471805599453,0.0,1.0986122886681096,1.0986122886681096,1.6094379124341005,1.3862943611198906,0.6931471805599453,0.6931471805599453,1.0986122886681096,1.0986122886681096,1.0986122886681096,1.9459101490553128,1.791759469228055,1.791759469228055,0.6931471805599453,0.6931471805599453,1.9459101490553128,2.079441541679836,1.6094379124341005
2.302585092994046,2.079441541679836,1.9459101490553128,2.4849066497880004,1.9459101490553128,2.3978952727983707,2.4849066497880004,1.6094379124341005,1.9459101490553128,2.19722457733622,2.70805020110221,2.302585092994046,2.8903717578961645,1.9459101490553128,2.19722457733622,2.079441541679836,2.19722457733622,1.791759469228055,1.9459101490553128,1.0986122886681096,2.3978952727983707,2.70805020110221,1.791759469228055,1.0986122886681096,2.70805020110221,2.079441541679836,1.791759469228055,2.302585092994046,2.4849066497880004,2.639057329615259,2.3978952727983707,2.772588722239781,2.3978952727983707,1.791759469228055,1.3862943611198906,3.1780538303479458,1.9459101490553128,2.079441541679836,2.079441541679836,2.19722457733622,1.6094379124341005,2.4849066497880004,2.079441541679836,2.079441541679836,2.302585092994046,1.9459101490553128,1.0986122886681096,2.4849066497880004,1.9459101490553128,2.4849066497880004,2.3978952727983707,2.5649493574615367,1.3862943611198906,1.9459101490553128,1.3862943611198906,1.9459101490553128,1.3862943611198906,2.079441541679836,2.3978952727983707,2.19722457733622
2.302585092994046,1.791759469228055,0.0,1.0986122886681096,1.3862943611198906,1.791759469228055,1.0986122886681096,1.791759469228055,1.0986122886681096,0.0,1.3862943611198906,2.302585092994046,1.6094379124341005,1.6094379124341005,1.6094379124341005,1.3862943611198906,0.6931471805599453,1.6094379124341005,2.079441541679836,0.0,1.0986122886681096,1.6094379124341005,1.0986122886681096,1.6094379124341005,1.6094379124341005,2.302585092994046,2.639057329615259,3.044522437723423,2.70805020110221,1.6094379124341005,1.6094379124341005,1.6094379124341005,1.791759469228055,1.791759469228055,1.3862943611198906,0.6931471805599453,1.9459101490553128,1.3862943611198906,1.9459101490553128,1.0986122886681096,2.079441541679836,0.6931471805599453,0.0,1.0986122886681096,1.791759469228055,1.791759469228055,0.0,1.0986122886681096,1.3862943611198906,0.6931471805599453,1.6094379124341005,1.0986122886681096,1.3862943611198906,1.3862943611198906,2.079441541679836,2.19722457733622,1.6094379124341005,1.9459101490553128,1.791759469228055,2.079441541679836
0.0,0.0,0.0,0.0,0.0,0.0,0.0,0.0,0.0,0.0,0.0,0.0,0.4054651081081644,0.6931471805599453,4.770684624465665,5.942799375126701,5.849324779946859,5.087596335232384,5.4510384535657,5.41610040220442,5.272999558563747,4.158883083359672,0.6931471805599453,0.0,0.0,0.0,0.0,4.297285406218791,4.983606621708336,5.627621113690637,5.768320995793772,5.602118820879701,2.833213344056216,5.429345628954441,6.061456918928017,5.375278407684165,1.0986122886681096,4.59511985013459,5.733341276897746,5.043425116919247,0.0,0.2876820724517809,0.5108256237659907,0.6931471805599453,0.6931471805599453,0.6931471805599453,0.6931471805599453,0.6931471805599453,0.6931471805599453,0.6931471805599453,0.6931471805599453,0.6931471805599453,0.6931471805599453,0.6931471805599453,0.6931471805599453,0.6931471805599453,0.6931471805599453,0.6931471805599453,0.6931471805599453,0.6931471805599453
4.795790545596741,4.787491742782046,4.672828834461906,4.532599493153256,4.934473933130692,4.691347882229144,4.919980925828125,4.736198448394496,5.2574953720277815,4.890349128221754,4.976733742420574,4.820281565605037,4.304065093204169,4.61512051684126,4.727387818712341,4.7535901911063645,4.290459441148391,4.477336814478207,5.87493073085203,4.736198448394496,5.53338948872752,4.976733742420574,4.51085950651685,5.356586274672012,5.337538079701318,5.147494476813453,4.969813299576001,4.983606621708336,4.812184355372417,4.61512051684126,5.220355825078325,4.990432586778736,5.808142489980444,5.942799375126701,5.501258210544727,5.308267697401205,5.241747015059643,5.308267697401205,5.616771097666572,8.117908942383155,6.054439346269371,5.365976015021851,5.793013608384144,5.19295685089021,4.804021044733257,4.77912349311153,5.010635294096256,5.111987788356544,5.831882477283517,5.176149732573829,4.983606621708336,5.010635294096256,4.624972813284271,4.700480365792417,4.584967478670572,4.543294782270004,4.852030263919617,4.672828834461906,4.564348191467836,4.584967478670572
5.641907070938114,5.517452896464707,5.886104031450156,6.054439346269371,6.089044875446846,6.107022887742255,5.777652323222656,5.652489180268651,5.493061443340548,5.958424693029782,5.921578419643816,6.3080984415095305,5.976350909297934,5.814130531825066,5.69035945432406,5.996452088619021,5.905361848054571,5.771441123130016,6.180016653652572,5.918893854273146,5.872117789475416,5.823045895483019,5.988961416889864,5.673323267171493,5.84354441703136,5.924255797414532,5.541263545158426,5.58724865840025,5.572154032177765,5.552959584921617,5.918893854273146,5.733341276897746,5.8111409929767,5.666426688112432,5.420534999272286,5.313205979041787,5.272999558563747,5.135798437050262,5.521460917862246,5.926926025970411,5.648974238161206,5.60947179518496,5.459585514144159,5.25227342804663,5.41164605185504,5.53338948872752,5.87493073085203,5.631211781821365,5.579729825986222,5.420534999272286,5.351858133476067,5.41164605185504,5.676753802268282,5.996452088619021,5.552959584921617,5.455321115357702,5.303304908059076,5.58724865840025,5.831882477283517,6.025865973825314
1.0986122886681096,1.6094379124341005,1.3862943611198906,1.6094379124341005,0.0,0.6931471805599453,1.0986122886681096,0.6931471805599453,0.6931471805599453,0.6931471805599453,0.0,1.0986122886681096,0.0,0.0,0.6931471805599453,0.6931471805599453,1.791759469228055,0.6931471805599453,1.3862943611198906,1.0986122886681096,1.0986122886681096,1.0986122886681096,1.6094379124341005,1.3862943611198906,1.0986122886681096,0.0,0.0,1.0986122886681096,0.6931471805599453,0.0,0.6931471805599453,0.6931471805599453,0.0,1.3862943611198906,0.0,0.6931471805599453,0.6931471805599453,0.6931471805599453,1.3862943611198906,0.6931471805599453,0.0,0.6931471805599453,1.3862943611198906,0.0,0.0,1.0986122886681096,0.0,0.0,1.0986122886681096,1.3862943611198906,1.0986122886681096,0.6931471805599453,0.0,0.6931471805599453,0.0,0.0,0.6931471805599453,1.791759469228055,1.3862943611198906,1.791759469228055
5.598421958998375,5.6937321388027,5.662960480135946,5.802118375377063,7.048386408721883,6.8679744089702925,6.056784013228625,5.44673737166631,6.368187186350492,5.940171252720432,5.945420608606575,6.391917113392602,6.823286122355687,6.331501849893691,8.035926369891792,7.606387389772652,6.837332814685591,6.56244409369372,6.699500340161678,6.470799503782602,6.408528791059498,6.259581464064923,6.444131256700441,6.084499413075172,6.476972362889683,6.486160788944089,6.366470447731438,6.824373670043086,6.71901315438526,6.251903883165888,6.066108090103747,6.298949246855942,6.270988431858299,6.716594773520978,6.298949246855942,6.1779441140506,6.364750756851911,6.082218910376446,6.267200548541362,6.473890696352274,6.320768294250582,6.09807428216624,6.135564891081739,6.677083461247136,6.934397209928558,7.409136443920128,7.527255919373784,7.399398083331354,7.226936018493289,7.221835825288449,7.142827401161621,9.451952327573435,10.287592821522884,9.363318936573265,9.150908788206756,12.522447854380784,12.231774504757343,12.036244717317611,10.727268180731276,10.041160357661202
7.352441100243583,7.172424577124845,7.2078598714324755,7.419979923661835,7.643961949002529,7.215239978730097,7.307202314764738,7.017506142941256,7.229113877793302,7.385230923066573,7.354362330421477,8.83346272071993,8.206037762778815,7.831220214604293,7.618742377670413,7.515344571180436,7.564238475170491,7.56734567601324,7.886832998955057,8.273846932784508,8.156510226079966,7.697575346802343,7.496097345175956,7.499423290592229,7.527793987721444,7.501082124259871,7.357556200910353,7.330405211844402,7.2078598714324755,7.475339236566737,7.293697720601438,7.450660796211539,7.421177528595393,7.288244401020124,7.109879463072272,7.134093721192866,7.101675971619444,7.318539548567902,7.284134806195205,7.368970402194793,7.375255778009754,7.07326971745971,7.117205503164344,7.150701457592526,7.568379267836522,7.525639975041535,7.53689712956617,7.529406457837013,7.501634457883413,7.461640392208575,7.361375428977347,7.462214939768189,7.354362330421477,7.685703061234547,7.953318346560431,7.692569648067906,7.643961949002529,8.170185652879642,7.88570539124302,7.637234388789473
9.31578088443418,9.239899174217728,9.360655132635053,9.76342056363901,9.86780856007911,9.532930988916153,9.124564594954778,8.685922794690725,8.846640813100485,9.173261363734762,9.44604470533525,9.579971027075132,9.240966565517944,9.009325172734972,8.945462952177666,8.9758830607617,8.990192329641772,9.346268889200427,9.548881894718772,9.329988334242078,9.148039345778804,9.039907859574642,9.162409838218633,9.256842205627605,9.46769209462013,9.566965314664872,9.2610334862917,9.19806534110057,9.01249900352419,9.112948025967532,8.945202263959297,9.276502574229852,9.44549154241467,9.07680897935166,9.04192172035122,8.948066103458935,9.130539301772629,9.263881138904212,9.458527693729824,9.535390480896702,9.271811694064285,9.09560269450576,9.140990293841387,9.069467813094768,9.097731427593528,9.197255132427529,9.359966545931997,9.21562637640542,9.241742135115716,9.399885773859458,9.37526141408997,9.628721705350891,9.831508082743964,9.927741044336832,10.447496470092352,10.763504185331106,11.088751431256089,11.015295724631631,10.668722809490328,10.70447966004682
5.84354441703136,6.082218910376446,6.208590026096629,6.139884552226255,6.508769136971682,6.373319789577012,5.981414211254481,5.877735781779639,5.572154032177765,5.407171771460119,5.37989735354046,5.579729825986222,5.707110264748875,5.638354669333745,5.6240175061873385,5.673323267171493,5.552959584921617,5.298317366548036,5.313205979041787,5.627621113690637,5.572154032177765,5.3471075307174685,5.673323267171493,5.327876168789581,5.351858133476067,5.3612921657094255,5.429345628954441,5.545177444479562,5.298317366548036,5.472270673671475,5.247024072160486,4.941642422609304,5.25227342804663,5.081404364984463,5.043425116919247,5.0369526024136295,5.056245805348308,5.068904202220232,4.844187086458591,4.875197323201151,4.983606621708336,5.4638318050256105,4.990432586778736,5.075173815233827,5.111987788356544,4.882801922586371,4.852030263919617,4.983606621708336,4.820281565605037,5.68697535633982,4.691347882229144,4.718498871295094,4.290459441148391,4.158883083359672,4.394449154672439,4.795790545596741,4.709530201312334,5.575949103146316,4.442651256490317,4.248495242049359
5.3230099791384085,4.770684624465665,5.204006687076795,5.488937726156687,5.111987788356544,5.062595033026967,5.765191102784844,5.583496308781699,5.513428746164983,5.017279836814924,4.812184355372417,4.68213122712422,4.962844630259907,4.867534450455582,5.560681631015528,5.497168225293202,5.049856007249537,4.77912349311153,5.318119993844216,5.267858159063328,4.962844630259907,5.5093883366279774,4.875197323201151,4.927253685157205,5.0369526024136295,4.882801922586371,5.214935757608986,5.680172609017068,5.501258210544727,4.867534450455582,4.68213122712422,4.795790545596741,4.882801922586371,4.867534450455582,4.605170185988092,4.969813299576001,4.787491742782046,4.804021044733257,5.099866427824199,4.718498871295094,5.1298987149230735,5.25227342804663,4.7535901911063645,5.003946305945459,4.919980925828125,5.225746673713202,5.081404364984463,4.820281565605037,5.099866427824199,4.691347882229144,4.718498871295094,4.836281906951478,5.170483995038151,4.736198448394496,5.1647859739235145,6.313548046277095,4.897839799950911,5.1647859739235145,4.890349128221754,4.787491742782046
6.298949246855942,6.298949246855942,6.415096959171596,5.4638318050256105,5.545177444479562,5.572154032177765,6.035481432524756,6.113682179832232,5.579729825986222,5.41610040220442,5.389071729816501,5.659482215759621,5.476463551931511,5.652489180268651,5.613128106388071,5.429345628954441,5.545177444479562,5.308267697401205,5.720311776607412,5.424950017481403,5.58724865840025,5.517452896464707,5.3706380281276624,5.298317366548036,5.313205979041787,5.402677381872279,5.241747015059643,5.262690188904886,5.3706380281276624,5.455321115357702,5.327876168789581,5.2574953720277815,5.480638923341991,5.44673737166631,5.267858159063328,5.337538079701318,5.521460917862246,5.293304824724492,5.3230099791384085,5.3981627015177525,5.356586274672012,5.10594547390058,4.990432586778736,5.327876168789581,5.247024072160486,5.278114659230518,5.293304824724492,5.236441962829949,5.308267697401205,5.093750200806762,5.25227342804663,4.90527477843843,4.990432586778736,5.313205979041787,5.262690188904886,5.043425116919247,5.10594547390058,5.117993812416755,5.3706380281276624,5.37989735354046
8.16194579946869,8.215817791832453,8.24301946898925,8.140898460607852,8.19533366716287,8.238008249218403,8.111928063310739,7.985824666418917,8.145549631783584,8.239065331769268,8.113426639943654,8.185350223178686,8.262558973010657,8.203304026795282,8.246433786160365,8.236685322712457,8.185907481482324,8.15162164696975,8.236685322712457,8.255048902752295,8.166500319155052,8.113726085970747,8.065579427282092,8.902727664035522,8.173011311724972,8.261784679514752,8.338783971442199,8.261784679514752,8.230577217146454,8.216898580913613,8.1797604936999,8.067149039910106,8.221747728346623,8.705993714307901,8.613593685702552,8.74528448245438,8.722417141427496,8.609772372709331,8.277920258172143,8.334951631422454,8.57602797713713,8.494129251817686,9.207235557022704,9.11250701162742,8.607216694063826,8.41803561988302,8.415824697027949,8.53168763756669,8.400209835930418,8.461891875631148,8.279950715722526,8.273591798199632,8.315566483564277,8.467582690862903,8.631949428714426,8.854093907655518,8.84922702143852,8.625329850020815,8.588024372176829,8.431635303054591
5.513428746164983,5.442417710521793,5.564520407322694,5.537334267018537,5.755742213586912,5.517452896464707,5.53338948872752,5.455321115357702,5.521460917862246,5.407171771460119,5.442417710521793,5.736572297479192,5.293304824724492,5.389071729816501,5.438079308923196,5.459585514144159,5.1647859739235145,5.44673737166631,5.720311776607412,5.53338948872752,5.424950017481403,5.442417710521793,5.3981627015177525,5.375278407684165,5.484796933490655,5.560681631015528,5.659482215759621,5.560681631015528,5.645446897643238,6.77078942390898,6.762729506931879,6.663132695990803,6.706862336602747,6.502790045915623,6.2166061010848646,6.210600077024653,7.6787889981991535,7.366445148327599,7.271703706887368,7.441906728051625,7.049254841255837,6.8416154764775925,6.716594773520978,7.143617602704121,7.032624261028007,6.940222469119639,7.028201432058005,6.778784897685177,6.602587892189336,6.594413459749778,7.29505641646263,7.267525427828172,7.174724309836376,7.187657164114956,6.996681488176539,6.824373670043086,6.7580945044277305,7.764720544771477,7.818430272070656,7.336285660021297
8.945332616563274,8.415824697027949,7.430707082545968,6.990256500493881,6.975413927455952,6.621405651764134,6.38856140554563,6.104793232414985,6.0330862217988015,5.872117789475416,6.059123195581797,6.133398042996649,6.052089168924417,5.953243334287785,5.793013608384144,5.958424693029782,5.886104031450156,6.331501849893691,6.437751649736401,6.687108607866515,8.303999970955196,9.050288983827956,8.529516941105069,7.432483807917119,7.0967213784947605,6.833031732786201,6.51471269087253,6.487684018484611,6.20050917404269,6.29156913955832,6.184148890937483,6.658011045870748,6.62273632394984,6.86484777797086,8.53915035876828,9.292933670280036,8.995908761263994,8.08886878916199,7.867105500316739,7.516977224604321,8.850087606689566,7.869019376499024,7.160069207596127,6.816735880594968,6.765038976780541,6.745236349484362,7.10002716662926,6.678342114654332,6.55250788703459,6.529418838262226,6.513230110912307,6.440946540632921,6.508769136971682,6.513230110912307,6.664409020350408,6.610696044717759,6.569481420414296,6.489204931325317,6.577861357721047,6.542471960506805
8.591558273371545,7.25063551189868,7.099201743553092,7.265429723253953,7.578656850594762,7.0192966537150445,7.080867896690782,6.863803391452954,6.939253946041508,6.968850378341948,7.097548850614793,7.339537695407674,6.955592608396297,6.890609120147166,7.065613363597717,6.994849985833071,6.892641641172089,7.028201432058005,7.098375638590786,6.9363427358340495,6.870053411798126,6.78897174299217,6.756932389247553,6.78897174299217,6.815639990074331,6.974478911025045,6.98100574072173,8.14177220465645,7.215239978730097,6.97166860472579,6.966024187106113,6.966967138613983,7.133295954896068,6.911747300251674,6.883462586413092,6.822197390620491,6.919683849847411,7.05617528410041,7.00669522683704,7.0587581525186645,6.85751406254539,6.885509670034818,6.811244378601294,6.745236349484362,7.268223021159565,7.011213987350367,7.025538314638521,6.839476438228843,6.731018100482083,6.654152520183219,6.740519359606223,6.633318433280377,6.626717749249025,6.81783057145415,6.987490247000991,7.01301578963963,7.1891677384203225,7.035268599281097,7.509335266016592,7.205635176410364
5.204006687076795,4.990432586778736,4.736198448394496,6.003887067106539,5.459585514144159,5.902633333401366,5.3981627015177525,6.133398042996649,7.380879035564116,7.373374309910049,10.212551886357938,8.4096079807363,6.906754778648554,6.499787040655854,6.124683390894205,5.7430031878094825,5.8522024797744745,5.937536205082426,5.501258210544727,5.262690188904886,5.662960480135946,5.54907608489522,5.049856007249537,5.187385805840755,5.4638318050256105,5.393627546352361,5.030437921392435,5.010635294096256,4.948759890378168,4.812184355372417,5.1298987149230735,5.468060141135132,5.673323267171493,5.384495062789089,8.029432840581244,6.19644412779452,5.476463551931511,5.730099782973575,5.438079308923196,5.666426688112432,5.111987788356544,4.948759890378168,5.209486152841421,5.337538079701318,5.225746673713202,5.318119993844216,5.2832037287379885,5.068904202220232,5.247024072160486,5.231108616854587,5.0369526024136295,5.883322388488279,6.473890696352274,6.398594934535208,6.206575926724928,6.2166061010848646,5.568344503761097,6.1224928095143865,6.218600119691729,5.613128106388071
6.107022887742255,5.673323267171493,5.293304824724492,5.484796933490655,5.69035945432406,5.389071729816501,5.262690188904886,4.875197323201151,5.817111159963204,5.605802066295998,5.641907070938114,5.579729825986222,5.594711379601839,5.337538079701318,5.231108616854587,5.424950017481403,5.241747015059643,5.332718793265369,5.634789603169249,5.594711379601839,5.225746673713202,5.087596335232384,5.099866427824199,5.267858159063328,5.493061443340548,5.572154032177765,5.342334251964811,5.4638318050256105,5.327876168789581,5.081404364984463,5.181783550292085,5.176149732573829,5.308267697401205,5.723585101952381,5.613128106388071,5.198497031265826,5.170483995038151,4.912654885736052,5.123963979403259,5.54907608489522,5.556828061699537,5.641907070938114,5.313205979041787,5.153291594497779,4.919980925828125,5.262690188904886,5.472270673671475,5.673323267171493,5.937536205082426,5.662960480135946,5.497168225293202,5.293304824724492,4.983606621708336,5.327876168789581,5.575949103146316,5.41610040220442,5.541263545158426,5.41610040220442,5.3471075307174685,5.176149732573829
1.5040773967762742,1.791759469228055,1.5040773967762742,1.0986122886681096,0.6931471805599453,2.079441541679836,1.9459101490553128,0.6931471805599453,1.9459101490553128,2.19722457733622,0.6931471805599453,7.912423121473705,1.6094379124341005,2.19722457733622,2.302585092994046,7.365812837209471,7.539027055823995,7.68662133494462,3.9889840465642745,3.49650756146648,6.3578422665081,6.90975328164481,6.621405651764134,6.523562306149512,7.828038032125829,5.568344503761097,2.302585092994046,1.0986122886681096,7.483806687665835,7.317876198626496,5.2832037287379885,6.507277712385012,8.369157112588834,7.444833273892193,9.67884287509565,8.492695559815838,5.278114659230518,5.198497031265826,8.23031079913502,6.659293919683638,5.198497031265826,0.6931471805599453,0.6931471805599453,0.9162907318741552,1.0986122886681096,0.9162907318741552,0.6931471805599453,1.791759469228055,0.6931471805599453,1.3862943611198906,1.0986122886681096,0.6931471805599453,5.84354441703136,6.582025138892826,7.687997166393016,8.200288260287554,8.213923595622743,6.612041034833092,8.182838710766026,8.197814032221203
3.218875824868201,2.70805020110221,2.70805020110221,2.302585092994046,2.302585092994046,3.4339872044851463,2.4849066497880004,0.0,2.302585092994046,1.9459101490553128,3.912023005428146,2.70805020110221,2.9444389791664403,2.4849066497880004,1.3862943611198906,1.791759469228055,2.8903717578961645,3.332204510175204,1.791759469228055,2.19722457733622,1.3862943611198906,1.6094379124341005,1.9459101490553128,1.791759469228055,3.1780538303479458,2.9444389791664403,3.1354942159291497,2.9444389791664403,1.6094379124341005,1.3862943611198906,1.6094379124341005,3.332204510175204,2.5649493574615367,4.02535169073515,2.772588722239781,2.772588722239781,2.639057329615259,2.5649493574615367,2.5649493574615367,2.70805020110221,3.58351893845611,3.091042453358316,3.5263605246161616,2.639057329615259,2.4849066497880004,3.9318256327243257,3.091042453358316,2.639057329615259,2.5649493574615367,2.8903717578961645,1.791759469228055,3.367295829986474,2.3978952727983707,2.4849066497880004,2.302585092994046,1.9459101490553128,2.70805020110221,2.19722457733622,2.3978952727983707,2.3978952727983707
3.4339872044851463,3.295836866004329,3.367295829986474,3.295836866004329,3.367295829986474,3.4657359027997265,3.49650756146648,3.295836866004329,3.1780538303479458,3.6635616461296463,3.5263605246161616,3.4657359027997265,3.49650756146648,3.332204510175204,2.8903717578961645,3.4657359027997265,3.367295829986474,3.8501476017100575,3.4657359027997265,3.332204510175204,3.1780538303479458,3.295836866004329,3.1780538303479458,3.332204510175204,3.4011973816621555,3.9318256327243257,3.58351893845611,3.258096538021482,3.713572066704308,2.9444389791664403,3.258096538021482,3.6375861597263857,3.1354942159291497,3.258096538021482,3.091042453358316,3.5263605246161616,3.4011973816621555,3.49650756146648,3.6375861597263857,3.4339872044851463,3.258096538021482,3.1780538303479458,3.1780538303479458,3.555348061489413,3.713572066704308,3.4339872044851463,3.6375861597263857,3.332204510175204,3.80666248977032,3.713572066704308,3.4339872044851463,3.4657359027997265,3.367295829986474,4.394449154672439,3.555348061489413,3.4339872044851463,3.8501476017100575,3.688879454113936,3.6635616461296463,3.8501476017100575
6.091309882077698,6.866933284461882,7.848933726364071,8.343553835005117,10.340386726133822,8.80926561216931,7.616775808698373,7.138866999945524,6.940222469119639,6.742880635791903,7.122059881629142,6.905753276311464,6.456769655572163,6.218600119691729,6.3080984415095305,6.679599185844383,10.354881592532692,8.37930948405285,7.864419904994565,7.1693500166706,7.265429723253953,8.776167099731275,7.340186835320115,7.067319848653476,7.206377291472252,7.0587581525186645,7.072421900537371,6.617402977974478,6.70196036600254,7.101675971619444,7.156176637480615,7.317212408359839,6.765038976780541,6.455198563340122,6.466144724237619,10.368101684497423,8.513385953073284,7.868254265520613,9.60871372627059,7.853216388156072,7.404887575616125,6.954638864880987,7.168579897264035,6.762729506931879,6.693323668269949,6.853299093186078,6.697034247666484,6.311734809152915,6.285998094508865,6.257667587882639,6.413458957167357,9.760944245750586,7.643482907077201,7.095893221097532,6.496774990185863,6.343880434126331,6.335054251498059,6.326149473155099,6.648984550024776,6.496774990185863
4.51085950651685,4.770684624465665,5.493061443340548,4.553876891600541,4.875197323201151,4.543294782270004,4.997212273764115,4.304065093204169,4.262679877041316,3.8712010109078903,4.574710978503383,5.204006687076795,4.3694478524670215,5.111987788356544,4.74493212836325,4.418840607796598,4.276666119016055,4.248495242049359,4.762173934797756,4.867534450455582,4.672828834461906,4.382026634673881,4.51085950651685,4.532599493153256,4.48863636973214,4.430816798843313,4.143134726391533,4.430816798843313,4.248495242049359,4.290459441148391,4.276666119016055,4.48863636973214,4.174387269895637,4.406719247264253,4.553876891600541,4.23410650459726,4.382026634673881,4.204692619390966,4.442651256490317,4.762173934797756,4.127134385045092,4.290459441148391,4.0943445622221,5.351858133476067,4.189654742026425,4.382026634673881,4.406719247264253,4.02535169073515,4.007333185232471,3.784189633918261,4.304065093204169,3.9318256327243257,3.912023005428146,4.543294782270004,4.174387269895637,4.07753744390572,3.737669618283368,3.784189633918261,4.795790545596741,4.418840607796598
9.589529948672084,9.888018521632196,8.366602832783736,10.180475142322448,6.98100574072173,2.639057329615259,10.103567164251784,9.742320649814571,10.08372360283906,11.43702665946202,10.314172347678452,6.517671272912275,9.903287532533462,9.678717679477334,9.974505039771408,10.282403325410757,9.611998241741391,10.258325810799905,2.639057329615259,10.015297227588134,8.91139510724569,9.22601685136119,9.745897631961356,8.431417414394833,10.347403847018546,7.681099001536359,10.247360904637652,9.901736019497324,8.648572269472618,10.310983929553371,9.346617990268731,10.279592505337806,8.509564164251746,9.960009652860451,8.870101048785726,9.104979856318357,9.81296091333657,11.47683185732199,10.190244196911408,10.24721909083893,10.41834503741549,10.29647513913318,10.42854147231275,10.02433256222833,10.532895892129066,10.757541113134543,8.54714026778419,10.079162066608289,11.752745192694968,10.4521868287302,8.892061625546935,3.610917912644224,10.597459392970627,9.769670404801788,9.717639785965616,8.839856232763264,10.188215265161473,8.938662873666118,8.050384453067021,10.270385067495036
6.459904454377535,6.905753276311464,6.582025138892826,7.307872780763706,8.502688505213357,7.679713639966372,6.655440350367647,6.133398042996649,5.983936280687191,5.823045895483019,6.139884552226255,6.456769655572163,6.190315405853148,5.932245187448011,6.137727054086234,6.1463292576688975,6.356107660695892,7.379008127628304,8.667507952075105,8.266164436612492,7.19668657083435,7.0967213784947605,7.59337419312129,7.549609165154532,7.01301578963963,8.197538739721184,8.507142855562735,6.966024187106113,6.659293919683638,7.156176637480615,7.1929342212158,6.728628613084702,7.707512194600341,8.063692634269517,6.934397209928558,6.620073206530356,6.595780513961311,6.481577129276431,6.413458957167357,6.744059186311348,6.498282149476434,6.61472560020376,6.505784060128229,6.8501261661455,6.478509642208569,6.373319789577012,6.522092798170152,6.3473892096560105,6.139884552226255,6.432940092739179,6.459904454377535,7.147559271189454,6.318968113746434,6.71295620067707,8.706655856361559,7.344719054149673,7.02197642307216,6.588926477533519,6.495265555937008,6.192362489474872
6.610696044717759,6.606650186198215,6.84587987526405,6.699500340161678,6.771935555839602,6.854354502255021,6.75343791859778,6.745236349484362,6.733401891837359,6.621405651764134,6.617402977974478,6.723832440821209,6.735780014242327,6.573680166960646,6.542471960506805,6.522092798170152,6.62273632394984,6.729824070489475,6.675823221634848,6.71174039505618,6.692083742506628,6.642486801367256,6.530877627725885,6.626717749249025,6.736966958001855,6.68586094706836,6.597145701886651,6.639875833826536,6.590301048196686,6.70808408385307,6.659293919683638,6.663132695990803,6.71174039505618,6.643789733147672,6.759255270663693,6.569481420414296,6.520621127558696,6.576469569048224,6.630683385642372,6.70073110954781,6.762729506931879,6.587550014824796,6.704414354964107,6.641182169740591,6.70196036600254,6.74993119378857,6.731018100482083,6.688354713946762,6.851184927493743,6.675823221634848,6.612041034833092,6.55250788703459,6.679599185844383,6.692083742506628,6.565264970035361,6.634633357861686,6.618738983517219,6.787844982309579,6.551080335043404,6.214608098422191
4.143134726391533,3.5263605246161616,3.951243718581428,4.262679877041316,3.7612001156935615,3.9318256327243257,3.6635616461296463,3.58351893845611,4.04305126783455,3.6635616461296463,4.060443010546419,4.02535169073515,4.204692619390966,4.143134726391533,3.610917912644224,3.828641396489095,3.784189633918261,3.912023005428146,4.394449154672439,6.100318952020064,5.572154032177765,4.127134385045092,3.9889840465642745,3.9889840465642745,4.875197323201151,4.356708826689592,3.9318256327243257,3.951243718581428,4.204692619390966,4.02535169073515,4.51085950651685,4.174387269895637,4.174387269895637,4.07753744390572,4.61512051684126,4.174387269895637,3.8918202981106265,3.912023005428146,4.465908118654584,4.219507705176107,4.189654742026425,3.8501476017100575,3.912023005428146,3.7612001156935615,3.80666248977032,3.912023005428146,4.0943445622221,3.8712010109078903,3.8501476017100575,3.713572066704308,3.713572066704308,4.110873864173311,4.04305126783455,4.007333185232471,4.07753744390572,4.007333185232471,4.07753744390572,3.555348061489413,3.951243718581428,3.4657359027997265
2.70805020110221,3.218875824868201,2.8903717578961645,2.8903717578961645,2.833213344056216,3.044522437723423,3.218875824868201,2.19722457733622,2.833213344056216,2.833213344056216,2.70805020110221,2.8903717578961645,2.772588722239781,2.5649493574615367,3.295836866004329,2.9444389791664403,3.1780538303479458,3.1354942159291497,2.639057329615259,3.58351893845611,3.828641396489095,2.772588722239781,3.912023005428146,3.1354942159291497,3.4011973816621555,3.258096538021482,3.6635616461296463,4.143134726391533,3.332204510175204,4.584967478670572,3.332204510175204,2.4849066497880004,3.044522437723423,3.4339872044851463,3.5263605246161616,2.302585092994046,2.3978952727983707,2.639057329615259,2.9444389791664403,3.258096538021482,1.791759469228055,2.833213344056216,2.9444389791664403,2.5649493574615367,2.833213344056216,2.3978952727983707,2.70805020110221,2.772588722239781,2.8903717578961645,2.833213344056216,2.9444389791664403,2.3978952727983707,2.70805020110221,2.302585092994046,2.4849066497880004,3.1354942159291497,3.1354942159291497,2.3978952727983707,2.639057329615259,3.610917912644224
6.313548046277095,8.337827262447915,8.474703139795285,7.48605261786314,7.198183577101943,6.78897174299217,6.621405651764134,6.18826412308259,6.473890696352274,6.2766434893416445,6.4692503167957724,6.4692503167957724,6.447305862541213,6.61338421837956,6.60934924316738,8.262300941787448,8.71028982137815,7.959625305098115,7.884576510596324,7.278628942320682,6.994849985833071,6.803505257608338,6.597145701886651,6.721425700790643,6.6052979209482015,6.931471805599453,6.88653164253051,6.755768921984256,6.507277712385012,6.403574197934815,6.46302945692067,6.628041376179533,6.577861357721047,6.588926477533519,7.074116816197362,7.547501682814967,6.90875477931522,6.637258031284457,6.542471960506805,6.646390514847729,6.633318433280377,6.735780014242327,6.525029657843462,6.684611727667927,6.633318433280377,6.61338421837956,6.459904454377535,6.601230118728877,6.608000625296087,6.666956792429207,6.871091294610546,6.823286122355687,7.05617528410041,6.70808408385307,6.97166860472579,7.102499355774649,7.094234845924755,6.853299093186078,6.741700694652055,6.733401891837359
6.340359303727752,6.331501849893691,6.152732694704104,7.5251007461258,6.876264611890766,5.986452005284438,6.118097198041348,6.07993319509559,5.84354441703136,5.765191102784844,7.889084407035514,6.655440350367647,5.993961427306569,5.8664680569332965,6.745236349484362,5.713732805509369,5.945420608606575,10.031484910599485,8.472195825485501,7.266128779556451,6.736966958001855,7.024649030453636,7.877017895622398,7.763446388727362,6.811244378601294,6.502790045915623,6.118097198041348,5.934894195619588,5.988961416889864,5.8664680569332965,8.271548374755515,6.697034247666484,6.369900982828227,5.929589143389895,6.018593214496234,5.820082930352362,5.697093486505405,5.517452896464707,6.023447592961033,5.918893854273146,5.365976015021851,5.700443573390686,5.627621113690637,5.560681631015528,5.501258210544727,5.739792912179234,6.939253946041508,5.934894195619588,5.823045895483019,6.107022887742255,5.616771097666572,5.568344503761097,5.697093486505405,7.605890001053122,5.916202062607435,6.253828811575473,5.902633333401366,5.910796644040527,6.1463292576688975,8.874168090363968
6.810142450115136,6.253828811575473,6.1092475827643655,6.284134161070802,6.267200548541362,6.38856140554563,6.579251212010101,6.6240652277998935,6.687108607866515,6.418364935936212,6.317164686747284,6.532334292222349,6.61338421837956,6.6320017773956295,6.761572768804055,6.568077911411976,6.472346294500901,6.42648845745769,6.380122536899765,6.677083461247136,6.541029999189903,6.47543271670409,6.703188113240863,6.62273632394984,6.490723534502507,6.380122536899765,6.507277712385012,6.368187186350492,6.646390514847729,6.4457198193855785,6.352629396319567,6.1779441140506,6.617402977974478,6.937314081223682,6.612041034833092,7.124478262493424,6.75343791859778,7.033506484287697,6.4692503167957724,7.063903961472068,6.944087208229528,7.069023426578259,7.1308988302963465,6.75110146893676,6.642486801367256,6.408528791059498,6.598509028614515,6.765038976780541,6.913737350659685,6.889591308354466,6.77078942390898,6.638567789166521,6.084499413075172,6.504288173536645,6.467698726104354,6.570882962339584,6.282266746896006,6.253828811575473,5.823045895483019,5.356586274672012
6.5998704992128365,6.697034247666484,6.759255270663693,6.882437470997847,6.942156705699469,6.822197390620491,6.594413459749778,6.459904454377535,6.51025834052315,6.551080335043404,6.75343791859778,7.132497551660044,6.826545223556594,6.322565239927284,6.473890696352274,6.406879986069314,6.400257445308821,7.382746449738912,7.237059026124737,6.496774990185863,6.470799503782602,6.553933404025811,6.573680166960646,6.532334292222349,6.677083461247136,6.876264611890766,6.658011045870748,6.670766320845874,6.455198563340122,6.419994928147142,6.516193076042964,6.586171654854675,6.728628613084702,6.551080335043404,6.559615237493242,6.806829360392176,6.587550014824796,6.670766320845874,6.85751406254539,6.952728644624869,6.577861357721047,6.635946555686647,6.499787040655854,6.548219102762372,6.584791392385716,6.763884908562435,6.76849321164863,6.542471960506805,6.530877627725885,6.532334292222349,6.415096959171596,6.338594078203183,6.51471269087253,6.647688373563329,6.735780014242327,6.431331081933479,6.208590026096629,6.244166900663736,6.39024066706535,6.001414877961151
3.49650756146648,3.912023005428146,4.290459441148391,4.356708826689592,4.418840607796598,3.8918202981106265,3.8918202981106265,3.8501476017100575,4.007333185232471,4.127134385045092,4.48863636973214,4.553876891600541,3.9889840465642745,3.970291913552122,4.158883083359672,4.174387269895637,4.204692619390966,4.605170185988092,4.804021044733257,4.290459441148391,4.060443010546419,4.04305126783455,4.219507705176107,4.127134385045092,5.298317366548036,4.890349128221754,4.430816798843313,4.219507705176107,4.304065093204169,4.709530201312334,4.382026634673881,4.59511985013459,5.0238805208462765,4.189654742026425,4.382026634673881,4.158883083359672,3.80666248977032,4.189654742026425,5.60947179518496,5.1647859739235145,4.248495242049359,4.0943445622221,4.158883083359672,4.127134385045092,4.262679877041316,4.553876891600541,4.477336814478207,3.784189633918261,3.970291913552122,3.9889840465642745,3.713572066704308,3.737669618283368,4.48863636973214,4.454347296253507,3.784189633918261,4.0943445622221,3.80666248977032,3.80666248977032,4.31748811353631,6.07073772800249
1.6094379124341005,1.791759469228055,3.4657359027997265,3.218875824868201,2.19722457733622,1.791759469228055,2.079441541679836,1.3862943611198906,1.3862943611198906,2.079441541679836,2.995732273553991,1.6094379124341005,1.6094379124341005,2.5649493574615367,1.9459101490553128,2.079441541679836,0.6931471805599453,3.091042453358316,1.9459101490553128,1.6094379124341005,2.079441541679836,1.3862943611198906,2.302585092994046,2.079441541679836,3.1354942159291497,1.791759469228055,2.079441541679836,2.5649493574615367,3.091042453358316,2.4849066497880004,2.19722457733622,3.1780538303479458,0.6931471805599453,1.9459101490553128,1.791759469228055,1.791759469228055,2.302585092994046,1.9459101490553128,3.295836866004329,0.6931471805599453,1.791759469228055,2.70805020110221,2.19722457733622,2.079441541679836,2.639057329615259,3.1780538303479458,2.4849066497880004,2.4849066497880004,2.639057329615259,2.079441541679836,2.4849066497880004,2.4849066497880004,3.970291913552122,2.9444389791664403,1.6094379124341005,1.791759469228055,2.70805020110221,2.4849066497880004,2.639057329615259,3.1780538303479458
7.038783541388542,7.038783541388542,6.852242569051878,6.950814768442584,7.028201432058005,7.126890808898808,7.150701457592526,7.072421900537371,7.157735484249907,7.16703787691222,7.730174795246222,7.2991214627108,7.262628600974241,7.2115567333138015,7.443663683115591,7.195187320178709,7.069023426578259,7.165493475060845,7.45298232946546,7.275864600546533,7.111512116496157,7.170888478512505,7.124478262493424,7.409136443920128,7.027314514039777,7.204892510204673,7.576609766973037,7.139660335964919,7.372746366404328,7.549082710812286,8.133293861222633,7.949797216161852,7.691200097522863,7.418180822726788,7.252053951852813,7.286191714702382,7.277938572945661,6.946013991099227,7.016609683894219,7.436617265234227,7.295735072749282,7.1180162044653335,7.164720378771857,7.0925737159746784,7.088408778675395,6.96979066990159,7.257707677160043,7.014814351275545,6.862757913051401,6.883462586413092,6.851184927493743,6.777646593635117,6.918695219020472,6.975413927455952,6.927557906278317,6.965080345601407,6.90975328164481,6.93828448401696,6.926577033222725,6.778784897685177
7.011213987350367,6.922643891475888,6.833031732786201,6.947937068614969,6.98933526597456,7.017506142941256,6.927557906278317,6.849066282633458,6.881411303642535,7.0192966537150445,7.118826249062078,7.01211529430638,7.156176637480615,7.172424577124845,7.166265974133638,7.136483208590247,6.957497370876951,7.173191742486599,7.057897937411856,7.050989447068045,7.186901020411631,7.201916317531627,7.2078598714324755,6.92461239604856,6.905753276311464,7.31986492980897,7.074116816197362,7.0192966537150445,7.301822342137932,7.098375638590786,6.963189985870238,7.0707241072602764,6.9726062513017535,7.024649030453636,6.9930151229329605,7.540621528657152,7.086737934510577,6.930494765951626,6.97354301952014,6.8416154764775925,7.085901464365611,7.016609683894219,6.925595197110468,6.815639990074331,7.090076835776092,6.86171134048073,6.895682697747868,7.01301578963963,6.943122422819428,7.042286171939743,7.061334366910438,6.890609120147166,6.905753276311464,6.960347729101308,7.179307969504034,7.077498053569231,7.011213987350367,7.007600613951853,7.055312843339752,6.912742820493176
2.4849066497880004,1.791759469228055,3.044522437723423,1.9459101490553128,2.3978952727983707,2.5649493574615367,2.079441541679836,2.4849066497880004,0.6931471805599453,1.9459101490553128,2.70805020110221,2.3978952727983707,1.791759469228055,2.70805020110221,2.302585092994046,1.9459101490553128,3.737669618283368,2.8903717578961645,2.772588722239781,2.302585092994046,2.70805020110221,1.9459101490553128,2.3978952727983707,2.639057329615259,2.302585092994046,2.302585092994046,2.5649493574615367,2.639057329615259,2.5649493574615367,2.302585092994046,2.302585092994046,2.4849066497880004,2.079441541679836,2.19722457733622,2.3978952727983707,2.079441541679836,2.3978952727983707,2.4849066497880004,2.4849066497880004,1.6094379124341005,1.9459101490553128,2.639057329615259,2.3978952727983707,2.995732273553991,2.639057329615259,2.9444389791664403,2.4849066497880004,2.833213344056216,2.639057329615259,2.4849066497880004,2.772588722239781,2.079441541679836,2.4849066497880004,2.3978952727983707,2.19722457733622,2.079441541679836,3.044522437723423,2.302585092994046,2.3978952727983707,2.19722457733622
3.713572066704308,4.605170185988092,5.762051382780177,4.7535901911063645,4.356708826689592,3.784189633918261,3.8918202981106265,3.295836866004329,4.454347296253507,4.0943445622221,3.7612001156935615,3.58351893845611,3.555348061489413,3.610917912644224,3.091042453358316,3.1354942159291497,3.044522437723423,3.80666248977032,3.8501476017100575,3.4011973816621555,3.1780538303479458,3.091042453358316,3.4339872044851463,3.295836866004329,3.8501476017100575,3.7612001156935615,3.091042453358316,3.4011973816621555,4.158883083359672,3.332204510175204,3.4011973816621555,5.916202062607435,5.703782474656201,6.198478716492308,5.318119993844216,4.465908118654584,4.04305126783455,4.127134385045092,4.787491742782046,4.248495242049359,4.07753744390572,4.02535169073515,3.4657359027997265,3.367295829986474,3.610917912644224,4.406719247264253,4.04305126783455,4.110873864173311,4.127134385045092,4.189654742026425,4.110873864173311,3.784189633918261,3.5263605246161616,3.737669618283368,3.332204510175204,3.688879454113936,3.7612001156935615,5.877735781779639,5.272999558563747,4.477336814478207
3.5263605246161616,3.610917912644224,4.02535169073515,3.4011973816621555,3.091042453358316,3.4339872044851463,3.5263605246161616,3.4657359027997265,3.8501476017100575,3.5263605246161616,3.258096538021482,2.995732273553991,3.367295829986474,3.784189633918261,4.430816798843313,3.713572066704308,3.737669618283368,3.4011973816621555,2.70805020110221,3.828641396489095,3.367295829986474,3.258096538021482,3.9318256327243257,3.49650756146648,3.1354942159291497,3.218875824868201,3.784189633918261,3.80666248977032,3.8918202981106265,3.80666248977032,3.610917912644224,2.995732273553991,3.1780538303479458,4.110873864173311,3.555348061489413,3.737669618283368,3.6375861597263857,3.6635616461296463,3.295836866004329,2.995732273553991,4.174387269895637,3.5263605246161616,5.147494476813453,5.849324779946859,4.762173934797756,4.605170185988092,6.184148890937483,5.631211781821365,5.37989735354046,4.406719247264253,4.110873864173311,3.912023005428146,3.6375861597263857,2.8903717578961645,3.9889840465642745,3.4657359027997265,3.49650756146648,3.4339872044851463,4.02535169073515,2.4849066497880004
2.639057329615259,3.295836866004329,3.80666248977032,3.5263605246161616,3.58351893845611,3.258096538021482,3.295836866004329,3.218875824868201,3.912023005428146,4.219507705176107,4.418840607796598,4.477336814478207,3.828641396489095,3.80666248977032,3.784189633918261,5.916202062607435,6.0063531596017325,5.986452005284438,5.8111409929767,4.875197323201151,4.564348191467836,4.584967478670572,4.204692619390966,4.204692619390966,4.430816798843313,4.110873864173311,3.8501476017100575,3.7612001156935615,3.6635616461296463,3.9889840465642745,4.04305126783455,3.970291913552122,4.51085950651685,4.189654742026425,4.454347296253507,3.9889840465642745,3.912023005428146,4.007333185232471,4.23410650459726,4.477336814478207,4.0943445622221,3.970291913552122,3.970291913552122,4.204692619390966,4.356708826689592,4.7535901911063645,4.820281565605037,4.672828834461906,4.442651256490317,4.276666119016055,4.465908118654584,4.31748811353631,4.330733340286331,4.605170185988092,4.553876891600541,4.219507705176107,4.6443908991413725,5.645446897643238,5.579729825986222,5.991464547107982
4.499809670330265,3.784189633918261,4.007333185232471,2.995732273553991,4.174387269895637,4.532599493153256,4.158883083359672,2.8903717578961645,3.1780538303479458,3.58351893845611,3.1354942159291497,4.997212273764115,4.304065093204169,4.23410650459726,3.555348061489413,3.295836866004329,3.1354942159291497,2.5649493574615367,4.718498871295094,3.1780538303479458,3.091042453358316,3.218875824868201,3.784189633918261,4.02535169073515,3.784189633918261,5.71042701737487,3.7612001156935615,3.610917912644224,4.787491742782046,4.795790545596741,4.143134726391533,3.688879454113936,5.3612921657094255,5.262690188904886,4.859812404361672,4.290459441148391,5.484796933490655,5.365976015021851,4.07753744390572,4.007333185232471,3.4657359027997265,3.044522437723423,3.7612001156935615,4.0943445622221,3.5263605246161616,3.1354942159291497,3.4339872044851463,3.80666248977032,3.044522437723423,4.3694478524670215,3.258096538021482,3.1354942159291497,3.367295829986474,4.174387269895637,3.218875824868201,3.5263605246161616,4.976733742420574,3.1780538303479458,3.784189633918261,4.736198448394496
4.262679877041316,4.934473933130692,4.442651256490317,4.77912349311153,4.919980925828125,4.727387818712341,4.653960350157523,4.543294782270004,4.584967478670572,4.59511985013459,4.718498871295094,4.919980925828125,4.859812404361672,4.820281565605037,4.948759890378168,4.8283137373023015,4.634728988229636,5.123963979403259,4.983606621708336,4.624972813284271,4.77912349311153,4.74493212836325,4.653960350157523,4.74493212836325,4.691347882229144,4.859812404361672,4.6443908991413725,4.584967478670572,5.075173815233827,4.795790545596741,4.691347882229144,5.0369526024136295,4.852030263919617,4.5217885770490405,4.499809670330265,4.653960350157523,4.762173934797756,4.382026634673881,4.477336814478207,4.8283137373023015,4.691347882229144,4.653960350157523,4.61512051684126,4.5217885770490405,4.110873864173311,5.0369526024136295,4.68213122712422,4.718498871295094,4.653960350157523,4.553876891600541,4.127134385045092,4.276666119016055,4.290459441148391,4.3694478524670215,4.174387269895637,4.442651256490317,4.248495242049359,4.51085950651685,4.584967478670572,4.394449154672439
1.0986122886681096,1.0986122886681096,1.0986122886681096,1.0986122886681096,1.0986122886681096,1.0986122886681096,1.3862943611198906,0.6931471805599453,0.6931471805599453,2.833213344056216,1.791759469228055,1.9459101490553128,3.1780538303479458,2.3978952727983707,1.0986122886681096,1.3862943611198906,0.6931471805599453,1.6094379124341005,0.6931471805599453,2.70805020110221,1.3862943611198906,3.258096538021482,1.3862943611198906,1.0986122886681096,1.3862943611198906,1.3862943611198906,1.252762968495368,1.0986122886681096,0.6931471805599453,0.6931471805599453,1.0986122886681096,1.6094379124341005,1.791759469228055,0.6931471805599453,1.3862943611198906,1.252762968495368,1.0986122886681096,1.3862943611198906,1.3862943611198906,1.3862943611198906,1.0986122886681096,1.791759469228055,1.0986122886681096,0.6931471805599453,1.3862943611198906,1.6094379124341005,0.6931471805599453,1.6094379124341005,1.6094379124341005,1.0986122886681096,0.6931471805599453,1.3862943611198906,1.3862943611198906,1.3862943611198906,1.3862943611198906,0.6931471805599453,1.6094379124341005,0.6931471805599453,1.3862943611198906,2.5649493574615367
3.828641396489095,3.9318256327243257,3.555348061489413,4.174387269895637,3.970291913552122,3.6375861597263857,3.8918202981106265,3.5263605246161616,3.7612001156935615,4.007333185232471,4.060443010546419,3.80666248977032,4.663439094112067,4.02535169073515,3.951243718581428,4.007333185232471,3.9318256327243257,4.442651256490317,4.0943445622221,4.248495242049359,3.6635616461296463,3.784189633918261,3.9889840465642745,4.31748811353631,3.737669618283368,3.737669618283368,4.553876891600541,4.68213122712422,4.672828834461906,4.110873864173311,3.8712010109078903,4.330733340286331,4.110873864173311,4.48863636973214,3.828641396489095,4.219507705176107,3.737669618283368,4.290459441148391,3.80666248977032,4.143134726391533,4.61512051684126,3.8918202981106265,3.8918202981106265,4.394449154672439,4.248495242049359,3.9318256327243257,3.951243718581428,4.158883083359672,4.31748811353631,4.189654742026425,3.912023005428146,4.0943445622221,4.007333185232471,3.80666248977032,3.912023005428146,3.4657359027997265,4.02535169073515,3.8712010109078903,3.828641396489095,4.02535169073515
2.995732273553991,1.3862943611198906,2.302585092994046,2.3978952727983707,2.639057329615259,2.079441541679836,2.079441541679836,2.302585092994046,1.3862943611198906,2.302585092994046,3.258096538021482,2.70805020110221,3.258096538021482,3.4011973816621555,2.70805020110221,2.4849066497880004,2.19722457733622,2.639057329615259,1.791759469228055,2.4849066497880004,2.4849066497880004,2.19722457733622,1.3862943611198906,2.4849066497880004,2.19722457733622,2.302585092994046,1.791759469228055,4.143134726391533,7.461065514354283,7.261927092702751,6.186208623900494,6.6052979209482015,6.687108607866515,6.0473721790462776,5.594711379601839,6.639875833826536,5.407171771460119,5.19295685089021,4.691347882229144,4.110873864173311,4.543294782270004,4.02535169073515,4.718498871295094,5.003946305945459,6.601230118728877,6.815639990074331,6.733401891837359,7.280697195384741,6.9726062513017535,6.546785410760524,6.586171654854675,6.333279628139691,5.356586274672012,5.327876168789581,5.293304824724492,5.123963979403259,7.247792581767846,6.904750769961838,6.113682179832232,5.049856007249537
0.6931471805599453,1.6094379124341005,1.6094379124341005,1.6094379124341005,0.6931471805599453,0.6931471805599453,0.6931471805599453,0.8472978603872036,0.9808292530117262,1.0986122886681096,1.0986122886681096,0.6931471805599453,1.0986122886681096,0.6931471805599453,0.9162907318741552,1.0986122886681096,1.3862943611198906,1.3862943611198906,0.6931471805599453,0.6931471805599453,0.6931471805599453,0.6931471805599453,0.6931471805599453,0.6931471805599453,1.0986122886681096,1.0986122886681096,1.0986122886681096,1.3862943611198906,1.6094379124341005,1.252762968495368,0.6931471805599453,1.6094379124341005,0.6931471805599453,1.0986122886681096,0.9808292530117262,0.8472978603872037,0.6931471805599453,0.6931471805599453,1.791759469228055,1.540445040947149,1.203972804325936,0.6931471805599453,0.6931471805599453,1.0986122886681096,1.3862943611198906,1.0986122886681096,1.3862943611198906,1.6094379124341005,1.0986122886681096,1.0986122886681096,0.9162907318741552,0.6931471805599453,1.6094379124341005,1.252762968495368,0.6931471805599453,0.9162907318741552,1.0986122886681096,1.0986122886681096,1.0986122886681096,1.0986122886681096
5.332718793265369,5.552959584921617,5.659482215759621,5.683579767338681,5.780743515792329,6.447305862541213,5.971261839790462,5.8664680569332965,5.424950017481403,5.645446897643238,6.720220155135295,5.986452005284438,5.996452088619021,6.169610732491456,5.730099782973575,5.5053315359323625,5.438079308923196,5.783825182329737,5.627621113690637,5.493061443340548,5.638354669333745,5.53338948872752,5.69035945432406,5.568344503761097,5.648974238161206,5.762051382780177,5.472270673671475,6.519147287940395,6.238324625039508,5.659482215759621,5.337538079701318,5.60947179518496,6.210600077024653,5.541263545158426,5.765191102784844,5.521460917862246,5.541263545158426,5.420534999272286,5.455321115357702,6.008813185442595,5.655991810819852,5.579729825986222,5.564520407322694,5.493061443340548,5.37989735354046,5.638354669333745,5.655991810819852,5.545177444479562,5.54907608489522,5.978885764901122,6.541029999189903,5.799092654460526,5.840641657373398,5.768320995793772,5.921578419643816,5.855071922202427,6.037870919922137,6.630683385642372,6.376726947898627,6.021023349349527
6.173786103901937,6.16541785423142,5.998936561946683,6.315358001522335,6.470799503782602,6.040254711277414,5.726847747587197,5.673323267171493,5.579729825986222,5.777652323222656,6.018593214496234,6.082218910376446,5.916202062607435,5.3612921657094255,5.945420608606575,6.376726947898627,5.572154032177765,5.905361848054571,6.410174881966167,5.459585514144159,5.303304908059076,5.855071922202427,6.111467339502679,5.4510384535657,5.468060141135132,5.8805329864007,5.313205979041787,5.087596335232384,5.303304908059076,5.313205979041787,5.236441962829949,5.5909869805108565,5.961005339623274,5.942799375126701,5.60947179518496,5.4510384535657,5.700443573390686,5.863631175598097,6.084499413075172,6.447305862541213,6.240275845170769,5.883322388488279,6.1224928095143865,6.966024187106113,6.16541785423142,6.226536669287466,6.655440350367647,6.18826412308259,6.405228458030842,5.849324779946859,5.780743515792329,5.942799375126701,5.891644211825771,6.22455842927536,6.317164686747284,6.139884552226255,6.129050210060545,5.916202062607435,5.883322388488279,6.148468295917647
0.6931471805599453,0.6931471805599453,0.6931471805599453,0.6931471805599453,0.6931471805599453,0.6931471805599453,0.6567795363890705,0.6190392084062235,0.5798184952529422,0.538996500732687,0.4964368863138911,0.4519851237430572,0.4054651081081644,0.3566749439387324,0.3053816495511819,0.2513144282809061,0.1941560144409574,0.1335313926245226,0.0689928714869515,0.0,0.2876820724517809,0.5108256237659907,0.6931471805599453,0.0,0.1177830356563834,0.2231435513142097,0.3184537311185346,0.4054651081081644,0.4855078157817007,0.5596157879354227,0.6286086594223741,0.6931471805599453,0.0,0.2231435513142097,0.4054651081081644,0.5596157879354227,0.6931471805599453,0.7472144018302211,0.7985076962177716,0.8472978603872036,0.8938178760220965,0.9382696385929304,0.9808292530117262,1.0216512475319814,1.0608719606852626,1.0986122886681096,0.6931471805599453,0.6931471805599453,0.6931471805599453,0.6931471805599453,0.6931471805599453,0.6931471805599453,0.6931471805599453,0.6190392084062235,0.538996500732687,0.4519851237430572,0.3566749439387324,0.2513144282809061,0.1335313926245226,0.0
6.487684018484611,6.594413459749778,6.3818160174060985,6.541029999189903,6.637258031284457,6.493753839851687,6.561030665896573,6.371611847231857,6.400257445308821,6.408528791059498,6.416732282512326,6.536691597591305,6.363028103540465,6.525029657843462,6.408528791059498,6.548219102762372,6.517671272912275,6.507277712385012,6.776506992372183,6.654152520183219,6.642486801367256,6.466144724237619,6.436150368369428,6.452048954437226,6.424869023905388,6.570882962339584,6.60934924316738,6.565264970035361,6.4692503167957724,6.472346294500901,6.541029999189903,6.839476438228843,6.953684210870537,7.045776576879511,6.99117688712121,6.75110146893676,6.683360945766275,6.838405200847344,6.739336627357174,6.9363427358340495,6.769641976852503,6.777646593635117,6.71174039505618,6.643789733147672,6.642486801367256,6.70073110954781,6.755768921984256,6.884486652042782,6.874198495453294,6.921658184151129,7.095893221097532,7.387090235656757,8.038512020976814,8.029107054619736,7.285506548522786,7.046647277848756,6.92951677076365,6.828712071641684,6.645090969505644,6.709304340258299
2.772588722239781,3.1354942159291497,2.995732273553991,2.302585092994046,1.9459101490553128,2.9444389791664403,2.995732273553991,3.1780538303479458,2.833213344056216,3.1354942159291497,2.70805020110221,1.0986122886681096,3.555348061489413,3.1780538303479458,2.8903717578961645,3.784189633918261,3.1780538303479458,1.791759469228055,2.4849066497880004,3.258096538021482,3.295836866004329,2.9444389791664403,3.9318256327243257,2.995732273553991,1.6094379124341005,2.302585092994046,2.833213344056216,2.833213344056216,2.3978952727983707,2.19722457733622,2.4849066497880004,2.5649493574615367,2.3978952727983707,2.4849066497880004,2.639057329615259,2.772588722239781,1.791759469228055,2.079441541679836,1.6094379124341005,2.3978952727983707,3.4011973816621555,2.833213344056216,2.995732273553991,2.833213344056216,2.19722457733622,1.9459101490553128,1.6094379124341005,2.70805020110221,2.833213344056216,2.639057329615259,2.70805020110221,3.091042453358316,2.3978952727983707,2.302585092994046,1.9459101490553128,2.079441541679836,2.639057329615259,2.772588722239781,3.091042453358316,2.5649493574615367
3.044522437723423,2.4849066497880004,2.70805020110221,2.4849066497880004,2.833213344056216,3.044522437723423,3.044522437723423,2.19722457733622,2.772588722239781,2.639057329615259,2.9444389791664403,2.833213344056216,2.5649493574615367,3.044522437723423,2.833213344056216,2.995732273553991,2.995732273553991,3.1354942159291497,3.258096538021482,3.1354942159291497,3.044522437723423,2.5649493574615367,2.833213344056216,2.833213344056216,2.772588722239781,2.8903717578961645,3.091042453358316,2.639057329615259,2.639057329615259,2.9444389791664403,2.9444389791664403,2.995732273553991,2.995732273553991,3.218875824868201,2.772588722239781,3.091042453358316,2.70805020110221,2.995732273553991,2.3978952727983707,3.091042453358316,2.5649493574615367,3.258096538021482,3.1354942159291497,3.295836866004329,3.091042453358316,2.995732273553991,3.4011973816621555,3.258096538021482,3.091042453358316,2.9444389791664403,3.1354942159291497,3.1780538303479458,2.3978952727983707,2.079441541679836,2.302585092994046,2.4849066497880004,3.4011973816621555,3.6635616461296463,3.091042453358316,3.1780538303479458
8.279697133877628,7.912056888179006,7.6676260915849905,7.932721027481948,7.7336835707759,7.299797366758161,7.160069207596127,7.601402334583733,7.349230824613334,7.242797922793756,7.131698510466912,7.213031659834869,6.994849985833071,6.917705609835305,6.922643891475888,6.755768921984256,6.748759547491679,6.932447891572509,6.982862751468942,6.706862336602747,6.673297967767654,6.673297967767654,6.655440350367647,6.736966958001855,6.865891074883439,6.957497370876951,7.413970290190444,6.777646593635117,6.641182169740591,6.594413459749778,6.555356891810665,6.739336627357174,6.877296071497429,6.648984550024776,6.805722553416985,7.053585727193677,7.147559271189454,6.802394763324311,7.025538314638521,7.181591944611865,6.883462586413092,6.726233402358747,6.932447891572509,6.6052979209482015,6.541029999189903,6.661854740545311,6.74993119378857,6.90975328164481,6.634633357861686,6.570882962339584,6.5998704992128365,6.428105272684596,6.71174039505618,6.875232087276577,7.399398083331354,6.78105762593618,6.682108597449809,6.650279048587422,6.584791392385716,6.513230110912307
6.306275286948016,6.396929655216146,6.210600077024653,6.329720905522696,6.302618975744905,6.212606095751519,6.284134161070802,6.180016653652572,6.248042874508429,6.182084906716632,6.113682179832232,6.274762021241939,6.2166061010848646,6.306275286948016,6.363028103540465,6.148468295917647,6.249975242259483,6.705639094860003,6.717804695023691,6.395261598115449,6.320768294250582,7.068172000388042,6.329720905522696,6.380122536899765,6.373319789577012,6.375024819828097,6.269096283706261,6.486160788944089,6.4457198193855785,6.45833828334479,6.26530121273771,6.228511003591184,6.343880434126331,6.440946540632921,6.424869023905388,6.3784261836515865,6.3818160174060985,6.416732282512326,6.423246963533519,6.473890696352274,6.52795791762255,6.45833828334479,6.582025138892826,6.448889394146858,6.437751649736401,6.267200548541362,6.3818160174060985,6.51025834052315,6.343880434126331,6.513230110912307,6.428105272684596,6.285998094508865,6.236369590203704,6.320768294250582,6.437751649736401,6.297109319933935,6.354370040797351,6.39024066706535,6.369900982828227,6.322565239927284
5.613128106388071,5.720311776607412,5.82600010738045,5.765191102784844,5.805134968916488,5.8522024797744745,5.860786223465865,5.717027701406222,5.883322388488279,5.739792912179234,5.579729825986222,5.823045895483019,5.768320995793772,5.828945617610208,5.902633333401366,6.003887067106539,5.7430031878094825,5.736572297479192,5.713732805509369,5.860786223465865,5.75890177387728,5.83773044716594,5.83773044716594,5.762051382780177,5.921578419643816,6.366470447731438,5.916202062607435,5.8944028342648505,5.926926025970411,5.971261839790462,5.886104031450156,5.929589143389895,5.961005339623274,5.948034989180646,6.035481432524756,6.003887067106539,5.963579343618446,5.886104031450156,5.69035945432406,6.008813185442595,6.001414877961151,5.953243334287785,5.921578419643816,5.899897353582492,5.7899601708972535,5.777652323222656,5.814130531825066,6.001414877961151,6.063785208687608,5.8971538676367405,6.045005314036012,5.84354441703136,6.142037405587356,6.326149473155099,6.021023349349527,5.902633333401366,5.771441123130016,5.932245187448011,6.07073772800249,6.405228458030842
5.730099782973575,5.749392985908253,5.771441123130016,5.886104031450156,5.831882477283517,6.07993319509559,6.297109319933935,7.778211474512493,7.074963197966044,6.45833828334479,6.26530121273771,6.22455842927536,6.326149473155099,6.317164686747284,6.502790045915623,6.502790045915623,6.38856140554563,6.008813185442595,7.065613363597717,7.274479558773871,6.778784897685177,6.756932389247553,6.587550014824796,6.522092798170152,6.352629396319567,7.1049654482698426,7.355001921105257,6.831953565565855,6.546785410760524,6.849066282633458,6.902742737158593,6.329720905522696,6.352629396319567,6.650279048587422,6.376726947898627,6.1675164908883415,6.343880434126331,6.093569770045136,5.831882477283517,6.175867270105761,6.180016653652572,6.159095388491933,6.035481432524756,5.808142489980444,5.4638318050256105,5.147494476813453,5.288267030694535,5.58724865840025,5.634789603169249,5.3706380281276624,5.37989735354046,5.19295685089021,4.700480365792417,4.709530201312334,5.225746673713202,5.3471075307174685,5.484796933490655,5.337538079701318,5.332718793265369,5.14166355650266
6.349138991379798,6.269096283706261,6.175867270105761,6.102558594613569,6.175867270105761,6.403574197934815,6.198478716492308,6.169610732491456,6.238324625039508,6.194405391104672,6.100318952020064,6.104793232414985,6.343880434126331,6.46302945692067,6.359573868672378,6.236369590203704,6.154858094016418,6.102558594613569,6.318968113746434,6.246106765481563,6.037870919922137,6.142037405587356,6.263398262591624,6.1224928095143865,5.976350909297934,6.075346031088684,6.202535517187923,6.57507584059962,6.391917113392602,6.478509642208569,6.306275286948016,6.297109319933935,6.380122536899765,6.499787040655854,6.495265555937008,6.659293919683638,6.569481420414296,6.442540166468199,6.326149473155099,6.444131256700441,6.586171654854675,6.464588303689961,6.529418838262226,6.45833828334479,6.459904454377535,6.495265555937008,6.453624998892692,6.493753839851687,6.453624998892692,6.484635235635252,6.342121418721152,6.444131256700441,6.249975242259483,6.2766434893416445,6.587550014824796,6.419994928147142,6.338594078203183,6.333279628139691,6.1463292576688975,5.981414211254481
2.19722457733622,3.295836866004329,2.8903717578961645,2.70805020110221,2.772588722239781,2.5649493574615367,2.8903717578961645,3.1780538303479458,2.19722457733622,2.772588722239781,2.995732273553991,2.8903717578961645,1.9459101490553128,3.58351893845611,3.091042453358316,3.091042453358316,3.737669618283368,2.19722457733622,2.70805020110221,3.7612001156935615,2.5649493574615367,3.4011973816621555,3.258096538021482,3.258096538021482,3.8918202981106265,5.53338948872752,4.007333185232471,2.4849066497880004,2.4849066497880004,2.772588722239781,3.1780538303479458,2.772588722239781,3.7612001156935615,2.079441541679836,2.70805020110221,2.302585092994046,2.5649493574615367,2.079441541679836,2.302585092994046,2.833213344056216,2.079441541679836,2.772588722239781,2.8903717578961645,3.332204510175204,5.056245805348308,5.293304824724492,6.3080984415095305,7.516977224604321,7.697121317282625,7.630461261783627,7.327123292259293,7.29776828253138,7.2254814727822945,6.958448393297656,7.02108396428914,6.96979066990159,6.84587987526405,7.161622002939187,6.721425700790643,6.78332520060396
0.0,0.0,0.0,0.0,0.6931471805599453,0.4054651081081644,0.0,0.6931471805599453,0.0,0.0,0.0,0.0,0.0,0.0,0.0,0.0,0.0,0.0,0.0,1.0986122886681096,0.0,0.0,0.0,0.0,0.0,0.4054651081081644,0.6931471805599453,0.4054651081081644,0.0,0.0,0.0,0.0,0.0,0.0,0.2876820724517809,0.5108256237659907,0.6931471805599453,0.0,0.0,0.0,0.0,0.0,0.0,0.0,0.0,0.0,0.6931471805599453,0.6931471805599453,0.5596157879354227,0.4054651081081644,0.2231435513142097,0.0,0.0,0.0,0.0,0.0,0.0,0.0,0.0,0.0
9.356430077848078,9.842515995544645,9.874470603465635,9.804992305787028,9.42108740295384,9.3915780082071,9.37568530456302,9.581834960513191,9.304559047215164,9.174298600628918,9.117457244496126,9.176162920174596,9.24483841238375,9.208739090609209,9.175541866433488,9.1446278286108,9.092232283495854,9.015055148790369,9.089753408987065,9.123801610558944,9.06820060481506,9.067047202149707,8.995536944936974,8.987696695703624,9.003562174748238,9.076694687106263,9.12347443895452,9.0642735958414,9.025696119812585,9.03013657115323,9.059866258621348,9.140561477368266,9.03741453682259,9.099073559547596,9.013960457931187,9.033006356693267,9.00565049932022,8.986446539271268,8.942199454731238,9.01663425631559,9.02485381183907,9.049232211581426,9.050406334059858,9.008835995765454,8.997642078523512,9.048174321385792,9.156306483483696,9.2751913442958,9.04310445260027,9.007856923358275,8.96890555068972,9.001839097398843,9.055205875026193,8.890685920281129,9.18778796750567,9.398312600278953,9.189321004752108,9.273972232220956,9.124564594954778,8.966356154790121
0.0,0.0,0.0,0.0,0.0,0.0,0.0,0.0,0.0,0.0,0.0,0.0,0.0,7.427144133408616,4.158883083359672,3.258096538021482,2.70805020110221,2.3978952727983707,2.5649493574615367,2.302585092994046,2.079441541679836,1.6094379124341005,2.3978952727983707,1.0986122886681096,1.3862943611198906,1.0986122886681096,1.3862943611198906,1.6094379124341005,1.0986122886681096,1.8718021769015916,2.302585092994046,1.9459101490553128,1.5040773967762742,0.6931471805599453,0.6931471805599453,0.6931471805599453,0.6931471805599453,0.6931471805599453,1.791759469228055,0.6931471805599453,0.0,1.791759469228055,1.6739764335716716,1.540445040947149,1.3862943611198906,0.9162907318741552,0.0,0.6931471805599453,1.0986122886681096,1.0986122886681096,0.6931471805599453,1.0986122886681096,0.6931471805599453,0.0,0.0,0.0,0.0,0.6931471805599453,1.0986122886681096,1.0986122886681096
6.735780014242327,6.727431724850855,7.10002716662926,6.799055862058796,6.917705609835305,6.947937068614969,6.901737206656574,6.836259277277067,6.828712071641684,6.88653164253051,6.684611727667927,6.966024187106113,6.948897222313312,7.050122520269059,7.04141166379481,7.280008252884188,6.895682697747868,6.621405651764134,6.953684210870537,6.98933526597456,6.923628628138427,7.018401799069201,7.009408932708637,6.934397209928558,6.778784897685177,7.090076835776092,6.976348070447749,7.049254841255837,6.900730664045173,6.892641641172089,6.79794041297493,6.725033642166843,7.085901464365611,6.98100574072173,7.030857476116121,7.00488198971286,7.007600613951853,6.8690144506657065,6.76849321164863,7.033506484287697,7.079184394609668,7.00033446027523,6.987490247000991,7.0192966537150445,7.208600337960199,6.660575149839686,7.016609683894219,7.011213987350367,6.939253946041508,6.97166860472579,6.984716320118265,7.534762657037537,6.665683717782408,6.826545223556594,6.675823221634848,6.563855526532128,6.602587892189336,6.419994928147142,6.29156913955832,5.872117789475416
5.0238805208462765,5.402677381872279,5.308267697401205,5.099866427824199,5.262690188904886,5.075173815233827,5.170483995038151,5.393627546352361,5.1647859739235145,5.356586274672012,5.049856007249537,5.135798437050262,4.820281565605037,5.187385805840755,4.882801922586371,5.298317366548036,4.955827057601261,4.912654885736052,5.814130531825066,5.648974238161206,5.262690188904886,4.934473933130692,5.231108616854587,5.3612921657094255,5.262690188904886,5.796057750765372,5.303304908059076,5.579729825986222,5.010635294096256,5.209486152841421,5.673323267171493,5.293304824724492,5.598421958998375,6.898714534329988,7.614805364711073,6.095824562432225,5.525452939131784,5.176149732573829,5.4510384535657,5.493061443340548,5.613128106388071,5.529429087511423,5.017279836814924,4.912654885736052,4.709530201312334,4.634728988229636,4.564348191467836,5.313205979041787,4.844187086458591,4.882801922586371,5.075173815233827,4.653960350157523,5.247024072160486,5.117993812416755,4.804021044733257,4.812184355372417,4.672828834461906,4.6443908991413725,4.962844630259907,5.087596335232384
3.713572066704308,3.58351893845611,3.737669618283368,3.332204510175204,3.737669618283368,3.688879454113936,3.80666248977032,3.5263605246161616,3.5263605246161616,3.7612001156935615,3.5263605246161616,3.258096538021482,3.8501476017100575,3.58351893845611,4.174387269895637,3.6635616461296463,3.713572066704308,3.58351893845611,3.6375861597263857,3.9318256327243257,4.143134726391533,3.610917912644224,3.80666248977032,3.737669618283368,3.4011973816621555,3.784189633918261,3.6635616461296463,3.6375861597263857,3.610917912644224,3.5263605246161616,3.688879454113936,3.610917912644224,3.332204510175204,4.219507705176107,3.713572066704308,3.610917912644224,3.49650756146648,3.295836866004329,3.091042453358316,3.688879454113936,3.951243718581428,3.4657359027997265,3.091042453358316,3.80666248977032,3.688879454113936,3.367295829986474,3.258096538021482,3.6375861597263857,4.356708826689592,4.060443010546419,3.258096538021482,3.713572066704308,3.367295829986474,3.4657359027997265,3.4657359027997265,3.4011973816621555,3.912023005428146,3.6375861597263857,3.218875824868201,4.060443010546419
6.20050917404269,6.304448802421981,6.077642243349034,6.124683390894205,6.309918278226516,6.173786103901937,6.023447592961033,6.148468295917647,6.259581464064923,6.12029741895095,5.8944028342648505,6.171700597410915,6.126869184114185,6.304448802421981,6.240275845170769,6.186208623900494,6.169610732491456,5.940171252720432,6.295266001439646,6.030685260261263,6.18826412308259,6.186208623900494,6.129050210060545,6.016157159698354,5.908082938168931,6.0867747269123065,6.037870919922137,6.040254711277414,6.082218910376446,6.082218910376446,5.981414211254481,6.137727054086234,6.154858094016418,6.104793232414985,6.107022887742255,6.091309882077698,6.084499413075172,6.037870919922137,5.981414211254481,6.131226489483141,6.202535517187923,6.171700597410915,6.35088571671474,6.20455776256869,5.932245187448011,5.855071922202427,5.945420608606575,5.993961427306569,5.981414211254481,5.849324779946859,5.84354441703136,5.820082930352362,5.805134968916488,5.723585101952381,5.802118375377063,5.8888779583328805,6.030685260261263,5.8971538676367405,5.849324779946859,5.755742213586912
5.993961427306569,6.111467339502679,5.981414211254481,6.343880434126331,6.368187186350492,6.093569770045136,5.863631175598097,5.786897381366708,5.8664680569332965,5.948034989180646,6.289715570908998,6.20455776256869,5.971261839790462,5.910796644040527,6.030685260261263,6.025865973825314,6.052089168924417,6.579251212010101,6.274762021241939,7.01301578963963,6.3835066348840055,6.683360945766275,6.324358962381311,6.356107660695892,6.410174881966167,6.236369590203704,6.131226489483141,6.154858094016418,6.313548046277095,6.391917113392602,6.206575926724928,6.230481447578482,6.453624998892692,6.156978985585555,6.016157159698354,7.21890970761906,6.208590026096629,6.0867747269123065,6.107022887742255,6.198478716492308,5.973809611869261,6.061456918928017,8.130647968160584,6.608000625296087,6.556778356158042,6.513230110912307,6.304448802421981,6.163314804034641,6.129050210060545,6.075346031088684,6.095824562432225,6.461468176353717,6.212606095751519,6.304448802421981,6.210600077024653,6.785587645007929,6.107022887742255,6.3080984415095305,6.236369590203704,6.5998704992128365
5.214935757608986,5.049856007249537,4.948759890378168,5.5053315359323625,5.2574953720277815,5.214935757608986,5.497168225293202,4.997212273764115,4.948759890378168,4.718498871295094,5.356586274672012,5.030437921392435,5.187385805840755,4.934473933130692,5.030437921392435,4.927253685157205,4.859812404361672,4.795790545596741,5.056245805348308,5.204006687076795,5.872117789475416,5.762051382780177,5.1647859739235145,5.476463551931511,5.638354669333745,5.41164605185504,5.720311776607412,5.497168225293202,5.231108616854587,5.393627546352361,5.402677381872279,5.53338948872752,5.613128106388071,5.420534999272286,5.3471075307174685,5.529429087511423,5.337538079701318,5.429345628954441,5.8522024797744745,5.820082930352362,5.820082930352362,5.676753802268282,5.655991810819852,5.560681631015528,5.602118820879701,6.637258031284457,7.6246189861593985,7.4570320891223805,6.921658184151129,7.19668657083435,7.354362330421477,6.937314081223682,6.779921907472252,6.608000625296087,6.602587892189336,6.733401891837359,6.486160788944089,6.778784897685177,6.732210706467206,6.467698726104354
6.251903883165888,6.251903883165888,6.75110146893676,6.439350371100098,6.907755278982137,6.295266001439646,6.2422232654551655,6.082218910376446,6.29156913955832,6.35088571671474,6.418364935936212,6.363028103540465,6.07073772800249,6.182084906716632,6.161207321695077,6.421622267806518,6.093569770045136,6.366470447731438,6.331501849893691,6.144185634125646,5.996452088619021,5.958424693029782,6.107022887742255,6.1092475827643655,6.522092798170152,6.504288173536645,5.966146739123692,6.028278520230698,5.978885764901122,5.918893854273146,6.054439346269371,6.169610732491456,6.280395838960195,5.966146739123692,6.035481432524756,6.107022887742255,6.958448393297656,6.139884552226255,6.400257445308821,6.442540166468199,6.001414877961151,6.208590026096629,6.315358001522335,6.413458957167357,6.289715570908998,6.368187186350492,6.4457198193855785,6.490723534502507,6.111467339502679,6.100318952020064,5.966146739123692,6.052089168924417,6.154858094016418,7.811163385025279,6.2766434893416445,6.144185634125646,6.073044534100405,6.045005314036012,6.226536669287466,6.590301048196686
6.62273632394984,7.544332108053688,6.70808408385307,6.173786103901937,6.0330862217988015,6.467698726104354,7.079184394609668,6.987490247000991,6.60934924316738,6.186208623900494,6.068425588244111,5.998936561946683,5.863631175598097,5.863631175598097,5.739792912179234,5.631211781821365,5.631211781821365,5.583496308781699,5.717027701406222,5.5053315359323625,5.298317366548036,5.198497031265826,5.225746673713202,5.272999558563747,5.442417710521793,5.37989735354046,5.231108616854587,5.135798437050262,5.327876168789581,6.46302945692067,5.2574953720277815,5.123963979403259,5.123963979403259,5.2574953720277815,5.288267030694535,5.2832037287379885,5.2832037287379885,4.852030263919617,5.272999558563747,5.755742213586912,5.43372200355424,5.236441962829949,5.187385805840755,5.087596335232384,4.919980925828125,4.941642422609304,5.043425116919247,5.332718793265369,5.455321115357702,5.2832037287379885,5.579729825986222,5.493061443340548,5.043425116919247,5.662960480135946,5.476463551931511,5.424950017481403,5.616771097666572,5.605802066295998,6.652863029353347,5.3612921657094255
2.833213344056216,2.8903717578961645,2.5649493574615367,2.70805020110221,2.995732273553991,3.091042453358316,2.079441541679836,3.091042453358316,2.833213344056216,2.19722457733622,2.4849066497880004,2.302585092994046,2.833213344056216,2.4849066497880004,2.995732273553991,3.044522437723423,2.8903717578961645,2.833213344056216,2.833213344056216,2.9444389791664403,2.8903717578961645,2.9444389791664403,3.218875824868201,2.9444389791664403,2.4849066497880004,2.772588722239781,3.258096538021482,2.5649493574615367,2.639057329615259,2.5649493574615367,2.3978952727983707,2.302585092994046,2.302585092994046,2.772588722239781,2.4849066497880004,2.772588722239781,2.833213344056216,2.5649493574615367,2.833213344056216,2.5649493574615367,2.9444389791664403,2.772588722239781,2.70805020110221,2.4849066497880004,2.079441541679836,2.639057329615259,2.833213344056216,2.995732273553991,2.639057329615259,2.70805020110221,2.3978952727983707,2.772588722239781,2.995732273553991,2.9444389791664403,2.5649493574615367,2.4849066497880004,2.9444389791664403,2.70805020110221,2.995732273553991,3.5263605246161616
6.697034247666484,7.0825485693553,7.301822342137932,6.683360945766275,7.116394144093465,7.43307534889858,7.784889295655098,7.77779262633883,7.7406644019172415,7.582738488914411,6.930494765951626,7.2640301428995295,7.562161631225652,7.729735331385051,7.774015077250727,7.738052297689316,7.329749689041512,6.548219102762372,6.54534966033442,7.292337176173877,7.687997166393016,7.86403565907245,7.7488913372555315,6.919683849847411,6.926577033222725,7.375255778009754,7.643961949002529,7.779885115070522,7.887208585813932,7.786967002614872,7.531552381407289,6.61472560020376,7.131698510466912,7.454141078146678,7.4815557019095165,7.529943370601589,7.440733707389261,6.947937068614969,6.249975242259483,6.481577129276431,6.839476438228843,6.954638864880987,6.961296045910167,6.633318433280377,5.950642552587727,5.375278407684165,5.662960480135946,5.783825182329737,5.568344503761097,5.638354669333745,5.14166355650266,5.14166355650266,4.969813299576001,4.990432586778736,5.135798437050262,5.111987788356544,5.525452939131784,5.501258210544727,5.560681631015528,5.365976015021851
3.737669618283368,3.9318256327243257,3.49650756146648,2.995732273553991,2.8903717578961645,3.4657359027997265,2.772588722239781,3.4657359027997265,3.332204510175204,3.218875824868201,3.4657359027997265,2.3978952727983707,3.49650756146648,3.091042453358316,3.784189633918261,2.772588722239781,3.091042453358316,2.639057329615259,3.332204510175204,2.833213344056216,2.995732273553991,2.639057329615259,2.9444389791664403,2.70805020110221,3.218875824868201,2.079441541679836,2.833213344056216,2.302585092994046,3.4657359027997265,3.044522437723423,2.8903717578961645,2.5649493574615367,2.772588722239781,2.833213344056216,3.49650756146648,3.218875824868201,2.772588722239781,3.4011973816621555,3.1780538303479458,2.3978952727983707,2.302585092994046,2.3978952727983707,2.4849066497880004,1.791759469228055,2.8903717578961645,2.079441541679836,1.6094379124341005,2.3978952727983707,1.9459101490553128,1.9459101490553128,2.079441541679836,2.995732273553991,1.9459101490553128,2.079441541679836,2.9444389791664403,2.9444389791664403,3.091042453358316,2.9444389791664403,3.218875824868201,2.8903717578961645
7.715569534520208,7.738923757439457,7.57198844937744,7.374001859350161,7.472500744737558,7.835974581721566,7.848153086199526,7.884952945759814,7.860185057472165,7.67368812926773,7.413970290190444,7.3938782901077555,7.724888439323074,7.889459149404524,7.895436006942965,7.889459149404524,7.658227526161352,7.274479558773871,7.378383712996714,7.761319180947987,7.791109510610028,7.807916628926408,7.756195343948118,7.602900462204755,7.205635176410364,7.442492722794441,7.647786045440933,7.703910209616311,7.645875825184813,7.590852123688581,7.402451520818244,7.074963197966044,7.153833801578843,7.509883061154913,7.581719640125308,7.546446273746024,7.569411792450712,7.323830566202317,7.016609683894219,6.994849985833071,7.342131730584722,7.423568444259167,7.4489161025442,7.331060305218632,7.064759027791802,7.00488198971286,6.698268054115413,6.9363427358340495,6.840546529288687,6.82001636467413,6.539585955617669,6.333279628139691,5.857933154483459,5.673323267171493,6.2166061010848646,6.587550014824796,6.450470422144176,6.2766434893416445,6.311734809152915,6.021023349349527
1.9459101490553128,1.791759469228055,1.0986122886681096,1.791759469228055,2.4849066497880004,2.5649493574615367,1.791759469228055,1.6094379124341005,2.19722457733622,1.9459101490553128,2.079441541679836,2.19722457733622,1.6094379124341005,2.3978952727983707,1.791759469228055,3.1354942159291497,2.302585092994046,1.3862943611198906,1.9459101490553128,1.9459101490553128,2.079441541679836,1.791759469228055,2.079441541679836,2.3978952727983707,2.5649493574615367,1.6094379124341005,1.791759469228055,2.079441541679836,1.3862943611198906,1.9459101490553128,1.791759469228055,1.6094379124341005,2.833213344056216,2.302585092994046,2.70805020110221,1.6094379124341005,2.8903717578961645,3.1354942159291497,1.791759469228055,2.302585092994046,1.9459101490553128,3.295836866004329,2.302585092994046,2.079441541679836,2.772588722239781,2.19722457733622,2.4849066497880004,3.1780538303479458,2.9444389791664403,2.3978952727983707,2.70805020110221,2.3978952727983707,1.791759469228055,2.4849066497880004,2.19722457733622,1.9459101490553128,1.3862943611198906,1.9459101490553128,1.0986122886681096,1.6094379124341005
6.269096283706261,6.320768294250582,6.375024819828097,6.297109319933935,6.2878585601617845,6.075346031088684,9.561138078742038,10.445899048861303,10.3885029394023,10.166428573724405,9.946547041996576,9.939481912759504,9.67965626478542,9.553362539461128,9.475623449484484,9.24009333012553,9.031094081699155,8.880585523102495,8.970050661827003,9.031811613420924,9.728717411895008,9.449278529189034,9.241935933565934,8.940760134888384,8.734721003944811,8.791790024319363,8.718009330846357,8.566935283311052,8.374246182096304,8.386400901166214,8.457443187010464,8.270269111436624,8.420241665339788,8.184513753033722,8.063692634269517,8.058643712215618,8.0519780789023,7.964503363551548,7.88570539124302,7.930206206684683,7.893572073504902,7.842278779117352,7.834392302910435,7.79770203551669,7.850882664809852,7.689828668736484,7.75833346749091,7.680637427560936,7.643961949002529,7.699842407396986,7.609862200913554,7.521859252201629,7.431299675155903,7.462214939768189,7.547501682814967,7.552237287560802,7.4815557019095165,7.599401333415815,8.523175263093785,8.13505390861157
3.5263605246161616,3.4339872044851463,3.332204510175204,3.49650756146648,4.653960350157523,3.4339872044851463,3.295836866004329,2.772588722239781,3.091042453358316,2.19722457733622,3.1780538303479458,2.70805020110221,3.218875824868201,2.995732273553991,3.1780538303479458,2.639057329615259,2.70805020110221,3.044522437723423,2.70805020110221,2.9444389791664403,3.367295829986474,2.70805020110221,3.258096538021482,2.70805020110221,2.5649493574615367,2.8903717578961645,3.5263605246161616,3.1354942159291497,3.332204510175204,3.4339872044851463,3.4657359027997265,2.9444389791664403,3.688879454113936,4.406719247264253,3.8712010109078903,3.8712010109078903,3.6375861597263857,3.713572066704308,3.4657359027997265,3.332204510175204,4.219507705176107,3.7612001156935615,3.258096538021482,3.737669618283368,3.4339872044851463,3.1780538303479458,3.367295829986474,3.295836866004329,3.4657359027997265,3.4657359027997265,3.332204510175204,3.218875824868201,3.367295829986474,4.204692619390966,3.5263605246161616,3.1354942159291497,3.4011973816621555,3.610917912644224,3.332204510175204,3.295836866004329
5.14166355650266,5.030437921392435,5.220355825078325,5.3981627015177525,6.208590026096629,5.272999558563747,4.941642422609304,4.859812404361672,5.231108616854587,5.030437921392435,5.4510384535657,6.309918278226516,5.241747015059643,4.90527477843843,5.003946305945459,5.003946305945459,5.049856007249537,6.037870919922137,5.971261839790462,5.043425116919247,5.3706380281276624,5.159055299214529,5.1298987149230735,5.099866427824199,5.556828061699537,6.133398042996649,5.1647859739235145,5.288267030694535,5.231108616854587,5.4510384535657,5.384495062789089,5.484796933490655,5.840641657373398,5.159055299214529,4.852030263919617,5.19295685089021,5.093750200806762,5.568344503761097,5.568344503761097,6.478509642208569,5.337538079701318,5.501258210544727,5.308267697401205,5.484796933490655,6.51471269087253,6.725033642166843,6.210600077024653,5.356586274672012,4.948759890378168,5.204006687076795,5.393627546352361,5.407171771460119,5.799092654460526,5.752572638825633,5.966146739123692,5.613128106388071,5.6937321388027,5.955837369464831,5.5053315359323625,7.352441100243583
0.0,0.0,0.0,0.0,0.0,0.0,0.0,0.0,0.0,0.0,2.772588722239781,3.4339872044851463,3.828641396489095,4.110873864173311,4.330733340286331,5.25227342804663,5.529429087511423,5.087596335232384,5.4510384535657,5.41610040220442,5.272999558563747,4.158883083359672,0.6931471805599453,3.258096538021482,3.912023005428146,4.304065093204169,4.584967478670572,4.804021044733257,4.983606621708336,5.455321115357702,5.455321115357702,5.455321115357702,5.455321115357702,5.455321115357702,5.455321115357702,5.455321115357702,5.455321115357702,5.455321115357702,5.455321115357702,5.455321115357702,5.455321115357702,5.455321115357702,5.455321115357702,5.455321115357702,5.455321115357702,5.455321115357702,5.455321115357702,5.455321115357702,5.455321115357702,5.455321115357702,5.455321115357702,5.455321115357702,5.455321115357702,5.455321115357702,5.455321115357702,5.455321115357702,5.455321115357702,5.455321115357702,5.455321115357702,5.455321115357702
2.4849066497880004,1.6094379124341005,1.6094379124341005,3.044522437723423,2.079441541679836,1.6094379124341005,1.3862943611198906,1.0986122886681096,1.9459101490553128,0.6931471805599453,0.6931471805599453,1.6094379124341005,1.3862943611198906,1.791759469228055,1.791759469228055,1.791759469228055,1.9459101490553128,2.19722457733622,1.6094379124341005,1.6094379124341005,1.6094379124341005,1.6094379124341005,1.791759469228055,2.19722457733622,2.302585092994046,1.791759469228055,0.6931471805599453,1.791759469228055,1.791759469228055,1.9459101490553128,2.079441541679836,2.302585092994046,1.791759469228055,1.3862943611198906,1.0986122886681096,1.3862943611198906,2.19722457733622,1.791759469228055,2.3978952727983707,1.791759469228055,1.0986122886681096,1.3862943611198906,1.791759469228055,1.3862943611198906,1.6094379124341005,1.6094379124341005,1.3862943611198906,1.0986122886681096,1.791759469228055,2.079441541679836,1.0986122886681096,1.791759469228055,1.6094379124341005,1.9459101490553128,1.3862943611198906,1.3862943611198906,0.0,1.3862943611198906,1.6094379124341005,1.6094379124341005
6.82001636467413,6.887552571664617,6.933423025730715,6.970730078143525,7.089243155027514,7.033506484287697,6.859614903654202,6.688354713946762,6.739336627357174,6.70196036600254,6.71295620067707,6.894670039433482,6.594413459749778,6.556778356158042,6.570882962339584,6.533788837933344,6.565264970035361,6.651571873589727,6.699500340161678,6.591673732008658,6.489204931325317,6.508769136971682,6.406879986069314,6.612041034833092,6.695798917058491,6.651571873589727,6.693323668269949,6.706862336602747,6.5998704992128365,6.787844982309579,6.717804695023691,6.6039438246004725,6.739336627357174,6.602587892189336,6.484635235635252,6.53813982376767,6.504288173536645,6.452048954437226,6.594413459749778,6.594413459749778,6.678342114654332,6.487684018484611,6.480044561926653,6.496774990185863,6.452048954437226,6.520621127558696,6.690842277418564,6.726233402358747,6.626717749249025,6.444131256700441,6.439350371100098,6.364750756851911,6.375024819828097,6.489204931325317,6.461468176353717,6.396929655216146,6.516193076042964,6.376726947898627,6.298949246855942,5.8888779583328805
8.477412321404392,8.491875383431948,8.392989587956931,8.15507488781144,8.29154650988391,8.552946361122055,8.596743470174246,8.623533227187565,8.545391845774915,8.871926251117628,8.998384010052538,8.874308038583354,9.027978814382209,8.947025655972697,8.824383730256061,8.719970756777574,8.71768205216564,8.254788926148725,8.351610750626559,8.558335134747413,8.559294367434873,8.564649132572534,8.316544717929398,8.240648863374913,8.13622555490846,8.18004072349016,8.51919119407891,8.477620416296414,8.498621805830801,8.565983355585669,8.389814262086407,8.064321960910803,8.161375023197486,8.373322820996535,8.419800845407588,8.497398564088058,8.432506383249043,8.343077871169383,8.011355109161286,8.101677747454572,8.4096079807363,8.434680769841773,8.417814747435958,8.336390480591552,8.249313746260636,7.962415680121063,7.962067308753666,8.291295851905407,8.274611946209552,8.267448958304849,8.197538739721184,7.980707820869669,7.680637427560936,7.601402334583733,7.883823214892152,8.249575150000199,8.429235912657095,8.814479000010714,8.32457884513685,7.948031990637284
5.986452005284438,6.042632833682381,6.084499413075172,5.929589143389895,6.113682179832232,5.958424693029782,5.998936561946683,6.144185634125646,6.107022887742255,6.066108090103747,5.953243334287785,6.001414877961151,6.104793232414985,5.902633333401366,5.991464547107982,6.052089168924417,5.983936280687191,5.828945617610208,6.095824562432225,6.0330862217988015,5.961005339623274,5.996452088619021,6.148468295917647,5.993961427306569,6.0867747269123065,5.978885764901122,5.983936280687191,6.082218910376446,6.061456918928017,6.089044875446846,6.084499413075172,6.111467339502679,6.089044875446846,6.218600119691729,6.248042874508429,6.137727054086234,6.100318952020064,6.023447592961033,6.1463292576688975,6.259581464064923,6.077642243349034,5.8971538676367405,5.998936561946683,6.115892125483034,6.244166900663736,6.054439346269371,6.163314804034641,6.102558594613569,6.07993319509559,6.0473721790462776,6.093569770045136,6.2422232654551655,6.113682179832232,6.137727054086234,6.152732694704104,6.182084906716632,6.077642243349034,6.016157159698354,6.082218910376446,6.1463292576688975
7.120444372392488,6.675823221634848,6.755768921984256,7.1049654482698426,7.445417556701687,6.777646593635117,6.645090969505644,6.26530121273771,6.57507584059962,6.895682697747868,6.906754778648554,7.05444965813294,6.648984550024776,6.529418838262226,6.606650186198215,6.35088571671474,6.432940092739179,6.660575149839686,6.891625897052253,6.415096959171596,6.272877006546167,6.07073772800249,6.248042874508429,6.2422232654551655,6.536691597591305,6.6320017773956295,6.400257445308821,6.338594078203183,6.228511003591184,6.09807428216624,6.315358001522335,6.556778356158042,7.464509834636527,6.859614903654202,6.398594934535208,6.843749949006225,8.261009786023827,7.431299675155903,7.219642040130735,7.582738488914411,6.9985096422506015,6.698268054115413,6.511745329644728,6.966967138613983,6.849066282633458,6.872128101338986,6.947937068614969,6.573680166960646,6.467698726104354,7.274479558773871,6.628041376179533,6.26530121273771,6.274762021241939,6.630683385642372,6.882437470997847,7.27655640271871,7.00488198971286,6.78105762593618,6.695798917058491,7.389563953677635
7.881559917056899,8.056743774975313,7.830822995135316,7.462789157412448,7.7651449029361315,8.215276958936633,8.382975849296429,8.287528423111763,8.193676665955241,7.774435510302958,7.437206366871292,7.724004656676065,8.08271113423758,8.210396255104774,8.176110342237342,8.082402253926244,7.60688453121963,7.2305631534092925,7.453561871643373,7.846198815497425,8.113726085970747,8.158516244806831,8.014335737299424,7.401231264413015,7.261225091971921,7.691656822810547,8.002359546252707,8.094988759303774,8.00202481821611,7.917536353943631,7.56164174558878,7.0192966537150445,7.4815557019095165,7.720905251936779,7.931284761525891,7.704811922932594,7.661527081358517,7.327780538421631,6.784457062637643,7.131698510466912,7.403061091090091,7.5251007461258,7.449498005382849,7.180069874302796,6.717804695023691,6.238324625039508,6.551080335043404,6.698268054115413,6.739336627357174,6.400257445308821,5.971261839790462,5.765191102784844,5.318119993844216,4.962844630259907,6.030685260261263,6.192362489474872,6.2878585601617845,6.280395838960195,6.1463292576688975,5.552959584921617
6.827629234502852,6.727431724850855,6.663132695990803,6.61338421837956,6.934397209928558,6.794586580876499,6.79346613258001,6.746412128573375,6.56244409369372,6.818924065275521,6.598509028614515,6.8966943316227125,6.895682697747868,6.851184927493743,6.854354502255021,6.982862751468942,6.765038976780541,6.621405651764134,6.988413181999592,6.826545223556594,7.251344983372214,6.9957661563048505,6.915723448631314,6.833031732786201,6.796823718274855,7.088408778675395,7.044032897274685,7.0587581525186645,7.018401799069201,6.983789965258135,7.05617528410041,6.987490247000991,7.24422751560335,7.076653815443951,7.186901020411631,7.052721049232323,7.048386408721883,6.79346613258001,6.77078942390898,6.985641817639208,7.059617628291383,7.002155954403621,7.0587581525186645,6.93537044601511,6.828712071641684,6.635946555686647,6.610696044717759,6.612041034833092,6.694562058521095,6.703188113240863,6.553933404025811,6.530877627725885,6.255750041753367,6.418364935936212,6.720220155135295,6.739336627357174,6.795705775173515,6.954638864880987,6.853299093186078,6.541029999189903
4.5217885770490405,4.465908118654584,4.248495242049359,4.48863636973214,4.574710978503383,4.5217885770490405,4.418840607796598,4.127134385045092,4.356708826689592,4.418840607796598,4.204692619390966,4.68213122712422,5.010635294096256,5.0369526024136295,4.718498871295094,4.189654742026425,4.553876891600541,4.442651256490317,4.3694478524670215,4.158883083359672,4.406719247264253,4.23410650459726,4.127134385045092,4.060443010546419,4.007333185232471,4.584967478670572,4.330733340286331,4.382026634673881,4.48863636973214,4.51085950651685,4.672828834461906,4.605170185988092,4.477336814478207,4.465908118654584,4.418840607796598,4.74493212836325,4.997212273764115,4.770684624465665,4.836281906951478,4.859812404361672,4.634728988229636,4.787491742782046,4.770684624465665,4.836281906951478,4.564348191467836,4.68213122712422,4.897839799950911,6.920671504248683,8.326274787396764,5.318119993844216,4.61512051684126,4.553876891600541,4.624972813284271,4.584967478670572,4.804021044733257,4.68213122712422,4.553876891600541,4.882801922586371,4.77912349311153,4.867534450455582
6.669498089857879,6.705639094860003,6.625392368007956,6.131226489483141,6.282266746896006,6.716594773520978,6.859614903654202,7.083387847625295,6.883462586413092,6.429719478039138,6.180016653652572,6.257667587882639,6.871091294610546,6.894670039433482,6.637258031284457,6.606650186198215,6.320768294250582,5.707110264748875,6.19644412779452,6.51471269087253,6.608000625296087,6.466144724237619,6.504288173536645,6.159095388491933,5.905361848054571,5.8888779583328805,6.421622267806518,6.26530121273771,6.345636360828596,6.302618975744905,6.003887067106539,5.627621113690637,5.71042701737487,6.317164686747284,6.322565239927284,5.998936561946683,6.063785208687608,6.643789733147672,7.022868086082641,6.516193076042964,6.709304340258299,6.364750756851911,6.410174881966167,6.169610732491456,5.976350909297934,5.8522024797744745,5.545177444479562,5.981414211254481,6.20455776256869,5.786897381366708,5.521460917862246,5.111987788356544,4.927253685157205,4.553876891600541,5.459585514144159,5.8522024797744745,5.384495062789089,5.241747015059643,5.147494476813453,5.056245805348308
6.583409222158765,6.60934924316738,6.473890696352274,6.284134161070802,6.3080984415095305,6.68586094706836,6.804614520062624,6.555356891810665,6.551080335043404,6.493753839851687,6.3473892096560105,6.406879986069314,6.889591308354466,6.854354502255021,6.795705775173515,6.695798917058491,6.570882962339584,6.366470447731438,6.42648845745769,6.8001700683022,6.7580945044277305,6.703188113240863,6.756932389247553,6.54534966033442,6.539585955617669,6.523562306149512,6.745236349484362,6.765038976780541,6.670766320845874,6.739336627357174,6.591673732008658,6.439350371100098,6.459904454377535,6.787844982309579,6.81783057145415,6.744059186311348,6.670766320845874,6.641182169740591,6.340359303727752,6.594413459749778,6.660575149839686,6.597145701886651,6.566672429803241,6.371611847231857,6.499787040655854,6.274762021241939,6.434546518787453,6.532334292222349,6.508769136971682,6.504288173536645,6.492239835020471,6.400257445308821,6.159095388491933,6.093569770045136,6.481577129276431,6.580639137284949,6.51025834052315,6.450470422144176,6.366470447731438,6.089044875446846
7.284134806195205,7.473637108496206,7.331060305218632,6.904750769961838,7.173958319756794,7.543273346705446,7.676009932028887,7.6236419465115715,7.581209826196346,7.329093736246591,6.923628628138427,7.180069874302796,7.5883236773352225,7.59488438721652,7.565793282428515,7.4413203897176174,7.247080584585756,6.849066282633458,6.912742820493176,7.2868764117507,7.444833273892193,7.527793987721444,7.43307534889858,7.0925737159746784,6.79794041297493,7.00488198971286,7.329093736246591,7.3914152346753585,7.2991214627108,7.27655640271871,7.055312843339752,6.796823718274855,6.866933284461882,7.174724309836376,7.228388451573604,7.208600337960199,7.083387847625295,6.9985096422506015,6.668228248417403,6.880384082186005,7.139660335964919,7.187657164114956,7.213768308118642,7.090076835776092,6.799055862058796,6.78897174299217,6.794586580876499,7.120444372392488,7.254884810077338,6.802394763324311,6.666956792429207,6.532334292222349,6.251903883165888,6.26530121273771,6.86484777797086,6.90875477931522,7.07326971745971,7.01571242048723,6.994849985833071,6.699500340161678
5.54907608489522,5.627621113690637,5.43372200355424,5.683579767338681,6.018593214496234,5.730099782973575,5.638354669333745,5.4638318050256105,5.327876168789581,5.159055299214529,5.488937726156687,5.288267030694535,5.37989735354046,5.3471075307174685,5.459585514144159,5.298317366548036,5.375278407684165,5.552959584921617,5.641907070938114,5.680172609017068,5.43372200355424,5.648974238161206,5.521460917862246,5.455321115357702,5.459585514144159,5.713732805509369,5.683579767338681,5.541263545158426,5.337538079701318,5.4638318050256105,5.327876168789581,5.476463551931511,5.652489180268651,5.41610040220442,5.493061443340548,5.71042701737487,5.484796933490655,5.3981627015177525,5.472270673671475,5.616771097666572,5.43372200355424,5.484796933490655,5.579729825986222,5.54907608489522,5.351858133476067,5.407171771460119,5.293304824724492,5.351858133476067,5.298317366548036,5.44673737166631,5.389071729816501,5.41164605185504,5.472270673671475,5.2832037287379885,5.318119993844216,5.303304908059076,5.3981627015177525,5.3706380281276624,5.393627546352361,5.204006687076795
2.079441541679836,1.3862943611198906,1.0986122886681096,1.3862943611198906,1.9459101490553128,1.0986122886681096,1.3862943611198906,0.6931471805599453,0.6931471805599453,2.302585092994046,1.9459101490553128,1.6094379124341005,1.3862943611198906,0.0,1.0986122886681096,0.0,0.0,1.0986122886681096,1.6094379124341005,0.6931471805599453,1.0986122886681096,1.0986122886681096,1.0986122886681096,1.3862943611198906,1.0986122886681096,1.3862943611198906,0.6931471805599453,1.6094379124341005,1.3862943611198906,1.0986122886681096,0.0,1.3862943611198906,1.0986122886681096,1.0986122886681096,1.0986122886681096,0.0,1.0986122886681096,0.6931471805599453,1.9459101490553128,0.0,1.3862943611198906,0.6931471805599453,1.0986122886681096,2.079441541679836,2.079441541679836,2.19722457733622,1.791759469228055,1.6094379124341005,1.9459101490553128,2.079441541679836,0.6931471805599453,1.6094379124341005,1.0986122886681096,1.0986122886681096,1.0986122886681096,0.0,1.6094379124341005,1.3862943611198906,0.6931471805599453,1.3862943611198906
3.4339872044851463,2.772588722239781,2.70805020110221,2.4849066497880004,4.61512051684126,3.332204510175204,2.8903717578961645,3.044522437723423,2.995732273553991,2.302585092994046,2.5649493574615367,2.079441541679836,3.044522437723423,2.9444389791664403,3.4339872044851463,2.833213344056216,3.1354942159291497,2.639057329615259,2.302585092994046,2.833213344056216,3.295836866004329,3.1780538303479458,2.9444389791664403,2.995732273553991,2.5649493574615367,2.302585092994046,3.218875824868201,3.1354942159291497,3.044522437723423,2.639057329615259,2.772588722239781,2.833213344056216,2.70805020110221,3.332204510175204,3.4657359027997265,3.1354942159291497,3.258096538021482,2.772588722239781,3.1354942159291497,2.639057329615259,3.258096538021482,3.295836866004329,2.9444389791664403,3.1354942159291497,2.995732273553991,2.302585092994046,2.302585092994046,2.4849066497880004,3.044522437723423,3.295836866004329,2.995732273553991,2.3978952727983707,2.19722457733622,1.791759469228055,2.3978952727983707,2.995732273553991,3.58351893845611,2.5649493574615367,2.70805020110221,2.302585092994046
0.0,0.0,1.3862943611198906,0.6931471805599453,1.3862943611198906,0.0,1.791759469228055,1.791759469228055,1.0986122886681096,0.6931471805599453,1.3862943611198906,0.6931471805599453,0.0,0.0,0.0,0.0,0.0,0.6931471805599453,1.0986122886681096,1.0986122886681096,0.6931471805599453,0.0,1.791759469228055,0.0,0.6931471805599453,0.0,0.6931471805599453,0.0,0.0,0.0,0.0,0.6931471805599453,0.0,0.0,0.0,0.6931471805599453,1.0986122886681096,0.0,0.0,0.0,0.0,1.3862943611198906,0.6931471805599453,1.0986122886681096,1.0986122886681096,0.0,0.0,0.0,0.0,0.0,0.0,0.0,0.6931471805599453,0.0,0.0,0.6931471805599453,0.6931471805599453,0.6931471805599453,1.3862943611198906,0.0
2.4849066497880004,2.3978952727983707,2.5649493574615367,1.9459101490553128,2.19722457733622,2.4849066497880004,2.639057329615259,2.3978952727983707,2.19722457733622,2.19722457733622,2.079441541679836,2.079441541679836,2.079441541679836,2.3978952727983707,2.995732273553991,2.639057329615259,2.4849066497880004,1.9459101490553128,2.639057329615259,2.302585092994046,1.791759469228055,2.19722457733622,1.9459101490553128,2.70805020110221,2.8903717578961645,2.639057329615259,2.70805020110221,2.639057329615259,2.9444389791664403,2.079441541679836,2.639057329615259,2.8903717578961645,3.610917912644224,2.639057329615259,2.9444389791664403,2.995732273553991,3.1354942159291497,2.8903717578961645,2.4849066497880004,2.9444389791664403,3.332204510175204,2.3978952727983707,2.19722457733622,2.079441541679836,2.772588722239781,2.4849066497880004,2.3978952727983707,2.9444389791664403,2.9444389791664403,2.772588722239781,2.639057329615259,2.5649493574615367,2.833213344056216,2.639057329615259,2.772588722239781,2.639057329615259,2.302585092994046,3.1354942159291497,3.1780538303479458,2.833213344056216
3.58351893845611,3.258096538021482,3.044522437723423,3.258096538021482,2.9444389791664403,3.1780538303479458,3.610917912644224,2.995732273553991,2.772588722239781,4.343805421853684,3.8712010109078903,2.995732273553991,3.218875824868201,3.332204510175204,4.442651256490317,3.9318256327243257,3.4339872044851463,3.912023005428146,4.343805421853684,3.332204510175204,3.091042453358316,3.332204510175204,6.008813185442595,5.726847747587197,5.017279836814924,4.859812404361672,3.912023005428146,3.6635616461296463,4.852030263919617,3.9318256327243257,4.23410650459726,4.007333185232471,4.927253685157205,5.159055299214529,3.8501476017100575,3.4657359027997265,3.5263605246161616,3.218875824868201,3.4657359027997265,3.4339872044851463,2.9444389791664403,3.4011973816621555,4.007333185232471,3.58351893845611,3.713572066704308,3.5263605246161616,3.332204510175204,2.8903717578961645,3.332204510175204,3.713572066704308,3.610917912644224,3.713572066704308,4.465908118654584,4.189654742026425,3.951243718581428,4.158883083359672,6.021023349349527,4.605170185988092,5.501258210544727,4.51085950651685
7.520234556474628,7.47477218239787,7.45876269238096,7.57455848420248,7.623153068476902,7.534762657037537,7.534762657037537,7.430707082545968,7.534228326274089,7.610357618312838,7.690743163541872,7.850103545175582,7.896924656268864,8.45553053102413,9.039789270781144,8.39615486303918,8.083637203141548,8.062747901086354,8.120886021092838,7.958227192322312,7.852827812281744,8.206583614320753,7.975564658495202,7.852050207265889,7.861341795599989,7.932362154339751,7.789868559054706,7.704811922932594,8.007034012193408,7.7823903355874595,7.652545692693921,7.674617497364363,7.723120092266331,7.635303886259415,7.625595072132453,7.820840879907344,7.725771441587952,7.606387389772652,7.646831391430482,7.718685495198466,7.653020413804189,7.696212639346407,7.989899374942939,7.775695749915245,7.70210434005105,7.697575346802343,7.711996507047669,7.724888439323074,7.710653323501202,7.87359778968554,7.761319180947987,7.6251071482389,7.4205789054108,7.31986492980897,7.642044402873258,7.779466967458324,7.843848638152472,7.803435056952168,7.767263996757308,7.494986233950533
7.853216388156072,7.879669914604289,7.798523053625206,7.937731775260109,8.06117135969092,8.021584533455107,7.843064016692054,7.959275960116396,7.822444729489319,7.75833346749091,7.97728198675515,8.116715624819111,7.832014180505469,7.883823214892152,7.850103545175582,7.67693714581808,7.563719668414366,7.709308333385869,7.937017489515453,7.576609766973037,7.4999765409521215,7.364547014255642,7.305860032684009,7.261927092702751,7.526178913346146,7.72356247227797,7.44600149832412,7.405495663199472,7.388946097618437,7.233455418621439,7.267525427828172,7.412160334945205,7.700747794511798,7.416979621381154,7.362010551259734,7.288244401020124,7.307872780763706,7.226209010100671,7.451241684987676,7.783224016336037,7.414572881350589,7.400009517162692,7.247792581767846,7.271008538280992,7.181591944611865,7.443078374348515,7.684783943522785,7.313886831633462,7.144407180321139,7.170888478512505,7.174724309836376,7.192182058713246,7.030857476116121,7.57455848420248,7.77863014732581,7.77485576666552,7.710653323501202,7.708859601047175,7.700295203420117,7.372118028337787
5.236441962829949,3.5263605246161616,3.218875824868201,2.5649493574615367,3.4657359027997265,2.772588722239781,2.302585092994046,2.079441541679836,2.302585092994046,2.9444389791664403,3.091042453358316,2.5649493574615367,2.302585092994046,3.737669618283368,2.19722457733622,1.3862943611198906,1.9459101490553128,2.639057329615259,2.639057329615259,2.19722457733622,2.772588722239781,2.9444389791664403,1.6094379124341005,2.5649493574615367,2.639057329615259,2.3978952727983707,3.091042453358316,2.9444389791664403,2.19722457733622,2.079441541679836,2.5649493574615367,2.4849066497880004,2.302585092994046,2.19722457733622,2.079441541679836,1.6094379124341005,2.19722457733622,1.9459101490553128,2.5649493574615367,3.688879454113936,1.9459101490553128,1.3862943611198906,2.5649493574615367,2.4849066497880004,1.6094379124341005,2.639057329615259,2.8903717578961645,2.639057329615259,2.19722457733622,2.70805020110221,1.9459101490553128,2.302585092994046,2.70805020110221,2.833213344056216,2.995732273553991,2.70805020110221,3.555348061489413,2.833213344056216,2.9444389791664403,3.218875824868201
2.8903717578961645,3.367295829986474,3.1354942159291497,3.044522437723423,3.610917912644224,3.49650756146648,3.091042453358316,3.091042453358316,3.044522437723423,3.044522437723423,2.5649493574615367,3.218875824868201,2.9444389791664403,3.295836866004329,3.1780538303479458,2.772588722239781,3.295836866004329,2.995732273553991,3.4339872044851463,3.295836866004329,2.833213344056216,2.9444389791664403,3.4011973816621555,3.218875824868201,2.833213344056216,3.091042453358316,3.688879454113936,2.639057329615259,2.772588722239781,3.1780538303479458,2.995732273553991,3.044522437723423,3.4339872044851463,3.218875824868201,3.218875824868201,2.70805020110221,3.218875824868201,2.833213344056216,2.4849066497880004,3.218875824868201,3.1354942159291497,2.8903717578961645,2.3978952727983707,3.044522437723423,2.995732273553991,2.9444389791664403,2.9444389791664403,3.610917912644224,3.332204510175204,3.4339872044851463,2.8903717578961645,3.258096538021482,3.044522437723423,2.772588722239781,3.1780538303479458,3.091042453358316,3.1354942159291497,3.295836866004329,3.4011973816621555,2.772588722239781
2.079441541679836,1.9459101490553128,2.5649493574615367,0.6931471805599453,1.791759469228055,2.079441541679836,0.6931471805599453,0.6931471805599453,1.9459101490553128,1.3862943611198906,1.0986122886681096,2.079441541679836,1.6094379124341005,1.6094379124341005,0.6931471805599453,1.9459101490553128,2.079441541679836,2.19722457733622,1.3862943611198906,2.302585092994046,1.791759469228055,1.9459101490553128,1.791759469228055,1.791759469228055,2.3978952727983707,2.079441541679836,1.791759469228055,2.639057329615259,0.6931471805599453,1.3862943611198906,3.332204510175204,2.772588722239781,3.1780538303479458,1.0986122886681096,2.19722457733622,2.079441541679836,1.6094379124341005,2.772588722239781,2.5649493574615367,1.3862943611198906,2.4849066497880004,2.9444389791664403,1.791759469228055,3.1780538303479458,2.302585092994046,2.9444389791664403,2.19722457733622,2.5649493574615367,2.4849066497880004,2.9444389791664403,2.19722457733622,1.3862943611198906,1.791759469228055,2.3978952727983707,3.1780538303479458,3.7612001156935615,2.302585092994046,2.19722457733622,1.9459101490553128,2.3978952727983707
7.973155433444133,7.01301578963963,6.778784897685177,6.507277712385012,6.16541785423142,7.280008252884188,8.291797105048733,7.146772179452637,8.03689677268507,7.832807516524864,6.591673732008658,6.040254711277414,6.284134161070802,7.613818684808629,8.612139668725192,7.139660335964919,6.439350371100098,5.942799375126701,5.700443573390686,5.420534999272286,5.631211781821365,8.489410810403786,8.09009578318096,7.113956109566034,6.082218910376446,5.820082930352362,5.501258210544727,5.857933154483459,6.958448393297656,8.494947582468917,7.149131598557407,6.037870919922137,5.831882477283517,5.484796933490655,5.455321115357702,6.860663671448287,7.288927694521257,6.398594934535208,5.777652323222656,5.529429087511423,5.342334251964811,5.204006687076795,6.910750787961936,7.789868559054706,7.746732907753622,6.263398262591624,5.823045895483019,7.368339686311381,7.501082124259871,7.347943823148687,7.048386408721883,6.364750756851911,5.883322388488279,5.5909869805108565,6.677083461247136,6.553933404025811,6.57507584059962,6.261491684321042,6.947937068614969,5.627621113690637
5.805134968916488,5.726847747587197,5.817111159963204,6.113682179832232,6.066108090103747,5.717027701406222,5.929589143389895,5.84354441703136,5.730099782973575,5.902633333401366,6.059123195581797,5.966146739123692,5.948034989180646,5.934894195619588,5.846438775057724,5.71042701737487,5.83773044716594,6.016157159698354,6.142037405587356,5.8522024797744745,5.83773044716594,5.905361848054571,5.84354441703136,6.20455776256869,6.520621127558696,6.424869023905388,5.978885764901122,6.037870919922137,6.001414877961151,5.908082938168931,5.834810737062605,5.963579343618446,6.12029741895095,5.993961427306569,6.198478716492308,6.1779441140506,6.309918278226516,5.823045895483019,5.948034989180646,6.139884552226255,6.3818160174060985,6.102558594613569,6.054439346269371,5.855071922202427,5.855071922202427,6.084499413075172,6.212606095751519,5.950642552587727,6.016157159698354,6.161207321695077,6.061456918928017,5.934894195619588,6.150602768446279,6.150602768446279,6.220590170099739,6.135564891081739,6.171700597410915,5.863631175598097,6.137727054086234,5.998936561946683
6.612041034833092,7.126890808898808,7.118826249062078,6.137727054086234,6.126869184114185,5.817111159963204,5.8522024797744745,5.855071922202427,5.855071922202427,5.877735781779639,5.814130531825066,6.025865973825314,5.746203190540153,5.966146739123692,5.768320995793772,5.68697535633982,5.765191102784844,6.135564891081739,6.042632833682381,5.713732805509369,5.613128106388071,5.948034989180646,5.8805329864007,6.184148890937483,6.391917113392602,6.184148890937483,5.82600010738045,6.453624998892692,6.040254711277414,5.968707559985366,5.940171252720432,6.656726524178391,6.102558594613569,6.023447592961033,5.891644211825771,5.87493073085203,5.68697535633982,5.768320995793772,6.184148890937483,6.442540166468199,6.173786103901937,5.950642552587727,5.883322388488279,5.817111159963204,6.0330862217988015,6.706862336602747,7.020190708311925,6.0330862217988015,6.20455776256869,5.996452088619021,5.808142489980444,5.7430031878094825,5.814130531825066,5.973809611869261,5.605802066295998,5.572154032177765,5.700443573390686,5.71042701737487,5.771441123130016,5.288267030694535
1.9459101490553128,2.079441541679836,2.639057329615259,5.634789603169249,6.618738983517219,4.406719247264253,3.5263605246161616,3.091042453358316,2.70805020110221,2.70805020110221,3.332204510175204,4.736198448394496,3.1780538303479458,2.8903717578961645,2.833213344056216,4.795790545596741,3.7612001156935615,3.49650756146648,3.9889840465642745,2.639057329615259,2.639057329615259,2.639057329615259,2.4849066497880004,1.9459101490553128,3.1354942159291497,2.5649493574615367,2.5649493574615367,4.584967478670572,3.6375861597263857,3.4657359027997265,2.833213344056216,2.70805020110221,2.639057329615259,2.3978952727983707,2.19722457733622,2.772588722239781,2.19722457733622,2.4849066497880004,4.219507705176107,2.70805020110221,2.772588722239781,1.9459101490553128,2.079441541679836,2.8903717578961645,2.9444389791664403,3.295836866004329,2.833213344056216,2.5649493574615367,2.4849066497880004,1.3862943611198906,2.8903717578961645,2.4849066497880004,3.6375861597263857,3.367295829986474,3.4339872044851463,2.302585092994046,2.079441541679836,2.3978952727983707,2.772588722239781,2.4849066497880004
6.556778356158042,6.282266746896006,6.875232087276577,6.542471960506805,6.588926477533519,6.3835066348840055,6.016157159698354,6.293419278846481,5.739792912179234,6.075346031088684,6.12029741895095,6.56244409369372,6.269096283706261,6.180016653652572,6.432940092739179,6.089044875446846,5.82600010738045,6.063785208687608,6.3835066348840055,6.073044534100405,6.111467339502679,6.331501849893691,5.846438775057724,5.8971538676367405,6.1092475827643655,6.459904454377535,5.986452005284438,6.068425588244111,6.300785794663244,6.059123195581797,5.793013608384144,6.139884552226255,6.498282149476434,6.169610732491456,6.156978985585555,6.248042874508429,5.996452088619021,5.869296913133774,6.142037405587356,6.464588303689961,6.202535517187923,6.182084906716632,6.131226489483141,6.003887067106539,5.746203190540153,5.991464547107982,7.149916836132109,6.324358962381311,9.663960521971394,7.881559917056899,8.27664912542186,8.085486772102845,6.511745329644728,6.484635235635252,6.756932389247553,6.536691597591305,6.345636360828596,6.416732282512326,6.385194398997726,6.186208623900494
7.396335293800808,7.467371066917559,7.323170717943469,7.214504414151143,7.404887575616125,7.348587530927593,7.371489295214277,7.353081920515432,7.459338895220295,7.369600720526409,7.326465613840322,7.372746366404328,7.43955930913332,7.385230923066573,7.543273346705446,7.432483807917119,7.332369205929062,7.245655067594535,7.425953657077541,7.459914766241105,7.419979923661835,7.496652438168283,7.40671073017764,7.318539548567902,7.291656209174461,7.392647520721623,7.513709247839705,7.385851078125209,7.499423290592229,7.419380582918692,7.293697720601438,7.245655067594535,7.370230641807081,7.427738840532894,7.385851078125209,7.4073177104694174,7.433666540166168,7.509883061154913,7.294377299288821,7.366445148327599,7.504942068396171,7.421177528595393,7.524021415206125,7.366445148327599,7.268920128193722,7.173191742486599,7.274479558773871,7.3632795869630385,7.226936018493289,7.323830566202317,7.358193752733032,7.186901020411631,7.007600613951853,7.187657164114956,7.375882148215011,7.407924322559599,7.443663683115591,7.695757990554761,7.292337176173877,7.064759027791802
5.8944028342648505,5.846438775057724,5.8664680569332965,5.799092654460526,5.602118820879701,5.726847747587197,5.8522024797744745,6.023447592961033,5.937536205082426,5.872117789475416,5.752572638825633,5.652489180268651,5.8805329864007,5.902633333401366,5.971261839790462,5.934894195619588,5.891644211825771,5.659482215759621,5.717027701406222,5.8971538676367405,5.8888779583328805,5.863631175598097,5.828945617610208,5.828945617610208,5.648974238161206,6.001414877961151,5.752572638825633,5.786897381366708,5.71042701737487,5.616771097666572,5.616771097666572,5.493061443340548,5.44673737166631,5.525452939131784,5.58724865840025,5.579729825986222,5.886104031450156,5.87493073085203,5.7430031878094825,8.371010681238156,6.045005314036012,5.771441123130016,5.886104031450156,5.752572638825633,5.752572638825633,5.424950017481403,5.41610040220442,5.666426688112432,5.572154032177765,5.720311776607412,5.697093486505405,5.468060141135132,5.459585514144159,6.20455776256869,5.60947179518496,5.66988092298052,5.82600010738045,5.700443573390686,5.958424693029782,5.659482215759621
7.040536390215956,7.104144092987527,7.213031659834869,7.315883504509785,7.426549072397305,7.259116128097101,7.516433302915632,8.130647968160584,7.692113339595466,7.471363088187097,7.522400231387125,7.791109510610028,7.403670290012373,7.240649694255466,7.197435354096591,7.252053951852813,7.256297239690681,7.44600149832412,7.509883061154913,7.270312886079025,7.217443431696533,7.142827401161621,7.27655640271871,7.180069874302796,7.2640301428995295,7.399398083331354,7.1308988302963465,7.118826249062078,7.1569563646156364,7.130098510125578,7.153833801578843,7.32052696227274,7.396948602621014,7.150701457592526,7.093404625868766,7.167809184316444,7.051855622955894,7.142827401161621,7.277247726631484,7.411556287811163,7.107425474110705,7.057036981697891,7.106606137727303,7.180831199044556,7.065613363597717,7.252053951852813,7.410347097821024,7.221105098182496,7.105786129481271,7.057897937411856,6.996681488176539,7.040536390215956,7.232010331664759,7.337587743538596,7.130098510125578,7.136483208590247,7.047517221357296,7.109879463072272,6.959398512133975,6.977281341630747
0.6931471805599453,0.6931471805599453,0.6931471805599453,0.6931471805599453,0.6931471805599453,0.6931471805599453,0.6931471805599453,0.6931471805599453,0.6931471805599453,0.6931471805599453,0.6931471805599453,0.6931471805599453,0.6931471805599453,0.6931471805599453,0.6931471805599453,0.6931471805599453,0.6931471805599453,0.6931471805599453,0.6931471805599453,0.6931471805599453,0.6931471805599453,0.6931471805599453,0.6931471805599453,0.6931471805599453,0.6931471805599453,0.6931471805599453,0.6931471805599453,0.6931471805599453,0.6931471805599453,0.6931471805599453,0.6931471805599453,0.6931471805599453,0.6931471805599453,0.6931471805599453,0.6931471805599453,0.6931471805599453,0.6931471805599453,0.6931471805599453,0.6931471805599453,0.6931471805599453,0.6931471805599453,0.6931471805599453,0.6931471805599453,0.6931471805599453,0.6931471805599453,0.6931471805599453,0.6931471805599453,0.6931471805599453,0.6931471805599453,0.6931471805599453,0.6931471805599453,0.6931471805599453,0.6931471805599453,0.6931471805599453,0.6931471805599453,0.6931471805599453,0.6931471805599453,0.6931471805599453,0.6931471805599453,0.6931471805599453
2.4849066497880004,2.079441541679836,2.302585092994046,1.791759469228055,2.639057329615259,2.4849066497880004,2.833213344056216,1.791759469228055,1.0986122886681096,2.19722457733622,2.079441541679836,2.19722457733622,2.302585092994046,2.5649493574615367,2.639057329615259,2.772588722239781,1.791759469228055,2.19722457733622,2.19722457733622,1.791759469228055,1.791759469228055,1.3862943611198906,2.302585092994046,2.639057329615259,2.3978952727983707,2.639057329615259,1.791759469228055,1.6094379124341005,2.302585092994046,2.70805020110221,2.3978952727983707,1.9459101490553128,2.4849066497880004,2.19722457733622,1.6094379124341005,2.639057329615259,2.639057329615259,2.3978952727983707,2.079441541679836,2.3978952727983707,2.19722457733622,2.302585092994046,1.9459101490553128,2.4849066497880004,2.639057329615259,2.5649493574615367,2.639057329615259,2.772588722239781,2.772588722239781,2.5649493574615367,2.4849066497880004,2.302585092994046,2.9444389791664403,2.772588722239781,2.70805020110221,2.19722457733622,2.70805020110221,2.833213344056216,3.091042453358316,2.70805020110221
3.688879454113936,4.04305126783455,3.5263605246161616,3.555348061489413,3.4657359027997265,3.828641396489095,3.610917912644224,3.688879454113936,3.8712010109078903,3.332204510175204,3.332204510175204,3.5263605246161616,3.8501476017100575,3.6635616461296463,3.80666248977032,3.784189633918261,3.8501476017100575,3.610917912644224,4.343805421853684,4.356708826689592,4.5217885770490405,3.912023005428146,4.007333185232471,3.8712010109078903,3.8712010109078903,4.04305126783455,3.737669618283368,3.970291913552122,4.394449154672439,4.276666119016055,4.07753744390572,4.836281906951478,5.0369526024136295,5.337538079701318,5.700443573390686,5.241747015059643,5.176149732573829,4.990432586778736,4.795790545596741,5.501258210544727,5.099866427824199,4.912654885736052,5.298317366548036,5.272999558563747,5.293304824724492,5.384495062789089,4.962844630259907,4.844187086458591,4.48863636973214,4.465908118654584,4.465908118654584,4.276666119016055,4.499809670330265,4.442651256490317,4.477336814478207,4.477336814478207,4.61512051684126,4.663439094112067,4.634728988229636,4.406719247264253
4.718498871295094,4.5217885770490405,4.74493212836325,4.90527477843843,4.927253685157205,4.844187086458591,4.68213122712422,4.330733340286331,5.087596335232384,4.727387818712341,5.093750200806762,5.159055299214529,4.499809670330265,4.5217885770490405,4.330733340286331,4.762173934797756,4.700480365792417,5.093750200806762,4.948759890378168,4.499809670330265,4.532599493153256,4.219507705176107,5.420534999272286,4.499809670330265,4.6443908991413725,4.624972813284271,4.330733340286331,4.330733340286331,6.375024819828097,5.420534999272286,4.820281565605037,4.77912349311153,4.77912349311153,4.919980925828125,5.817111159963204,4.51085950651685,4.812184355372417,4.74493212836325,5.513428746164983,5.198497031265826,5.049856007249537,4.418840607796598,4.564348191467836,4.691347882229144,4.663439094112067,4.941642422609304,5.480638923341991,4.74493212836325,4.59511985013459,4.787491742782046,5.37989735354046,4.343805421853684,4.204692619390966,4.61512051684126,4.852030263919617,4.919980925828125,4.836281906951478,4.736198448394496,4.574710978503383,4.59511985013459
1.6094379124341005,1.9459101490553128,1.9459101490553128,2.079441541679836,2.19722457733622,2.079441541679836,2.19722457733622,1.791759469228055,1.3862943611198906,2.19722457733622,2.3978952727983707,2.302585092994046,2.079441541679836,1.3862943611198906,1.9459101490553128,1.9459101490553128,1.791759469228055,2.19722457733622,3.1354942159291497,1.9459101490553128,2.5649493574615367,2.4849066497880004,1.791759469228055,2.3978952727983707,2.4849066497880004,1.791759469228055,2.639057329615259,2.833213344056216,1.9459101490553128,0.6931471805599453,2.19722457733622,2.70805020110221,2.079441541679836,1.6094379124341005,1.791759469228055,1.6094379124341005,3.1354942159291497,2.3978952727983707,1.9459101490553128,1.9459101490553128,1.9459101490553128,2.4849066497880004,2.70805020110221,2.19722457733622,2.3978952727983707,2.4849066497880004,2.079441541679836,1.791759469228055,2.19722457733622,2.302585092994046,2.19722457733622,2.079441541679836,2.3978952727983707,2.4849066497880004,1.791759469228055,2.4849066497880004,1.0986122886681096,2.5649493574615367,2.079441541679836,2.3978952727983707
0.0,0.6931471805599453,1.0986122886681096,0.6931471805599453,0.0,0.0,0.6931471805599453,0.0,0.0,1.3862943611198906,1.0986122886681096,4.5217885770490405,4.770684624465665,2.4849066497880004,0.6931471805599453,1.3862943611198906,0.6931471805599453,4.836281906951478,8.080237416216702,3.7612001156935615,2.079441541679836,1.6094379124341005,1.791759469228055,1.3862943611198906,0.6931471805599453,0.6931471805599453,0.6931471805599453,1.791759469228055,1.791759469228055,0.6931471805599453,0.0,1.0986122886681096,0.0,0.6931471805599453,2.19722457733622,1.791759469228055,1.0986122886681096,0.6931471805599453,0.6931471805599453,0.6931471805599453,0.0,0.0,0.6931471805599453,0.6931471805599453,0.6931471805599453,0.0,1.6094379124341005,0.0,0.0,0.0,0.6931471805599453,0.6931471805599453,0.0,0.0,0.0,0.6931471805599453,1.0986122886681096,0.0,0.6931471805599453,0.0
3.784189633918261,3.9318256327243257,4.204692619390966,4.31748811353631,3.7612001156935615,4.189654742026425,3.9889840465642745,3.784189633918261,3.1354942159291497,3.4339872044851463,3.8501476017100575,3.610917912644224,3.367295829986474,3.1354942159291497,3.332204510175204,3.4011973816621555,3.737669618283368,3.295836866004329,4.02535169073515,3.737669618283368,4.07753744390572,3.332204510175204,3.4011973816621555,3.4011973816621555,3.4657359027997265,4.290459441148391,4.07753744390572,4.0943445622221,4.787491742782046,4.553876891600541,3.4339872044851463,2.995732273553991,2.9444389791664403,3.044522437723423,2.9444389791664403,3.218875824868201,3.4011973816621555,2.639057329615259,2.833213344056216,3.5263605246161616,3.258096538021482,3.218875824868201,2.70805020110221,3.258096538021482,3.295836866004329,3.258096538021482,3.8918202981106265,2.995732273553991,3.044522437723423,3.091042453358316,3.367295829986474,3.610917912644224,3.332204510175204,2.8903717578961645,3.091042453358316,3.367295829986474,3.367295829986474,3.091042453358316,3.218875824868201,3.044522437723423
3.555348061489413,3.4657359027997265,3.688879454113936,3.8712010109078903,3.9318256327243257,3.970291913552122,3.784189633918261,3.295836866004329,3.1780538303479458,3.555348061489413,4.219507705176107,4.23410650459726,3.784189633918261,3.912023005428146,3.9318256327243257,4.262679877041316,4.634728988229636,5.170483995038151,4.948759890378168,5.056245805348308,4.804021044733257,5.081404364984463,5.099866427824199,4.948759890378168,5.0238805208462765,4.969813299576001,4.770684624465665,4.77912349311153,4.68213122712422,4.709530201312334,4.7535901911063645,4.859812404361672,4.844187086458591,4.465908118654584,4.356708826689592,4.553876891600541,4.875197323201151,4.962844630259907,5.049856007249537,5.087596335232384,4.718498871295094,4.61512051684126,4.663439094112067,4.897839799950911,5.056245805348308,5.030437921392435,5.298317366548036,4.875197323201151,4.820281565605037,4.59511985013459,4.875197323201151,5.135798437050262,5.327876168789581,6.673297967767654,6.630683385642372,6.413458957167357,6.206575926724928,6.144185634125646,6.169610732491456,6.09807428216624
2.995732273553991,2.8903717578961645,1.791759469228055,3.332204510175204,3.044522437723423,3.784189633918261,2.995732273553991,2.639057329615259,2.5649493574615367,3.218875824868201,3.258096538021482,3.1780538303479458,3.1354942159291497,3.7612001156935615,2.8903717578961645,4.812184355372417,3.258096538021482,3.1354942159291497,3.044522437723423,3.49650756146648,3.258096538021482,2.8903717578961645,2.5649493574615367,3.367295829986474,3.7612001156935615,3.4339872044851463,3.218875824868201,2.995732273553991,3.4339872044851463,4.465908118654584,2.9444389791664403,3.6375861597263857,3.8501476017100575,3.044522437723423,2.9444389791664403,3.1780538303479458,2.639057329615259,2.639057329615259,2.3978952727983707,3.332204510175204,3.091042453358316,3.4339872044851463,3.7612001156935615,3.218875824868201,3.4339872044851463,5.187385805840755,2.4849066497880004,2.8903717578961645,2.833213344056216,3.295836866004329,2.5649493574615367,3.1780538303479458,2.772588722239781,2.639057329615259,2.639057329615259,2.19722457733622,2.995732273553991,3.332204510175204,2.9444389791664403,3.7612001156935615
4.219507705176107,4.158883083359672,4.007333185232471,4.143134726391533,4.0943445622221,4.3694478524670215,4.304065093204169,3.58351893845611,3.8501476017100575,3.49650756146648,3.6375861597263857,3.80666248977032,4.406719247264253,4.248495242049359,4.672828834461906,4.343805421853684,4.3694478524670215,3.9318256327243257,4.04305126783455,4.158883083359672,4.290459441148391,4.262679877041316,4.276666119016055,4.574710978503383,3.9889840465642745,3.80666248977032,4.060443010546419,4.653960350157523,4.356708826689592,3.688879454113936,3.9889840465642745,3.8918202981106265,4.127134385045092,4.04305126783455,4.262679877041316,4.356708826689592,4.442651256490317,4.23410650459726,4.248495242049359,4.248495242049359,3.970291913552122,4.736198448394496,4.143134726391533,4.51085950651685,4.897839799950911,4.3694478524670215,4.276666119016055,4.31748811353631,4.3694478524670215,4.477336814478207,4.532599493153256,4.605170185988092,4.060443010546419,3.7612001156935615,4.110873864173311,4.07753744390572,4.418840607796598,4.532599493153256,4.189654742026425,3.6375861597263857
5.840641657373398,5.8944028342648505,5.910796644040527,6.148468295917647,6.269096283706261,6.095824562432225,6.163314804034641,5.8971538676367405,6.182084906716632,6.324358962381311,6.432940092739179,6.674561391814426,6.363028103540465,6.368187186350492,6.255750041753367,6.210600077024653,6.278521424165844,6.3473892096560105,6.42648845745769,6.2422232654551655,6.51471269087253,6.452048954437226,6.391917113392602,6.253828811575473,6.493753839851687,6.499787040655854,6.226536669287466,6.16541785423142,6.082218910376446,6.320768294250582,6.543911845564792,7.771910256435763,8.083328608786376,7.709756864454165,7.551186867296149,7.506591780070841,7.285506548522786,7.190676034332207,7.906178840394815,8.10349427838097,7.716015266642587,7.60688453121963,7.516433302915632,7.353081920515432,7.197435354096591,7.599901959208498,7.837948916025283,7.510977752014095,7.427738840532894,7.392647520721623,7.253470382684528,7.267525427828172,7.620214770574455,7.947325027016463,7.753194269884341,7.716460800176355,7.747164966520335,7.525639975041535,7.552237287560802,7.804251383528112
4.919980925828125,4.882801922586371,4.90527477843843,4.8283137373023015,5.081404364984463,5.075173815233827,5.0238805208462765,4.844187086458591,4.795790545596741,4.672828834461906,4.812184355372417,5.198497031265826,4.875197323201151,5.247024072160486,5.170483995038151,4.844187086458591,4.983606621708336,4.948759890378168,4.919980925828125,4.941642422609304,4.997212273764115,5.198497031265826,5.170483995038151,5.278114659230518,4.934473933130692,5.267858159063328,5.043425116919247,5.017279836814924,5.298317366548036,5.176149732573829,4.875197323201151,5.342334251964811,5.342334251964811,5.262690188904886,5.209486152841421,5.056245805348308,5.204006687076795,5.278114659230518,5.3612921657094255,5.4510384535657,5.332718793265369,5.159055299214529,5.438079308923196,5.493061443340548,5.181783550292085,5.209486152841421,5.0369526024136295,5.170483995038151,5.375278407684165,5.135798437050262,5.327876168789581,5.003946305945459,5.1647859739235145,4.927253685157205,5.111987788356544,4.8283137373023015,4.997212273764115,4.700480365792417,4.663439094112067,4.543294782270004
1.791759469228055,2.079441541679836,2.4849066497880004,2.5649493574615367,1.6094379124341005,1.6094379124341005,2.079441541679836,2.079441541679836,1.9459101490553128,1.791759469228055,2.079441541679836,2.70805020110221,1.6094379124341005,1.3862943611198906,2.4849066497880004,1.791759469228055,2.19722457733622,2.302585092994046,1.791759469228055,2.079441541679836,1.3862943611198906,1.6094379124341005,1.6094379124341005,1.6094379124341005,2.19722457733622,2.19722457733622,1.6094379124341005,2.302585092994046,1.6094379124341005,1.6094379124341005,2.19722457733622,2.19722457733622,2.079441541679836,1.6094379124341005,0.6931471805599453,1.6094379124341005,1.791759469228055,2.0149030205422647,2.19722457733622,1.3862943611198906,2.302585092994046,1.0986122886681096,1.3862943611198906,1.6094379124341005,1.3862943611198906,1.6094379124341005,1.3862943611198906,1.791759469228055,1.6094379124341005,2.079441541679836,1.6094379124341005,1.3862943611198906,1.3862943611198906,1.6094379124341005,1.0986122886681096,1.6094379124341005,0.6931471805599453,1.3862943611198906,1.3862943611198906,2.3978952727983707
7.513163545234075,6.947937068614969,6.620073206530356,6.150602768446279,7.1785454837637,7.097548850614793,7.718685495198466,7.98514393119862,7.239214973779806,7.352441100243583,7.422373700986824,7.223295679562314,7.206377291472252,6.997595982981927,7.00397413672268,6.915723448631314,6.705639094860003,6.811244378601294,6.88653164253051,7.07326971745971,6.921658184151129,7.050989447068045,6.911747300251674,6.881411303642535,6.251903883165888,6.530877627725885,6.680854678790215,6.625392368007956,6.84587987526405,6.734591659972948,6.794586580876499,6.675823221634848,6.655440350367647,6.865891074883439,6.778784897685177,6.822197390620491,6.673297967767654,6.4692503167957724,6.07073772800249,6.794586580876499,6.736966958001855,6.502790045915623,6.70808408385307,6.598509028614515,6.419994928147142,6.313548046277095,6.565264970035361,6.502790045915623,6.513230110912307,6.3784261836515865,6.234410725718371,6.061456918928017,5.831882477283517,5.666426688112432,5.605802066295998,6.253828811575473,6.12029741895095,6.066108090103747,6.107022887742255,5.560681631015528
6.42648845745769,6.152732694704104,6.045005314036012,6.401917196727186,6.529418838262226,6.18826412308259,6.126869184114185,5.891644211825771,6.059123195581797,6.742880635791903,6.541029999189903,6.3784261836515865,6.261491684321042,6.113682179832232,5.910796644040527,5.820082930352362,6.113682179832232,6.953684210870537,6.51025834052315,6.077642243349034,6.3835066348840055,6.57507584059962,6.376726947898627,6.192362489474872,6.587550014824796,6.473890696352274,6.2324480165505225,6.289715570908998,6.406879986069314,6.456769655572163,6.495265555937008,7.699389406256737,6.821107472256465,6.502790045915623,6.53813982376767,6.584791392385716,6.1675164908883415,6.315358001522335,6.535241271013659,6.565264970035361,6.331501849893691,6.190315405853148,6.293419278846481,6.1092475827643655,6.001414877961151,6.182084906716632,6.481577129276431,6.09807428216624,6.025865973825314,6.284134161070802,6.07993319509559,6.091309882077698,6.115892125483034,6.349138991379798,6.194405391104672,6.238324625039508,5.993961427306569,6.124683390894205,6.369900982828227,6.324358962381311
6.12029741895095,5.953243334287785,5.958424693029782,5.863631175598097,5.924255797414532,5.87493073085203,5.831882477283517,6.284134161070802,5.983936280687191,5.777652323222656,5.472270673671475,5.579729825986222,6.0063531596017325,5.8971538676367405,5.934894195619588,6.001414877961151,5.805134968916488,5.560681631015528,5.659482215759621,5.993961427306569,6.480044561926653,6.478509642208569,6.133398042996649,5.921578419643816,6.3080984415095305,6.620073206530356,6.572282542694008,6.236369590203704,6.016157159698354,6.359573868672378,5.932245187448011,5.497168225293202,5.71042701737487,6.487684018484611,6.22455842927536,6.0112671744041615,5.771441123130016,5.525452939131784,5.459585514144159,5.517452896464707,5.905361848054571,5.752572638825633,5.831882477283517,6.184148890937483,5.8888779583328805,5.799092654460526,6.023447592961033,6.437751649736401,6.6052979209482015,6.049733455231958,6.440946540632921,6.747586526829315,5.66988092298052,5.472270673671475,6.163314804034641,5.872117789475416,5.752572638825633,5.762051382780177,5.501258210544727,5.10594547390058
2.302585092994046,1.9459101490553128,2.3978952727983707,1.3862943611198906,1.3862943611198906,1.791759469228055,1.9459101490553128,1.0986122886681096,1.0986122886681096,1.0986122886681096,1.3862943611198906,1.9459101490553128,1.6094379124341005,1.791759469228055,1.3862943611198906,1.791759469228055,1.3862943611198906,1.0986122886681096,1.6094379124341005,2.079441541679836,1.6094379124341005,1.791759469228055,2.302585092994046,1.0986122886681096,2.19722457733622,3.5263605246161616,2.4849066497880004,1.791759469228055,0.6931471805599453,1.9459101490553128,1.6094379124341005,1.3862943611198906,3.295836866004329,2.833213344056216,1.9459101490553128,2.302585092994046,2.079441541679836,1.0986122886681096,2.079441541679836,1.6094379124341005,2.639057329615259,1.3862943611198906,2.5649493574615367,2.302585092994046,2.5649493574615367,1.9459101490553128,2.70805020110221,2.3978952727983707,1.791759469228055,1.9459101490553128,2.079441541679836,2.3978952727983707,1.791759469228055,2.19722457733622,1.791759469228055,1.791759469228055,2.3978952727983707,1.0986122886681096,3.091042453358316,3.1780538303479458
2.70805020110221,3.4657359027997265,2.772588722239781,2.302585092994046,2.639057329615259,2.3978952727983707,2.833213344056216,2.8903717578961645,2.639057329615259,2.302585092994046,2.9444389791664403,1.9459101490553128,2.079441541679836,1.6094379124341005,2.079441541679836,2.19722457733622,2.079441541679836,1.791759469228055,2.079441541679836,1.9459101490553128,2.19722457733622,1.0986122886681096,2.4849066497880004,1.6094379124341005,1.791759469228055,1.6094379124341005,1.9459101490553128,2.302585092994046,2.079441541679836,1.791759469228055,1.0986122886681096,2.639057329615259,1.791759469228055,1.6094379124341005,1.791759469228055,2.19722457733622,1.791759469228055,1.0986122886681096,1.3862943611198906,0.6931471805599453,1.6094379124341005,1.9459101490553128,1.9459101490553128,1.6094379124341005,1.3862943611198906,1.3862943611198906,1.791759469228055,1.791759469228055,1.0986122886681096,1.0986122886681096,1.3862943611198906,1.6094379124341005,0.6931471805599453,2.079441541679836,0.6931471805599453,1.0986122886681096,1.791759469228055,0.6931471805599453,1.3862943611198906,0.6931471805599453
0.6931471805599453,1.3862943611198906,1.6094379124341005,1.0986122886681096,1.9459101490553128,0.6931471805599453,1.791759469228055,1.0986122886681096,1.0986122886681096,0.6931471805599453,1.6094379124341005,0.0,1.3862943611198906,1.3862943611198906,1.6094379124341005,1.3862943611198906,1.6094379124341005,1.3862943611198906,0.0,0.0,0.6931471805599453,0.6931471805599453,1.9459101490553128,1.9459101490553128,1.0986122886681096,1.0986122886681096,0.6931471805599453,1.3862943611198906,1.3862943611198906,1.0986122886681096,1.3862943611198906,0.0,0.6931471805599453,1.0986122886681096,0.6931471805599453,0.6931471805599453,1.0986122886681096,1.0986122886681096,1.3862943611198906,1.9459101490553128,1.0986122886681096,0.6931471805599453,0.6931471805599453,1.3862943611198906,1.3862943611198906,1.252762968495368,1.0986122886681096,0.6931471805599453,0.0,1.0986122886681096,0.6931471805599453,1.0986122886681096,1.3862943611198906,1.0986122886681096,1.0986122886681096,0.6931471805599453,1.791759469228055,1.0986122886681096,1.0986122886681096,1.0986122886681096
7.638198244285779,7.553286605600419,7.680637427560936,7.690743163541872,7.744136627627991,7.693481640835175,7.635786861395585,7.504942068396171,7.607878073278507,7.523481312573497,7.499423290592229,7.671360923190644,7.576609766973037,7.638679823876112,7.536363938404511,7.67275789664251,7.686162303492906,7.735433352499688,7.780720886117918,7.768110378525988,7.683863980256429,7.856319571406588,9.127176130715414,8.627302414096267,8.385716828627851,8.214465160759186,7.972121128921655,7.867488568699128,7.77863014732581,7.7752758464868625,7.793999089503996,7.706612913964197,7.707062655370473,7.829232537543592,7.605890001053122,7.628031126930335,7.731492029245684,7.691200097522863,7.746300662231439,7.70796153183549,7.510977752014095,7.671360923190644,7.655390644826152,7.727535110475448,7.753194269884341,7.621195162809845,7.645875825184813,7.691656822810547,7.580189417944541,7.526717561352706,7.505492274737424,7.639642287858013,7.591861714889934,7.640123172695364,8.134760782418645,7.877397186353287,7.725771441587952,7.742402021815781,7.706612913964197,7.629975707027789
6.212606095751519,6.124683390894205,6.118097198041348,6.533788837933344,7.977968093128549,7.450079569807499,6.837332814685591,6.133398042996649,5.4510384535657,5.176149732573829,5.099866427824199,5.1647859739235145,5.043425116919247,4.897839799950911,4.955827057601261,5.068904202220232,4.672828834461906,4.7535901911063645,4.605170185988092,4.700480365792417,4.418840607796598,4.844187086458591,4.584967478670572,4.343805421853684,4.584967478670572,4.787491742782046,4.394449154672439,4.634728988229636,4.77912349311153,4.653960350157523,4.248495242049359,4.59511985013459,4.624972813284271,4.553876891600541,4.3694478524670215,4.430816798843313,4.356708826689592,4.204692619390966,4.343805421853684,4.174387269895637,4.454347296253507,4.465908118654584,4.624972813284271,4.718498871295094,4.442651256490317,4.276666119016055,4.499809670330265,4.543294782270004,4.3694478524670215,5.111987788356544,4.51085950651685,4.290459441148391,4.5217885770490405,4.465908118654584,4.727387818712341,4.499809670330265,4.418840607796598,4.204692619390966,4.330733340286331,4.77912349311153
10.358599600533706,9.771440771615795,9.555205857955418,9.44683440765853,9.508665604526444,9.410665553209713,9.274816391160549,9.239025005836092,9.58911921482184,9.423918318420691,9.307920700315046,9.228671328660909,9.192278229157774,9.13259502335133,9.249464926660233,9.086023537468805,9.0831885863157,8.941676305360163,8.99516499031115,8.978282203272398,8.870943863837724,8.8427489162961,8.699681400989514,8.635687085464026,8.661120360222881,8.76732914779405,8.799510901368867,8.807771066980044,8.7662383802531,8.673512945671192,9.007121989469242,8.923457979694966,8.928772900524256,8.940105213128122,8.925587339030281,8.785692444451245,9.000853147109458,8.892061625546935,8.755264763314685,8.794673401383422,9.42027709580311,9.119540007649686,8.908694592507015,8.963544291996744,8.925454386826402,8.899048433885268,8.921991410536698,8.866440619526173,8.881558488638976,8.821437352166997,8.807771066980044,8.864322722511439,8.65591111072806,8.61104776688786,8.781094735202615,8.859505484519133,8.849083518532339,8.85666093701725,8.832587702434553,8.704668113450987
2.5649493574615367,2.639057329615259,2.302585092994046,3.332204510175204,3.091042453358316,2.772588722239781,1.791759469228055,2.079441541679836,2.3978952727983707,2.833213344056216,2.8903717578961645,3.4657359027997265,3.044522437723423,2.079441541679836,2.772588722239781,2.70805020110221,2.70805020110221,2.4849066497880004,2.4849066497880004,2.9444389791664403,2.5649493574615367,2.639057329615259,2.772588722239781,2.9444389791664403,2.8903717578961645,2.772588722239781,2.639057329615259,3.091042453358316,2.772588722239781,2.8903717578961645,2.639057329615259,3.1780538303479458,4.356708826689592,2.4849066497880004,2.4849066497880004,2.8903717578961645,2.5649493574615367,2.3978952727983707,2.772588722239781,2.5649493574615367,3.4339872044851463,3.295836866004329,3.912023005428146,3.58351893845611,2.995732273553991,3.091042453358316,3.6635616461296463,4.174387269895637,2.833213344056216,3.091042453358316,2.995732273553991,3.044522437723423,2.772588722239781,2.995732273553991,2.3978952727983707,3.1780538303479458,3.1354942159291497,2.5649493574615367,2.70805020110221,2.639057329615259
6.352629396319567,6.555356891810665,6.309918278226516,6.439350371100098,6.570882962339584,6.220590170099739,6.35088571671474,6.206575926724928,6.171700597410915,6.35088571671474,6.655440350367647,6.656726524178391,6.331501849893691,6.236369590203704,6.280395838960195,6.0867747269123065,6.042632833682381,6.4457198193855785,6.483107351457199,6.173786103901937,6.073044534100405,6.270988431858299,6.159095388491933,6.354370040797351,6.267200548541362,6.345636360828596,6.118097198041348,6.111467339502679,5.955837369464831,5.998936561946683,6.421622267806518,6.248042874508429,6.327936783729195,6.089044875446846,6.056784013228625,6.0330862217988015,5.921578419643816,6.338594078203183,6.315358001522335,6.300785794663244,6.025865973825314,6.0063531596017325,6.0112671744041615,5.891644211825771,6.161207321695077,6.20455776256869,6.285998094508865,5.981414211254481,5.963579343618446,6.084499413075172,6.113682179832232,6.333279628139691,6.257667587882639,6.363028103540465,6.240275845170769,6.51025834052315,6.376726947898627,6.324358962381311,6.645090969505644,6.300785794663244
1.6094379124341005,1.6094379124341005,1.0986122886681096,1.791759469228055,1.3862943611198906,1.3862943611198906,1.0986122886681096,1.0986122886681096,1.6094379124341005,1.6094379124341005,1.9459101490553128,1.0986122886681096,0.6931471805599453,1.3862943611198906,1.3862943611198906,1.0986122886681096,0.6931471805599453,1.3862943611198906,2.3978952727983707,1.9459101490553128,1.0986122886681096,0.6931471805599453,2.079441541679836,0.6931471805599453,1.791759469228055,1.6094379124341005,1.9459101490553128,2.9444389791664403,3.258096538021482,1.0986122886681096,1.0986122886681096,1.3862943611198906,1.6094379124341005,1.3862943611198906,1.9459101490553128,0.0,1.0986122886681096,1.0986122886681096,1.6094379124341005,1.0986122886681096,0.0,1.0986122886681096,1.3862943611198906,1.6094379124341005,1.6094379124341005,2.079441541679836,2.4849066497880004,1.6094379124341005,1.6094379124341005,1.791759469228055,0.6931471805599453,0.6931471805599453,1.0986122886681096,0.6931471805599453,1.0986122886681096,1.0986122886681096,0.6931471805599453,1.0986122886681096,1.6094379124341005,2.302585092994046
5.4510384535657,5.68697535633982,5.497168225293202,5.497168225293202,5.594711379601839,5.365976015021851,5.231108616854587,5.19295685089021,5.313205979041787,5.332718793265369,5.703782474656201,5.69035945432406,5.513428746164983,5.332718793265369,5.384495062789089,5.730099782973575,5.602118820879701,5.726847747587197,5.598421958998375,5.521460917862246,5.545177444479562,5.659482215759621,5.327876168789581,5.41610040220442,5.497168225293202,5.41164605185504,5.303304908059076,5.187385805840755,5.389071729816501,5.298317366548036,5.393627546352361,5.438079308923196,5.420534999272286,5.676753802268282,5.641907070938114,5.41164605185504,5.733341276897746,6.021023349349527,5.762051382780177,5.802118375377063,5.327876168789581,5.497168225293202,5.204006687076795,5.43372200355424,5.303304908059076,5.424950017481403,5.41164605185504,5.476463551931511,5.332718793265369,5.231108616854587,5.225746673713202,5.572154032177765,5.54907608489522,5.521460917862246,5.429345628954441,5.910796644040527,5.43372200355424,5.846438775057724,5.556828061699537,5.8944028342648505
2.4849066497880004,2.19722457733622,2.079441541679836,1.3862943611198906,1.0986122886681096,2.302585092994046,1.6094379124341005,2.079441541679836,1.6094379124341005,1.6094379124341005,3.1354942159291497,2.639057329615259,1.9459101490553128,2.302585092994046,1.9459101490553128,2.302585092994046,3.218875824868201,1.791759469228055,3.6375861597263857,1.791759469228055,2.079441541679836,1.6094379124341005,2.70805020110221,2.5649493574615367,2.302585092994046,2.8903717578961645,1.3862943611198906,1.0986122886681096,1.9459101490553128,1.6094379124341005,0.0,2.4849066497880004,2.5649493574615367,2.19722457733622,1.3862943611198906,1.791759469228055,1.791759469228055,2.302585092994046,1.9459101490553128,2.3978952727983707,2.3978952727983707,2.302585092994046,1.791759469228055,2.079441541679836,2.3978952727983707,2.079441541679836,2.302585092994046,2.302585092994046,2.3978952727983707,2.079441541679836,1.9459101490553128,2.995732273553991,1.3862943611198906,1.791759469228055,2.302585092994046,1.9459101490553128,2.19722457733622,2.9444389791664403,1.3862943611198906,1.9459101490553128
6.919683849847411,6.340359303727752,6.150602768446279,6.493753839851687,6.331501849893691,6.467698726104354,6.495265555937008,6.289715570908998,7.475905969367397,6.957497370876951,6.944087208229528,7.396335293800808,6.9865664594064265,6.532334292222349,6.304448802421981,6.610696044717759,6.54534966033442,6.548219102762372,6.573680166960646,6.464588303689961,6.75110146893676,7.955074273262696,7.562161631225652,6.962243464266207,7.034387929915503,6.962243464266207,6.706862336602747,6.391917113392602,6.322565239927284,7.080867896690782,7.29776828253138,6.92951677076365,6.480044561926653,6.210600077024653,6.994849985833071,6.899723107284872,6.329720905522696,6.249975242259483,6.354370040797351,6.648984550024776,6.921658184151129,6.647688373563329,6.520621127558696,6.311734809152915,6.280395838960195,6.369900982828227,6.340359303727752,6.29156913955832,6.214608098422191,6.679599185844383,6.391917113392602,6.07073772800249,6.148468295917647,6.07073772800249,6.238324625039508,6.38856140554563,6.214608098422191,6.361302477572996,6.220590170099739,6.056784013228625
6.652863029353347,6.709304340258299,6.53813982376767,6.669498089857879,6.60934924316738,6.532334292222349,6.683360945766275,6.498282149476434,6.55250788703459,6.674561391814426,6.742880635791903,6.646390514847729,6.716594773520978,6.778784897685177,6.8690144506657065,6.901737206656574,7.132497551660044,7.2078598714324755,7.251344983372214,7.213768308118642,7.090076835776092,7.193685818395112,7.00033446027523,7.142827401161621,7.038783541388542,7.114769448366463,7.00850518208228,6.877296071497429,6.946013991099227,6.786716950605081,6.81783057145415,6.892641641172089,6.824373670043086,6.827629234502852,6.675823221634848,6.812345094177479,6.744059186311348,6.732210706467206,6.693323668269949,6.734591659972948,6.778784897685177,6.823286122355687,6.729824070489475,6.866933284461882,6.656726524178391,6.551080335043404,6.6320017773956295,6.6039438246004725,6.597145701886651,6.646390514847729,7.252762418053187,6.473890696352274,6.480044561926653,6.368187186350492,6.523562306149512,6.572282542694008,6.580639137284949,6.6293632534374485,6.529418838262226,6.326149473155099
4.04305126783455,4.0943445622221,4.499809670330265,4.04305126783455,4.07753744390572,4.68213122712422,4.564348191467836,4.330733340286331,4.219507705176107,4.143134726391533,4.430816798843313,4.204692619390966,4.356708826689592,4.430816798843313,4.418840607796598,4.158883083359672,4.442651256490317,4.04305126783455,4.02535169073515,4.0943445622221,4.8283137373023015,4.23410650459726,4.07753744390572,4.219507705176107,4.158883083359672,4.634728988229636,4.691347882229144,5.081404364984463,4.61512051684126,4.406719247264253,4.204692619390966,4.02535169073515,4.07753744390572,4.23410650459726,4.976733742420574,4.584967478670572,4.127134385045092,4.406719247264253,4.02535169073515,3.9318256327243257,3.912023005428146,4.543294782270004,4.48863636973214,4.394449154672439,4.248495242049359,4.060443010546419,4.23410650459726,4.61512051684126,4.465908118654584,4.276666119016055,4.290459441148391,3.912023005428146,5.2832037287379885,4.477336814478207,4.442651256490317,4.204692619390966,4.31748811353631,3.9318256327243257,4.0943445622221,3.737669618283368
9.103089181229208,8.675734219544788,8.412943170042439,8.348301054933943,8.459775920546287,8.41027590907016,8.400209835930418,8.92930284224307,8.98205864280585,8.780172651227646,8.895903562215581,9.093244600099936,9.292381082312392,8.818334283552174,8.668711839055147,8.556990661290303,8.90910013492555,8.595079730073309,8.656085190282855,8.633908991112198,8.499232866039245,8.551981016901902,8.41138813251926,8.58316818033977,8.363342466597977,8.82776136765472,8.671972245203792,8.432724034789787,8.582980931954241,9.2985343827121,8.83200393125627,8.825412915085566,8.914760527397261,8.586905803827538,8.489410810403786,8.465057436995709,8.682538124003075,8.558335134747413,8.33758794211651,8.398634855292102,8.484876589939695,8.481151420068972,8.475537516147405,8.686429508661536,8.742254901886351,8.422003004412488,8.43663368355782,8.522777569710138,9.00810178134187,8.624970783589669,8.724369949208368,8.858510813033927,8.64259160081057,8.758412389457677,8.720950028930258,8.963544291996744,8.68490859582083,9.07783702216309,8.704999678440762,8.483429561263428
4.962844630259907,5.0238805208462765,5.093750200806762,5.153291594497779,5.293304824724492,5.765191102784844,6.437751649736401,5.4638318050256105,5.303304908059076,5.420534999272286,5.683579767338681,5.575949103146316,5.318119993844216,5.0238805208462765,5.093750200806762,5.068904202220232,5.393627546352361,4.912654885736052,4.897839799950911,4.859812404361672,4.812184355372417,4.948759890378168,4.8283137373023015,5.123963979403259,4.90527477843843,5.075173815233827,4.976733742420574,4.867534450455582,4.941642422609304,4.919980925828125,4.77912349311153,4.653960350157523,5.476463551931511,5.429345628954441,4.997212273764115,4.962844630259907,4.844187086458591,4.770684624465665,4.976733742420574,5.043425116919247,4.859812404361672,4.969813299576001,5.247024072160486,5.303304908059076,5.093750200806762,4.7535901911063645,4.820281565605037,4.691347882229144,5.075173815233827,4.8283137373023015,6.508769136971682,5.1298987149230735,4.934473933130692,4.90527477843843,5.308267697401205,5.153291594497779,5.673323267171493,4.919980925828125,5.075173815233827,4.990432586778736
6.927557906278317,6.9782137426306985,6.78332520060396,6.621405651764134,6.887552571664617,6.9957661563048505,7.05617528410041,6.7580945044277305,7.660585461703256,7.450079569807499,7.646353722445999,8.11701408773731,10.024421175431756,8.29154650988391,7.771488760117616,7.422373700986824,7.424761761823209,7.069874128458572,7.143617602704121,7.086737934510577,7.029972911706386,6.910750787961936,6.958448393297656,6.721425700790643,6.419994928147142,6.694562058521095,6.865891074883439,6.93537044601511,8.634442751466477,7.968319500012717,7.316548177182976,6.880384082186005,7.101675971619444,7.030857476116121,6.976348070447749,6.854354502255021,6.913737350659685,6.790097235513905,6.57507584059962,6.723832440821209,6.8416154764775925,6.804614520062624,6.891625897052253,6.752270376141742,6.502790045915623,6.673297967767654,6.735780014242327,6.635946555686647,6.522092798170152,6.447305862541213,6.278521424165844,5.968707559985366,5.998936561946683,6.336825731146441,6.401917196727186,6.395261598115449,6.226536669287466,6.261491684321042,6.182084906716632,6.095824562432225
1.6094379124341005,2.079441541679836,2.302585092994046,1.791759469228055,3.044522437723423,2.079441541679836,3.044522437723423,2.772588722239781,2.079441541679836,3.4339872044851463,2.772588722239781,2.19722457733622,2.19722457733622,1.9459101490553128,2.302585092994046,1.3862943611198906,1.6094379124341005,2.079441541679836,2.19722457733622,1.9459101490553128,2.4849066497880004,2.5649493574615367,1.3862943611198906,3.6635616461296463,2.4849066497880004,2.302585092994046,2.3978952727983707,2.302585092994046,2.079441541679836,2.079441541679836,2.302585092994046,2.302585092994046,1.791759469228055,2.19722457733622,1.6094379124341005,1.6094379124341005,2.772588722239781,1.6094379124341005,2.19722457733622,2.079441541679836,2.19722457733622,1.9459101490553128,2.70805020110221,1.791759469228055,1.9459101490553128,2.8903717578961645,2.079441541679836,2.19722457733622,1.791759469228055,2.772588722239781,2.4849066497880004,3.610917912644224,2.19722457733622,2.302585092994046,2.639057329615259,3.1354942159291497,2.5649493574615367,1.6094379124341005,2.302585092994046,2.3978952727983707
6.597145701886651,6.464588303689961,7.1785454837637,6.816735880594968,6.616065185132817,6.904750769961838,6.963189985870238,6.590301048196686,6.559615237493242,7.114769448366463,6.727431724850855,6.870053411798126,7.170888478512505,6.870053411798126,6.920671504248683,6.859614903654202,7.646353722445999,7.034387929915503,6.704414354964107,7.153833801578843,6.88653164253051,6.647688373563329,6.689599269178967,6.747586526829315,6.587550014824796,6.646390514847729,7.605392364814934,7.157735484249907,7.142827401161621,6.836259277277067,6.8679744089702925,6.651571873589727,6.580639137284949,7.708859601047175,7.59337419312129,7.002155954403621,7.022868086082641,6.660575149839686,6.62273632394984,6.602587892189336,6.815639990074331,6.71174039505618,6.654152520183219,6.6293632534374485,7.455298485683291,6.496774990185863,6.6039438246004725,6.61338421837956,6.670766320845874,6.54965074223381,6.369900982828227,6.803505257608338,6.606650186198215,6.523562306149512,6.440946540632921,6.267200548541362,6.2878585601617845,6.297109319933935,6.144185634125646,6.089044875446846
4.90527477843843,4.882801922586371,5.10594547390058,5.497168225293202,5.459585514144159,4.976733742420574,4.90527477843843,4.5217885770490405,4.897839799950911,5.209486152841421,5.327876168789581,5.41164605185504,4.543294782270004,4.941642422609304,4.709530201312334,4.919980925828125,5.342334251964811,5.627621113690637,5.641907070938114,5.187385805840755,5.3612921657094255,5.545177444479562,5.796057750765372,5.5909869805108565,5.805134968916488,5.820082930352362,5.568344503761097,5.424950017481403,5.44673737166631,5.598421958998375,5.648974238161206,6.0330862217988015,5.963579343618446,5.429345628954441,5.420534999272286,5.598421958998375,5.293304824724492,5.529429087511423,5.805134968916488,5.953243334287785,5.583496308781699,5.652489180268651,5.37989735354046,5.442417710521793,5.389071729816501,6.008813185442595,5.924255797414532,5.869296913133774,5.762051382780177,5.934894195619588,5.905361848054571,6.040254711277414,6.39024066706535,7.120444372392488,7.118826249062078,6.891625897052253,6.699500340161678,6.583409222158765,6.666956792429207,6.865891074883439
5.3706380281276624,5.2832037287379885,5.493061443340548,5.910796644040527,7.268223021159565,5.945420608606575,5.438079308923196,5.293304824724492,5.241747015059643,5.834810737062605,5.855071922202427,5.8111409929767,6.148468295917647,5.723585101952381,5.41610040220442,5.521460917862246,5.41164605185504,5.5909869805108565,5.786897381366708,5.081404364984463,5.0369526024136295,5.236441962829949,5.111987788356544,5.2832037287379885,5.659482215759621,5.493061443340548,5.1298987149230735,5.25227342804663,5.2574953720277815,5.030437921392435,5.10594547390058,5.594711379601839,5.552959584921617,5.19295685089021,4.90527477843843,4.955827057601261,5.0369526024136295,5.062595033026967,5.375278407684165,5.521460917862246,5.043425116919247,4.962844630259907,5.081404364984463,4.90527477843843,5.153291594497779,5.429345628954441,5.60947179518496,5.278114659230518,4.990432586778736,5.123963979403259,4.852030263919617,5.225746673713202,5.43372200355424,5.68697535633982,5.220355825078325,5.187385805840755,5.3981627015177525,5.236441962829949,5.424950017481403,5.41164605185504
8.020927718981577,7.949444420250626,7.821242083523558,7.745435610274381,7.676009932028887,7.381501894506707,7.952263308657046,7.998671361015776,7.771488760117616,7.7279755421055585,7.80057265467065,7.828436359157585,7.60489448081162,8.628018746505122,8.752581469146884,8.872206756028303,8.480114183174816,8.497194544909547,8.286521373681236,8.003697339094368,8.58858318750291,8.61286694148452,8.506334448081361,8.32457884513685,8.422882511944996,8.382289428951436,8.00469951054955,8.87640491500694,8.791790024319363,8.351610750626559,8.487352349405215,8.479906606630221,8.213110697596676,7.96311205897929,8.312135107648412,8.474494436883122,8.30844552038576,8.209852481301272,8.290041618704489,8.387312270561717,8.025843344150903,8.507546814364431,9.21123996721902,8.72534492491121,8.69349667588463,8.610865667278873,8.42463920980563,8.273591798199632,8.780787468338929,8.802823159741887,8.493924564476883,9.193194213141211,8.652248422409102,8.481773246184977,8.26796230533871,8.184792654165078,8.104703468371108,8.08886878916199,8.108021221376747,9.272375762895637
7.346010209913293,7.972466015974565,7.829630389150193,7.597396320212795,7.4318919168078,7.01301578963963,7.1049654482698426,7.27931883541462,7.9854843567338225,7.967973179662935,7.638198244285779,7.824046010856292,7.385851078125209,7.02197642307216,7.051855622955894,6.912742820493176,6.839476438228843,6.974478911025045,6.963189985870238,6.660575149839686,6.643789733147672,6.38856140554563,6.2766434893416445,6.297109319933935,6.371611847231857,6.499787040655854,6.180016653652572,6.236369590203704,6.1463292576688975,5.905361848054571,5.755742213586912,6.003887067106539,6.198478716492308,5.87493073085203,5.986452005284438,5.765191102784844,5.683579767338681,5.69035945432406,5.961005339623274,5.973809611869261,5.814130531825066,5.556828061699537,5.746203190540153,5.54907608489522,5.438079308923196,5.697093486505405,5.666426688112432,5.5053315359323625,5.407171771460119,5.407171771460119,5.407171771460119,5.278114659230518,5.455321115357702,5.568344503761097,5.68697535633982,5.53338948872752,5.517452896464707,5.356586274672012,5.855071922202427,5.69035945432406
5.241747015059643,4.304065093204169,4.8283137373023015,4.61512051684126,4.955827057601261,4.59511985013459,4.0943445622221,4.787491742782046,4.394449154672439,4.663439094112067,5.0238805208462765,4.804021044733257,4.912654885736052,4.532599493153256,4.804021044733257,4.219507705176107,4.882801922586371,4.882801922586371,4.290459441148391,4.51085950651685,4.204692619390966,4.736198448394496,4.634728988229636,4.442651256490317,4.727387818712341,4.442651256490317,4.653960350157523,4.890349128221754,4.709530201312334,4.7535901911063645,4.68213122712422,4.219507705176107,4.927253685157205,4.605170185988092,4.59511985013459,4.787491742782046,4.110873864173311,4.812184355372417,4.867534450455582,4.812184355372417,4.158883083359672,4.543294782270004,4.812184355372417,4.634728988229636,4.584967478670572,4.7535901911063645,4.890349128221754,4.762173934797756,4.584967478670572,4.304065093204169,4.836281906951478,4.477336814478207,4.736198448394496,4.919980925828125,4.875197323201151,4.59511985013459,4.477336814478207,4.727387818712341,4.574710978503383,4.897839799950911
8.709630081951286,8.641532465671846,8.625509334899697,8.602820277383675,8.734238184268577,8.827614750837508,9.15419321135318,9.699472381656918,9.464905067965136,9.268609280100158,9.159993997539445,9.05963375455148,9.040144994980068,9.02857865844074,8.955964118230874,8.931551966694522,8.72029728739272,8.726643415598446,8.812992231969966,8.730851903519232,8.639764743804419,8.6347984334905,8.656607247198915,8.525558107747866,8.566554620953962,8.670257567143075,8.639233817325263,8.631592731724734,8.689127655323706,8.65434302956347,8.585599224080298,8.391403185357937,8.605204068738951,8.59840444684106,8.611593866837723,8.673855001429615,8.645938147306799,8.524764456912555,8.391176350832751,8.494129251817686,8.535622326884605,8.571491964823617,8.533066540572527,8.452547997922705,8.355144739461839,8.280964400553373,8.318254328798846,8.353732642263202,8.34924780056679,8.286773231131251,8.255568653283746,8.143807976771484,8.173857454773621,8.231642179973411,8.397057390176256,8.361474616416817,8.370315995555478,8.357493812658563,8.301769763117166,8.2987883944492
4.584967478670572,5.54907608489522,7.044032897274685,6.180016653652572,6.163314804034641,7.109062135687172,6.12029741895095,5.2574953720277815,5.170483995038151,4.634728988229636,5.062595033026967,5.049856007249537,4.77912349311153,5.267858159063328,4.890349128221754,5.068904202220232,4.477336814478207,4.990432586778736,4.941642422609304,4.890349128221754,4.787491742782046,4.499809670330265,4.343805421853684,4.59511985013459,4.5217885770490405,4.77912349311153,4.564348191467836,4.418840607796598,4.418840607796598,4.204692619390966,4.584967478670572,4.564348191467836,4.718498871295094,4.394449154672439,4.867534450455582,4.762173934797756,4.624972813284271,4.68213122712422,5.117993812416755,4.59511985013459,5.1647859739235145,4.897839799950911,4.941642422609304,4.919980925828125,4.48863636973214,4.653960350157523,4.787491742782046,4.672828834461906,4.762173934797756,5.0369526024136295,4.795790545596741,4.605170185988092,4.499809670330265,4.59511985013459,4.276666119016055,4.969813299576001,5.030437921392435,4.867534450455582,5.327876168789581,5.961005339623274
2.5649493574615367,2.772588722239781,2.4849066497880004,2.302585092994046,2.079441541679836,2.4849066497880004,2.5649493574615367,2.772588722239781,2.079441541679836,2.833213344056216,2.079441541679836,2.639057329615259,3.58351893845611,2.19722457733622,2.639057329615259,2.3978952727983707,2.833213344056216,2.5649493574615367,2.4849066497880004,2.9444389791664403,2.8903717578961645,2.833213344056216,2.302585092994046,2.5649493574615367,2.079441541679836,2.9444389791664403,2.8903717578961645,2.639057329615259,2.19722457733622,2.639057329615259,2.995732273553991,2.995732273553991,2.639057329615259,2.5649493574615367,3.044522437723423,2.079441541679836,2.639057329615259,2.302585092994046,2.4849066497880004,2.772588722239781,2.3978952727983707,3.367295829986474,2.772588722239781,2.4849066497880004,2.4849066497880004,2.833213344056216,2.19722457733622,2.772588722239781,2.4849066497880004,2.70805020110221,2.639057329615259,2.9444389791664403,2.302585092994046,2.639057329615259,2.079441541679836,2.19722457733622,2.302585092994046,2.8903717578961645,2.9444389791664403,2.5649493574615367
3.970291913552122,4.0943445622221,3.9889840465642745,3.8918202981106265,4.204692619390966,4.394449154672439,4.564348191467836,5.030437921392435,4.691347882229144,4.31748811353631,4.727387818712341,4.8283137373023015,4.477336814478207,4.330733340286331,4.110873864173311,4.290459441148391,4.127134385045092,4.262679877041316,4.189654742026425,4.127134385045092,4.04305126783455,3.737669618283368,3.970291913552122,4.04305126783455,3.555348061489413,4.143134726391533,3.713572066704308,3.8918202981106265,4.02535169073515,3.951243718581428,4.04305126783455,3.6635616461296463,4.127134385045092,3.713572066704308,3.912023005428146,3.951243718581428,3.7612001156935615,3.737669618283368,3.970291913552122,3.828641396489095,4.07753744390572,4.127134385045092,3.80666248977032,3.8712010109078903,3.1354942159291497,3.970291913552122,3.8712010109078903,3.8712010109078903,3.80666248977032,4.04305126783455,3.8918202981106265,3.8918202981106265,3.8918202981106265,4.219507705176107,4.07753744390572,3.58351893845611,3.7612001156935615,3.555348061489413,4.0943445622221,3.6375861597263857
5.8805329864007,5.857933154483459,5.82600010738045,5.918893854273146,6.161207321695077,6.016157159698354,6.0112671744041615,5.8111409929767,6.71174039505618,6.428105272684596,5.860786223465865,5.780743515792329,5.808142489980444,5.662960480135946,6.456769655572163,5.765191102784844,5.605802066295998,5.501258210544727,5.676753802268282,5.583496308781699,5.438079308923196,5.247024072160486,5.356586274672012,5.318119993844216,5.176149732573829,5.501258210544727,5.420534999272286,5.44673737166631,5.472270673671475,5.19295685089021,5.010635294096256,5.365976015021851,5.3981627015177525,5.351858133476067,5.214935757608986,5.468060141135132,5.342334251964811,5.420534999272286,5.429345628954441,5.44673737166631,5.493061443340548,5.37989735354046,5.572154032177765,5.293304824724492,5.41610040220442,5.342334251964811,5.3230099791384085,5.214935757608986,5.552959584921617,5.66988092298052,5.60947179518496,5.407171771460119,5.58724865840025,5.641907070938114,5.955837369464831,5.720311776607412,5.594711379601839,5.537334267018537,5.7899601708972535,5.337538079701318
6.519147287940395,6.396929655216146,6.289715570908998,5.945420608606575,6.1675164908883415,6.559615237493242,6.4692503167957724,6.318968113746434,6.4457198193855785,6.302618975744905,6.035481432524756,6.214608098422191,6.436150368369428,6.496774990185863,6.576469569048224,6.489204931325317,6.251903883165888,5.942799375126701,6.1779441140506,6.542471960506805,6.541029999189903,6.364750756851911,6.54965074223381,6.175867270105761,5.955837369464831,6.028278520230698,6.486160788944089,6.46302945692067,6.386879319362645,6.326149473155099,6.35088571671474,5.8522024797744745,6.12029741895095,6.393590753950631,6.400257445308821,6.410174881966167,6.318968113746434,6.206575926724928,5.8664680569332965,6.198478716492308,6.53813982376767,6.590301048196686,6.4692503167957724,6.398594934535208,6.218600119691729,5.828945617610208,6.173786103901937,6.496774990185863,6.311734809152915,6.228511003591184,6.190315405853148,5.902633333401366,5.438079308923196,6.1463292576688975,5.783825182329737,6.210600077024653,6.19644412779452,6.805722553416985,6.16541785423142,5.703782474656201
6.061456918928017,5.993961427306569,6.38856140554563,6.598509028614515,6.970730078143525,6.234410725718371,6.261491684321042,6.403574197934815,6.322565239927284,6.285998094508865,7.578145472419466,8.238536930171769,7.228388451573604,7.053585727193677,6.78332520060396,7.101675971619444,7.545389749611823,8.314832179284556,8.342363500380579,8.104401307921613,7.595889917718538,6.9726062513017535,6.870053411798126,6.802394763324311,7.648739788956242,8.106514516255185,7.064759027791802,6.651571873589727,6.754604099487962,6.725033642166843,6.748759547491679,6.675823221634848,6.98100574072173,6.79346613258001,6.533788837933344,6.539585955617669,6.678342114654332,6.46302945692067,6.616065185132817,7.324489979348532,6.655440350367647,6.152732694704104,6.1463292576688975,6.597145701886651,6.46302945692067,6.206575926724928,6.461468176353717,6.45833828334479,6.608000625296087,6.466144724237619,6.684611727667927,6.871091294610546,7.064759027791802,7.2868764117507,6.86484777797086,6.498282149476434,6.928537818164665,7.109062135687172,7.00397413672268,7.792761720816526
2.639057329615259,2.4849066497880004,2.639057329615259,2.3978952727983707,2.302585092994046,2.639057329615259,2.639057329615259,2.4849066497880004,2.639057329615259,2.8903717578961645,2.833213344056216,2.995732273553991,2.833213344056216,3.091042453358316,2.5649493574615367,3.044522437723423,2.639057329615259,2.5649493574615367,2.833213344056216,2.70805020110221,2.833213344056216,2.4849066497880004,2.3978952727983707,1.9459101490553128,3.091042453358316,3.044522437723423,2.772588722239781,2.639057329615259,2.3978952727983707,2.70805020110221,2.3978952727983707,2.833213344056216,2.8903717578961645,2.995732273553991,2.70805020110221,2.3978952727983707,2.833213344056216,2.772588722239781,2.19722457733622,1.6094379124341005,2.8903717578961645,2.639057329615259,3.1780538303479458,2.70805020110221,3.1354942159291497,3.1354942159291497,3.367295829986474,2.9444389791664403,3.295836866004329,3.044522437723423,3.218875824868201,3.1354942159291497,3.4011973816621555,3.58351893845611,3.332204510175204,3.367295829986474,2.833213344056216,3.295836866004329,2.772588722239781,2.639057329615259
6.643789733147672,6.6240652277998935,6.602587892189336,7.118826249062078,6.8966943316227125,6.714170529909472,6.714170529909472,6.480044561926653,6.532334292222349,6.480044561926653,6.606650186198215,6.6052979209482015,6.659293919683638,6.516193076042964,6.561030665896573,6.794586580876499,6.851184927493743,6.759255270663693,6.965080345601407,7.210079628170788,7.114769448366463,7.214504414151143,6.860663671448287,6.930494765951626,6.879355804460439,6.964135612418245,6.910750787961936,6.835184586147301,6.756932389247553,6.658011045870748,6.689599269178967,6.669498089857879,6.806829360392176,6.734591659972948,6.60934924316738,6.595780513961311,6.643789733147672,6.541029999189903,6.633318433280377,6.741700694652055,6.682108597449809,6.694562058521095,6.704414354964107,6.548219102762372,6.579251212010101,6.548219102762372,6.576469569048224,6.576469569048224,6.573680166960646,6.584791392385716,6.556778356158042,6.539585955617669,6.416732282512326,6.646390514847729,6.963189985870238,6.858565034791365,6.843749949006225,6.806829360392176,6.959398512133975,6.663132695990803
6.5998704992128365,6.56244409369372,6.551080335043404,6.230481447578482,6.228511003591184,6.520621127558696,6.349138991379798,6.212606095751519,6.428105272684596,6.586171654854675,6.668228248417403,6.821107472256465,6.7580945044277305,6.628041376179533,6.565264970035361,6.516193076042964,6.542471960506805,6.263398262591624,6.744059186311348,7.032624261028007,6.9363427358340495,6.556778356158042,6.411818267709897,6.7580945044277305,6.660575149839686,6.882437470997847,6.890609120147166,6.689599269178967,7.018401799069201,6.914730892718563,7.090076835776092,6.679599185844383,6.827629234502852,7.025538314638521,6.815639990074331,7.188412736496954,6.860663671448287,6.882437470997847,7.655864017616056,8.992184362173012,8.522578663692576,8.74209519574531,8.31752199628717,7.327780538421631,7.317212408359839,7.507141079727608,6.96979066990159,7.27655640271871,7.197435354096591,7.186901020411631,6.8001700683022,6.47543271670409,6.257667587882639,6.07073772800249,6.373319789577012,6.756932389247553,6.762729506931879,6.728628613084702,6.568077911411976,6.546785410760524
4.143134726391533,3.1780538303479458,3.49650756146648,3.58351893845611,3.784189633918261,3.970291913552122,3.367295829986474,3.1354942159291497,3.6375861597263857,4.0943445622221,4.143134726391533,3.784189633918261,4.0943445622221,3.784189633918261,4.442651256490317,3.6375861597263857,4.290459441148391,3.80666248977032,3.688879454113936,3.4011973816621555,4.02535169073515,4.927253685157205,4.23410650459726,3.7612001156935615,3.49650756146648,4.07753744390572,4.007333185232471,3.784189633918261,4.110873864173311,3.737669618283368,3.688879454113936,3.912023005428146,3.784189633918261,3.8712010109078903,3.8918202981106265,3.4657359027997265,4.143134726391533,3.6635616461296463,3.610917912644224,4.7535901911063645,4.02535169073515,4.844187086458591,4.875197323201151,4.0943445622221,3.828641396489095,3.8712010109078903,3.737669618283368,4.127134385045092,4.07753744390572,3.8712010109078903,4.605170185988092,4.02535169073515,3.970291913552122,4.0943445622221,4.499809670330265,4.219507705176107,4.406719247264253,4.02535169073515,4.276666119016055,4.07753744390572
2.079441541679836,2.4849066497880004,4.248495242049359,2.302585092994046,3.713572066704308,4.04305126783455,3.258096538021482,2.639057329615259,2.5649493574615367,2.19722457733622,2.5649493574615367,2.302585092994046,1.791759469228055,3.1780538303479458,1.791759469228055,1.9459101490553128,2.4849066497880004,2.3978952727983707,2.3978952727983707,2.079441541679836,1.6094379124341005,2.079441541679836,2.4849066497880004,1.791759469228055,2.639057329615259,0.6931471805599453,2.302585092994046,2.639057329615259,2.9444389791664403,3.610917912644224,2.9444389791664403,2.3978952727983707,1.6094379124341005,1.791759469228055,2.079441541679836,2.079441541679836,2.19722457733622,2.70805020110221,2.5649493574615367,2.3978952727983707,2.079441541679836,1.0986122886681096,2.19722457733622,3.044522437723423,4.6443908991413725,2.4849066497880004,2.5649493574615367,2.772588722239781,2.4849066497880004,3.713572066704308,2.639057329615259,2.8903717578961645,2.19722457733622,2.19722457733622,2.3978952727983707,3.218875824868201,3.970291913552122,2.19722457733622,2.833213344056216,2.5649493574615367
2.639057329615259,1.9459101490553128,2.302585092994046,2.079441541679836,2.833213344056216,2.995732273553991,2.772588722239781,1.6094379124341005,2.5649493574615367,2.302585092994046,2.5649493574615367,2.302585092994046,3.258096538021482,1.791759469228055,1.6094379124341005,1.791759469228055,2.4849066497880004,2.5649493574615367,2.4849066497880004,1.9459101490553128,2.5649493574615367,2.772588722239781,2.302585092994046,2.639057329615259,2.4849066497880004,2.3978952727983707,2.639057329615259,2.19722457733622,2.19722457733622,2.302585092994046,1.9459101490553128,2.70805020110221,2.3978952727983707,2.079441541679836,1.9459101490553128,2.079441541679836,1.791759469228055,2.9444389791664403,2.5649493574615367,1.9459101490553128,2.19722457733622,2.19722457733622,2.19722457733622,2.772588722239781,3.044522437723423,2.772588722239781,2.8903717578961645,2.5649493574615367,2.772588722239781,2.079441541679836,2.302585092994046,2.302585092994046,2.19722457733622,2.302585092994046,2.4849066497880004,2.19722457733622,2.5649493574615367,2.3978952727983707,1.791759469228055,1.3862943611198906
0.6931471805599453,1.3862943611198906,1.0986122886681096,1.9459101490553128,2.19722457733622,2.19722457733622,1.0986122886681096,0.0,1.9459101490553128,1.3862943611198906,1.9459101490553128,1.9459101490553128,1.791759469228055,0.6931471805599453,1.6094379124341005,1.3862943611198906,1.791759469228055,1.3862943611198906,1.9459101490553128,0.0,1.3862943611198906,0.6931471805599453,1.6094379124341005,1.9459101490553128,1.6094379124341005,1.0986122886681096,1.791759469228055,1.3862943611198906,1.0986122886681096,1.3862943611198906,1.6094379124341005,1.9459101490553128,1.6094379124341005,2.19722457733622,1.0986122886681096,1.791759469228055,1.3862943611198906,2.079441541679836,1.791759469228055,1.0986122886681096,1.791759469228055,1.3862943611198906,1.791759469228055,2.4849066497880004,2.639057329615259,2.5649493574615367,2.4849066497880004,2.4849066497880004,2.3978952727983707,3.1354942159291497,2.833213344056216,2.3978952727983707,2.4849066497880004,2.19722457733622,1.6094379124341005,2.5649493574615367,2.079441541679836,2.19722457733622,2.70805020110221,4.919980925828125
2.302585092994046,1.9459101490553128,1.0986122886681096,1.791759469228055,1.791759469228055,2.079441541679836,1.791759469228055,1.9459101490553128,2.079441541679836,1.3862943611198906,2.079441541679836,1.3862943611198906,2.5649493574615367,1.0986122886681096,2.4849066497880004,1.791759469228055,1.791759469228055,2.302585092994046,1.9459101490553128,1.3862943611198906,1.9459101490553128,3.4339872044851463,1.791759469228055,1.791759469228055,1.791759469228055,2.302585092994046,1.9459101490553128,1.3862943611198906,2.70805020110221,1.6094379124341005,3.1780538303479458,2.302585092994046,1.9459101490553128,2.8903717578961645,1.6094379124341005,2.8903717578961645,2.3978952727983707,2.5649493574615367,2.302585092994046,3.4011973816621555,4.007333185232471,1.791759469228055,1.3862943611198906,3.218875824868201,5.1647859739235145,2.995732273553991,3.737669618283368,2.833213344056216,2.772588722239781,2.772588722239781,2.639057329615259,2.5649493574615367,2.4849066497880004,1.791759469228055,1.6094379124341005,1.6094379124341005,2.4849066497880004,2.70805020110221,1.9459101490553128,1.9459101490553128
1.9459101490553128,2.302585092994046,1.9459101490553128,1.9459101490553128,2.302585092994046,2.19722457733622,1.9459101490553128,1.9459101490553128,1.9459101490553128,1.791759469228055,2.4849066497880004,2.302585092994046,2.4849066497880004,1.791759469228055,2.302585092994046,1.9459101490553128,1.791759469228055,1.9459101490553128,3.1780538303479458,3.218875824868201,2.3978952727983707,2.3978952727983707,2.3978952727983707,2.19722457733622,2.3978952727983707,1.791759469228055,1.3862943611198906,1.9459101490553128,2.19722457733622,2.833213344056216,2.302585092994046,2.5649493574615367,1.791759469228055,2.302585092994046,2.302585092994046,1.9459101490553128,2.9444389791664403,2.19722457733622,2.079441541679836,1.3862943611198906,1.6094379124341005,1.0986122886681096,1.6094379124341005,2.079441541679836,2.5649493574615367,2.3978952727983707,2.079441541679836,3.828641396489095,3.5263605246161616,2.70805020110221,2.639057329615259,2.4849066497880004,2.833213344056216,2.079441541679836,2.4849066497880004,2.079441541679836,3.1780538303479458,2.995732273553991,2.5649493574615367,2.4849066497880004
0.0,0.0,0.0,0.0,0.0,0.0,0.0,0.0,0.0,0.0,0.0,0.0,0.0,0.0,0.0,0.0,0.0,0.0,0.0,0.0,0.0,0.0,0.0,0.0,0.0,0.0,0.0,0.0,0.0,0.0,0.0,4.262679877041316,6.251903883165888,4.77912349311153,4.48863636973214,6.493753839851687,6.20050917404269,5.899897353582492,5.5909869805108565,5.978885764901122,7.326465613840322,8.07153089355666,7.8252452914317745,7.110696122978827,7.129297548929373,7.097548850614793,7.369600720526409,6.777646593635117,6.51471269087253,7.134093721192866,7.466227556215481,7.150701457592526,7.642044402873258,7.462214939768189,6.891625897052253,6.489204931325317,6.448889394146858,6.089044875446846,6.100318952020064,6.284134161070802
9.227689010310796,9.298442820197728,9.56156046523195,9.68775397939693,9.887002416276266,9.479145388658274,9.03264808356589,8.739055922830724,8.88336291691676,8.960210955576986,9.33282345619073,9.352794339771116,9.09279480812114,8.799963219506997,8.802071336535285,8.695171998776056,8.803273982501045,9.345220854170002,9.306650052113593,9.10974625674048,9.100302266767246,9.60177416667137,9.519735011333614,9.163353580751846,9.252153874789594,9.297068375486006,9.09985563880091,8.875846177738598,9.03240916348352,8.846640813100485,9.0142038261485,9.175955945114351,9.44896349413878,9.089302043599126,8.773694146384443,9.009325172734972,8.862908295118627,9.719324300862802,9.519441411801264,9.353574540062093,9.515248225093032,9.25846364715791,9.01249900352419,9.042276686928927,8.984944285608679,9.081597496083456,9.435481925953066,9.010913347279288,8.98343977178426,8.983188799264434,9.273502946933824,8.9595686535445,8.923457979694966,8.97903863296051,9.044757931186505,9.162934249578912,9.089753408987065,9.938758166618047,9.27977314669152,9.217812386814884
6.690842277418564,6.45833828334479,6.331501849893691,6.437751649736401,6.439350371100098,6.061456918928017,5.8944028342648505,5.407171771460119,5.7745515455444085,5.752572638825633,5.802118375377063,5.877735781779639,5.480638923341991,5.493061443340548,5.552959584921617,5.726847747587197,5.455321115357702,5.455321115357702,5.53338948872752,5.337538079701318,5.181783550292085,5.075173815233827,5.198497031265826,5.099866427824199,5.1647859739235145,5.298317366548036,5.0369526024136295,4.983606621708336,4.897839799950911,4.7535901911063645,4.836281906951478,5.262690188904886,4.90527477843843,4.709530201312334,4.7535901911063645,4.820281565605037,4.700480365792417,4.7535901911063645,4.836281906951478,5.087596335232384,4.804021044733257,4.804021044733257,4.927253685157205,4.7535901911063645,4.700480365792417,4.653960350157523,4.727387818712341,4.663439094112067,4.290459441148391,4.634728988229636,4.406719247264253,4.442651256490317,4.262679877041316,4.770684624465665,4.77912349311153,4.709530201312334,4.804021044733257,4.867534450455582,4.941642422609304,4.532599493153256
1.9459101490553128,2.302585092994046,1.9459101490553128,1.9459101490553128,2.19722457733622,2.079441541679836,1.3862943611198906,1.9459101490553128,2.302585092994046,1.3862943611198906,2.3978952727983707,1.791759469228055,1.9459101490553128,2.5649493574615367,2.079441541679836,2.3978952727983707,1.9459101490553128,2.19722457733622,2.3978952727983707,1.3862943611198906,1.6094379124341005,1.9459101490553128,1.6094379124341005,1.9459101490553128,2.19722457733622,1.3862943611198906,2.19722457733622,2.079441541679836,2.772588722239781,4.820281565605037,1.791759469228055,3.258096538021482,2.302585092994046,2.19722457733622,1.9459101490553128,1.0986122886681096,2.302585092994046,3.218875824868201,2.833213344056216,3.951243718581428,5.123963979403259,3.737669618283368,3.970291913552122,4.23410650459726,3.713572066704308,3.8712010109078903,3.5263605246161616,4.499809670330265,3.5263605246161616,5.075173815233827,4.859812404361672,2.8903717578961645,4.61512051684126,4.262679877041316,3.5263605246161616,2.3978952727983707,3.218875824868201,2.639057329615259,3.688879454113936,2.70805020110221
5.613128106388071,5.598421958998375,5.488937726156687,5.638354669333745,5.459585514144159,5.638354669333745,5.700443573390686,5.66988092298052,5.60947179518496,5.717027701406222,5.662960480135946,5.736572297479192,5.916202062607435,5.575949103146316,6.608000625296087,6.2422232654551655,5.733341276897746,5.58724865840025,5.726847747587197,5.720311776607412,5.817111159963204,5.666426688112432,8.713746330456916,7.762170607138205,6.70196036600254,6.762729506931879,6.840546529288687,6.530877627725885,6.7580945044277305,6.395261598115449,6.684611727667927,6.20455776256869,6.2766434893416445,6.253828811575473,6.182084906716632,6.1092475827643655,6.152732694704104,5.863631175598097,5.713732805509369,6.061456918928017,5.988961416889864,6.089044875446846,6.056784013228625,5.831882477283517,5.860786223465865,5.58724865840025,5.8944028342648505,5.877735781779639,5.834810737062605,6.084499413075172,6.075346031088684,5.891644211825771,5.594711379601839,6.278521424165844,6.040254711277414,5.87493073085203,5.752572638825633,5.5909869805108565,5.459585514144159,5.123963979403259
2.833213344056216,1.9459101490553128,2.70805020110221,2.639057329615259,2.5649493574615367,2.5649493574615367,3.1780538303479458,2.302585092994046,2.19722457733622,2.4849066497880004,1.9459101490553128,2.302585092994046,2.3978952727983707,2.9444389791664403,3.044522437723423,2.8903717578961645,3.1354942159291497,2.833213344056216,2.4849066497880004,2.8903717578961645,2.5649493574615367,2.302585092994046,2.995732273553991,2.772588722239781,2.19722457733622,2.833213344056216,2.3978952727983707,3.1354942159291497,2.8903717578961645,3.1780538303479458,2.833213344056216,2.302585092994046,2.079441541679836,3.49650756146648,2.5649493574615367,2.5649493574615367,3.091042453358316,2.19722457733622,2.772588722239781,1.9459101490553128,2.302585092994046,2.302585092994046,2.19722457733622,2.995732273553991,2.3978952727983707,2.3978952727983707,1.3862943611198906,3.091042453358316,2.5649493574615367,2.9444389791664403,2.3978952727983707,2.5649493574615367,2.3978952727983707,2.639057329615259,2.772588722239781,2.772588722239781,3.1354942159291497,2.19722457733622,2.8903717578961645,2.639057329615259
5.247024072160486,5.099866427824199,5.1298987149230735,5.605802066295998,6.095824562432225,5.247024072160486,5.135798437050262,5.41610040220442,5.342334251964811,5.69035945432406,5.673323267171493,5.863631175598097,5.545177444479562,5.407171771460119,5.0369526024136295,5.081404364984463,4.969813299576001,5.733341276897746,5.942799375126701,5.278114659230518,5.375278407684165,4.997212273764115,4.77912349311153,4.804021044733257,5.327876168789581,5.648974238161206,4.983606621708336,5.272999558563747,5.056245805348308,5.298317366548036,4.844187086458591,5.472270673671475,6.124683390894205,5.723585101952381,6.102558594613569,5.902633333401366,5.384495062789089,5.117993812416755,5.424950017481403,5.429345628954441,4.897839799950911,4.976733742420574,4.804021044733257,4.812184355372417,4.68213122712422,4.795790545596741,5.010635294096256,4.700480365792417,4.418840607796598,4.553876891600541,4.653960350157523,4.605170185988092,4.499809670330265,4.624972813284271,4.634728988229636,4.543294782270004,4.77912349311153,4.61512051684126,4.454347296253507,4.605170185988092
4.770684624465665,4.624972813284271,4.736198448394496,4.382026634673881,4.304065093204169,4.812184355372417,4.948759890378168,4.90527477843843,4.465908118654584,4.844187086458591,4.543294782270004,4.927253685157205,4.770684624465665,4.605170185988092,4.48863636973214,4.997212273764115,4.700480365792417,4.709530201312334,4.997212273764115,4.770684624465665,4.897839799950911,5.081404364984463,4.653960350157523,4.61512051684126,5.087596335232384,4.5217885770490405,6.156978985585555,4.919980925828125,4.624972813284271,4.795790545596741,5.10594547390058,4.624972813284271,4.48863636973214,4.795790545596741,4.700480365792417,4.672828834461906,4.553876891600541,4.68213122712422,4.836281906951478,4.736198448394496,4.553876891600541,5.030437921392435,4.624972813284271,4.912654885736052,5.214935757608986,5.049856007249537,5.209486152841421,5.170483995038151,5.2832037287379885,5.278114659230518,5.204006687076795,4.927253685157205,4.276666119016055,4.143134726391533,4.61512051684126,4.820281565605037,4.934473933130692,4.804021044733257,5.187385805840755,4.110873864173311
7.035268599281097,7.205635176410364,7.037027614686276,6.918695219020472,7.127693699347399,7.283448228756631,7.1569563646156364,7.217443431696533,7.1372784372603855,6.958448393297656,6.874198495453294,7.228388451573604,7.375255778009754,7.4205789054108,7.321188556739479,7.283448228756631,7.183870715062453,6.807934943699926,7.142036574706803,7.275864600546533,7.3031700512368,7.31986492980897,7.303843225277705,7.099201743553092,6.880384082186005,7.38025578842646,7.252762418053187,7.213768308118642,7.256297239690681,7.605392364814934,7.102499355774649,6.805722553416985,7.170119543449628,7.453561871643373,7.228388451573604,7.091742115095153,7.155396301896734,6.918695219020472,6.747586526829315,6.905753276311464,7.116394144093465,7.118826249062078,7.089243155027514,6.961296045910167,6.779921907472252,6.646390514847729,6.882437470997847,6.778784897685177,6.674561391814426,6.824373670043086,6.742880635791903,6.418364935936212,6.782192056006791,6.714170529909472,6.565264970035361,6.805722553416985,6.641182169740591,6.843749949006225,6.559615237493242,6.556778356158042
5.3230099791384085,5.043425116919247,4.564348191467836,4.553876891600541,4.61512051684126,4.48863636973214,4.276666119016055,3.9318256327243257,4.0943445622221,3.8501476017100575,4.07753744390572,4.3694478524670215,3.828641396489095,3.912023005428146,3.688879454113936,3.7612001156935615,3.80666248977032,4.02535169073515,6.056784013228625,4.174387269895637,3.1354942159291497,3.1354942159291497,1.791759469228055,2.772588722239781,3.1354942159291497,3.1780538303479458,2.8903717578961645,2.9444389791664403,2.639057329615259,2.995732273553991,3.737669618283368,3.295836866004329,3.555348061489413,3.1780538303479458,3.555348061489413,3.332204510175204,5.857933154483459,4.990432586778736,4.574710978503383,4.356708826689592,4.060443010546419,3.970291913552122,3.4011973816621555,3.1354942159291497,3.295836866004329,3.688879454113936,3.295836866004329,3.258096538021482,2.8903717578961645,3.58351893845611,2.995732273553991,2.995732273553991,2.833213344056216,2.995732273553991,3.1354942159291497,3.1780538303479458,2.302585092994046,3.1354942159291497,2.8903717578961645,2.70805020110221
4.983606621708336,4.990432586778736,5.204006687076795,5.153291594497779,5.2832037287379885,4.836281906951478,4.897839799950911,4.653960350157523,4.553876891600541,4.634728988229636,5.017279836814924,5.616771097666572,5.225746673713202,4.430816798843313,4.787491742782046,5.313205979041787,4.912654885736052,5.111987788356544,5.351858133476067,4.394449154672439,4.499809670330265,4.762173934797756,4.919980925828125,4.897839799950911,5.087596335232384,6.926577033222725,6.561030665896573,5.37989735354046,4.912654885736052,4.836281906951478,4.709530201312334,5.293304824724492,5.159055299214529,4.948759890378168,4.8283137373023015,4.77912349311153,4.477336814478207,4.727387818712341,5.14166355650266,5.204006687076795,4.820281565605037,4.718498871295094,4.442651256490317,4.867534450455582,4.736198448394496,5.1647859739235145,5.017279836814924,4.5217885770490405,4.564348191467836,4.762173934797756,4.672828834461906,4.8283137373023015,5.0369526024136295,5.342334251964811,4.859812404361672,4.890349128221754,5.081404364984463,4.867534450455582,4.68213122712422,4.653960350157523
2.302585092994046,1.791759469228055,2.19722457733622,2.3978952727983707,2.3978952727983707,2.5649493574615367,2.3978952727983707,1.6094379124341005,1.791759469228055,2.079441541679836,2.3978952727983707,1.6094379124341005,1.9459101490553128,1.791759469228055,2.302585092994046,1.6094379124341005,1.791759469228055,1.6094379124341005,2.4849066497880004,4.3694478524670215,1.6094379124341005,1.6094379124341005,1.9459101490553128,2.079441541679836,1.6094379124341005,1.9459101490553128,1.9459101490553128,2.19722457733622,2.3978952727983707,1.9459101490553128,2.19722457733622,2.19722457733622,1.9459101490553128,1.791759469228055,1.6094379124341005,2.639057329615259,2.833213344056216,2.19722457733622,2.079441541679836,2.4849066497880004,2.772588722239781,2.079441541679836,2.3978952727983707,2.639057329615259,2.4849066497880004,2.9444389791664403,2.639057329615259,3.1354942159291497,2.833213344056216,2.70805020110221,2.4849066497880004,2.639057329615259,2.302585092994046,1.6094379124341005,2.3978952727983707,2.4849066497880004,2.3978952727983707,2.639057329615259,1.791759469228055,1.9459101490553128
2.4849066497880004,1.0986122886681096,2.4849066497880004,2.70805020110221,2.302585092994046,2.70805020110221,2.079441541679836,1.6094379124341005,1.791759469228055,2.19722457733622,1.9459101490553128,2.079441541679836,2.70805020110221,1.6094379124341005,2.079441541679836,0.6931471805599453,1.791759469228055,1.3862943611198906,1.9459101490553128,3.367295829986474,1.9459101490553128,3.49650756146648,2.3978952727983707,1.3862943611198906,1.9459101490553128,2.5649493574615367,1.3862943611198906,1.0986122886681096,1.9459101490553128,1.6094379124341005,1.791759469228055,0.6931471805599453,2.19722457733622,2.079441541679836,1.9459101490553128,1.6094379124341005,1.9459101490553128,1.6094379124341005,1.9459101490553128,1.0986122886681096,2.302585092994046,1.6094379124341005,1.6094379124341005,2.70805020110221,2.70805020110221,2.3978952727983707,3.49650756146648,2.5649493574615367,2.4849066497880004,2.4849066497880004,2.19722457733622,2.079441541679836,2.19722457733622,1.9459101490553128,1.9459101490553128,2.079441541679836,2.302585092994046,1.791759469228055,2.19722457733622,2.4849066497880004
0.0,0.0,0.0,0.0,0.0,0.0,0.0,0.0,0.0,0.0,0.0,0.0,0.0,0.0,0.0,0.0,0.0,0.0,0.0,0.0,0.0,0.0,0.0,0.0,0.0,0.0,0.0,0.0,0.0,0.0,0.0,0.0,0.0,0.0,0.0,0.0,0.0,0.0,0.0,0.0,0.0,0.0,0.0,0.0,0.0,0.0,0.0,0.0,0.0,0.0,0.0,0.0,0.0,0.0,0.0,0.0,0.0,0.0,0.0,0.0
0.0,0.6931471805599453,0.0,1.6094379124341005,1.3862943611198906,0.0,0.6931471805599453,0.0,0.6931471805599453,0.6931471805599453,1.6094379124341005,0.0,0.0,0.6931471805599453,1.0986122886681096,1.0986122886681096,0.6931471805599453,1.3862943611198906,1.3862943611198906,0.6931471805599453,0.0,1.0986122886681096,0.0,1.6094379124341005,1.6094379124341005,0.0,0.6931471805599453,1.3862943611198906,0.6931471805599453,0.6931471805599453,0.6931471805599453,1.3862943611198906,0.6931471805599453,0.6931471805599453,0.6931471805599453,0.0,1.0986122886681096,0.0,1.791759469228055,0.0,0.6931471805599453,0.0,0.0,1.0986122886681096,1.3862943611198906,1.3862943611198906,1.3862943611198906,0.6931471805599453,0.0,0.0,0.0,0.0,1.0986122886681096,1.0986122886681096,1.0986122886681096,1.3862943611198906,0.6931471805599453,1.0986122886681096,0.6931471805599453,2.079441541679836
3.218875824868201,3.1354942159291497,3.1354942159291497,2.8903717578961645,2.772588722239781,2.639057329615259,2.833213344056216,2.19722457733622,2.639057329615259,2.639057329615259,2.8903717578961645,2.772588722239781,2.833213344056216,2.833213344056216,3.295836866004329,2.9444389791664403,3.5263605246161616,2.772588722239781,2.302585092994046,3.044522437723423,2.70805020110221,3.091042453358316,2.8903717578961645,2.639057329615259,2.772588722239781,2.5649493574615367,4.736198448394496,4.110873864173311,3.784189633918261,3.218875824868201,2.3978952727983707,3.218875824868201,2.70805020110221,4.219507705176107,2.639057329615259,2.639057329615259,2.772588722239781,2.772588722239781,2.833213344056216,2.079441541679836,3.58351893845611,3.610917912644224,3.258096538021482,3.367295829986474,2.8903717578961645,3.218875824868201,4.700480365792417,6.066108090103747,2.833213344056216,3.295836866004329,3.713572066704308,2.70805020110221,3.555348061489413,3.1780538303479458,3.091042453358316,3.218875824868201,3.091042453358316,2.833213344056216,2.70805020110221,3.610917912644224
4.543294782270004,4.290459441148391,4.276666119016055,4.418840607796598,4.59511985013459,4.61512051684126,4.700480365792417,4.61512051684126,4.836281906951478,4.59511985013459,4.605170185988092,4.672828834461906,4.634728988229636,4.663439094112067,4.727387818712341,4.382026634673881,4.727387818712341,4.248495242049359,4.700480365792417,4.770684624465665,4.634728988229636,4.624972813284271,4.691347882229144,4.605170185988092,4.174387269895637,4.795790545596741,4.7535901911063645,4.912654885736052,4.941642422609304,5.25227342804663,4.394449154672439,4.418840607796598,4.477336814478207,4.5217885770490405,4.477336814478207,4.442651256490317,4.543294782270004,4.262679877041316,3.8501476017100575,4.330733340286331,4.477336814478207,4.48863636973214,4.770684624465665,4.442651256490317,4.499809670330265,4.174387269895637,4.343805421853684,4.430816798843313,4.634728988229636,4.605170185988092,4.442651256490317,4.204692619390966,3.7612001156935615,4.290459441148391,3.737669618283368,4.406719247264253,4.262679877041316,3.8501476017100575,3.4339872044851463,3.4011973816621555
4.189654742026425,4.762173934797756,4.5217885770490405,4.584967478670572,4.68213122712422,4.867534450455582,4.663439094112067,4.736198448394496,4.584967478670572,4.219507705176107,4.3694478524670215,4.418840607796598,4.897839799950911,4.804021044733257,4.672828834461906,4.59511985013459,4.564348191467836,4.465908118654584,4.59511985013459,5.313205979041787,4.59511985013459,4.77912349311153,4.727387818712341,3.912023005428146,3.9889840465642745,3.9318256327243257,4.762173934797756,4.343805421853684,4.23410650459726,4.31748811353631,4.406719247264253,4.382026634673881,4.276666119016055,4.276666119016055,4.406719247264253,4.836281906951478,5.272999558563747,4.700480365792417,4.143134726391533,5.030437921392435,4.262679877041316,3.8712010109078903,4.23410650459726,5.049856007249537,4.110873864173311,4.23410650459726,4.23410650459726,4.532599493153256,4.51085950651685,4.23410650459726,4.304065093204169,4.844187086458591,4.997212273764115,5.293304824724492,5.3612921657094255,4.110873864173311,3.951243718581428,4.007333185232471,4.442651256490317,4.990432586778736
6.829793737512425,6.858565034791365,7.01571242048723,7.042286171939743,7.039660349862076,6.918695219020472,7.023758954738443,6.728628613084702,6.865891074883439,6.766191714660351,6.887552571664617,6.913737350659685,6.823286122355687,6.885509670034818,6.889591308354466,6.865891074883439,6.930494765951626,7.180831199044556,7.226936018493289,6.945051063725834,7.1284959456800365,6.934397209928558,6.835184586147301,7.009408932708637,7.080867896690782,7.0317412587631285,6.934397209928558,6.873163834212518,6.945051063725834,6.9363427358340495,7.207118856207756,7.242797922793756,7.240649694255466,7.133295954896068,7.258412150595307,7.099201743553092,7.1372784372603855,7.1929342212158,7.261927092702751,7.297091005160418,8.17413934342947,8.769662508112274,8.601534339849989,7.182352111885263,7.427144133408616,7.0707241072602764,8.35819745992578,8.03268487596762,7.526178913346146,7.477604243197589,8.239065331769268,7.864419904994565,7.9976631270201,7.892452043520352,7.945909598613133,8.091933455979893,7.951911381854188,7.890956716138919,7.945555428253489,7.848153086199526
2.995732273553991,3.091042453358316,2.5649493574615367,3.1354942159291497,3.091042453358316,3.8501476017100575,3.332204510175204,2.995732273553991,3.6375861597263857,2.772588722239781,3.49650756146648,3.4339872044851463,3.828641396489095,4.007333185232471,3.1780538303479458,3.258096538021482,3.7612001156935615,3.737669618283368,3.4657359027997265,3.49650756146648,3.6375861597263857,3.828641396489095,3.6375861597263857,3.6375861597263857,3.828641396489095,4.204692619390966,3.258096538021482,3.4657359027997265,3.713572066704308,3.58351893845611,3.295836866004329,3.367295829986474,3.4339872044851463,3.367295829986474,3.218875824868201,3.367295829986474,3.6635616461296463,3.58351893845611,3.4339872044851463,3.9889840465642745,3.5263605246161616,3.49650756146648,3.1780538303479458,3.4011973816621555,3.80666248977032,3.688879454113936,3.1780538303479458,4.02535169073515,3.610917912644224,3.367295829986474,3.1780538303479458,3.9318256327243257,3.258096538021482,3.367295829986474,3.610917912644224,2.639057329615259,2.9444389791664403,2.5649493574615367,3.091042453358316,3.218875824868201
5.733341276897746,5.488937726156687,5.3612921657094255,5.117993812416755,5.41164605185504,5.5093883366279774,5.726847747587197,5.429345628954441,5.6937321388027,5.66988092298052,5.43372200355424,5.54907608489522,5.631211781821365,5.459585514144159,5.472270673671475,5.41164605185504,5.429345628954441,5.342334251964811,5.476463551931511,5.521460917862246,6.001414877961151,5.594711379601839,5.713732805509369,5.60947179518496,5.556828061699537,5.537334267018537,5.730099782973575,5.68697535633982,5.762051382780177,5.616771097666572,5.525452939131784,5.375278407684165,5.337538079701318,5.529429087511423,5.648974238161206,5.529429087511423,5.58724865840025,5.6240175061873385,5.37989735354046,5.676753802268282,5.7745515455444085,6.171700597410915,6.095824562432225,5.983936280687191,5.846438775057724,5.814130531825066,5.771441123130016,5.598421958998375,5.723585101952381,5.82600010738045,5.521460917862246,5.407171771460119,5.288267030694535,5.631211781821365,5.60947179518496,5.493061443340548,5.986452005284438,5.645446897643238,5.3612921657094255,4.983606621708336
2.302585092994046,2.3978952727983707,2.079441541679836,2.5649493574615367,2.833213344056216,1.791759469228055,2.079441541679836,1.3862943611198906,1.9459101490553128,2.302585092994046,1.9459101490553128,1.9459101490553128,2.302585092994046,1.6094379124341005,2.079441541679836,2.19722457733622,2.079441541679836,2.19722457733622,1.791759469228055,1.791759469228055,1.9459101490553128,1.791759469228055,2.19722457733622,2.302585092994046,1.9459101490553128,1.791759469228055,2.639057329615259,1.791759469228055,2.19722457733622,2.19722457733622,2.3978952727983707,2.3978952727983707,0.6931471805599453,2.19722457733622,1.791759469228055,1.9459101490553128,2.70805020110221,2.079441541679836,2.302585092994046,1.6094379124341005,2.4849066497880004,1.0986122886681096,2.079441541679836,2.4849066497880004,1.791759469228055,2.772588722239781,2.19722457733622,2.639057329615259,2.3978952727983707,2.079441541679836,2.079441541679836,2.302585092994046,2.3978952727983707,2.70805020110221,1.6094379124341005,2.19722457733622,3.044522437723423,2.639057329615259,2.19722457733622,2.19722457733622
4.605170185988092,4.634728988229636,4.912654885736052,5.2574953720277815,5.204006687076795,4.762173934797756,4.934473933130692,4.477336814478207,4.48863636973214,4.844187086458591,5.214935757608986,5.062595033026967,4.836281906951478,4.343805421853684,4.5217885770490405,4.61512051684126,4.465908118654584,5.0238805208462765,5.176149732573829,4.574710978503383,4.454347296253507,4.219507705176107,4.23410650459726,4.276666119016055,4.718498871295094,4.990432586778736,4.204692619390966,4.290459441148391,3.8918202981106265,4.007333185232471,4.3694478524670215,5.19295685089021,5.627621113690637,5.37989735354046,4.941642422609304,4.762173934797756,4.897839799950911,4.574710978503383,5.308267697401205,5.4638318050256105,4.890349128221754,4.77912349311153,4.6443908991413725,4.477336814478207,4.762173934797756,5.556828061699537,5.5093883366279774,4.836281906951478,4.77912349311153,4.605170185988092,4.653960350157523,4.709530201312334,5.170483995038151,6.059123195581797,5.204006687076795,5.147494476813453,4.852030263919617,4.844187086458591,4.74493212836325,4.897839799950911
6.951772164398911,6.523562306149512,6.806829360392176,6.192362489474872,6.22455842927536,7.044905117129371,7.050122520269059,6.577861357721047,6.777646593635117,6.913737350659685,6.148468295917647,6.028278520230698,6.490723534502507,6.580639137284949,6.694562058521095,6.548219102762372,6.682108597449809,5.840641657373398,5.899897353582492,6.300785794663244,6.55250788703459,6.677083461247136,6.668228248417403,6.51025834052315,5.988961416889864,5.707110264748875,6.42648845745769,6.29156913955832,6.461468176353717,6.507277712385012,6.437751649736401,5.940171252720432,5.905361848054571,6.364750756851911,6.594413459749778,6.601230118728877,6.747586526829315,6.7912214627261855,5.950642552587727,5.765191102784844,6.621405651764134,6.921658184151129,6.846943139585379,6.794586580876499,6.621405651764134,5.940171252720432,5.905361848054571,6.289715570908998,6.26530121273771,6.326149473155099,6.249975242259483,6.082218910376446,5.3471075307174685,5.318119993844216,5.966146739123692,6.008813185442595,6.428105272684596,6.171700597410915,6.073044534100405,5.384495062789089
2.70805020110221,2.833213344056216,2.639057329615259,2.079441541679836,1.791759469228055,2.4849066497880004,2.4849066497880004,2.772588722239781,2.302585092994046,2.302585092994046,2.302585092994046,1.0986122886681096,1.791759469228055,2.4849066497880004,2.3978952727983707,2.4849066497880004,1.0986122886681096,1.6094379124341005,2.4849066497880004,1.791759469228055,2.302585092994046,2.772588722239781,2.833213344056216,2.70805020110221,2.079441541679836,2.4849066497880004,2.4849066497880004,1.3862943611198906,2.19722457733622,2.079441541679836,1.6094379124341005,1.791759469228055,2.302585092994046,1.6094379124341005,2.639057329615259,2.3978952727983707,1.791759469228055,2.639057329615259,1.791759469228055,2.5649493574615367,2.3978952727983707,2.4849066497880004,2.302585092994046,2.772588722239781,2.079441541679836,1.3862943611198906,3.713572066704308,1.6094379124341005,2.079441541679836,2.639057329615259,1.3862943611198906,2.3978952727983707,1.0986122886681096,1.3862943611198906,2.70805020110221,1.791759469228055,2.302585092994046,2.302585092994046,2.4849066497880004,2.3978952727983707
4.804021044733257,4.912654885736052,4.574710978503383,4.605170185988092,4.7535901911063645,4.672828834461906,4.709530201312334,4.8283137373023015,4.59511985013459,4.68213122712422,4.867534450455582,4.852030263919617,5.056245805348308,4.700480365792417,5.017279836814924,4.882801922586371,4.727387818712341,4.532599493153256,4.934473933130692,4.852030263919617,4.691347882229144,4.836281906951478,4.605170185988092,4.736198448394496,4.394449154672439,5.209486152841421,4.912654885736052,5.056245805348308,4.844187086458591,4.68213122712422,4.672828834461906,4.382026634673881,4.795790545596741,4.624972813284271,5.049856007249537,4.812184355372417,4.672828834461906,4.442651256490317,4.997212273764115,5.204006687076795,4.624972813284271,4.890349128221754,4.736198448394496,5.19295685089021,4.672828834461906,4.3694478524670215,4.762173934797756,4.663439094112067,4.3694478524670215,4.477336814478207,5.049856007249537,4.68213122712422,4.330733340286331,4.709530201312334,5.3706380281276624,6.824373670043086,6.035481432524756,5.455321115357702,5.0369526024136295,4.804021044733257
2.639057329615259,2.639057329615259,2.9444389791664403,4.584967478670572,5.746203190540153,3.044522437723423,2.9444389791664403,2.833213344056216,3.49650756146648,2.302585092994046,3.4011973816621555,2.3978952727983707,3.6375861597263857,2.5649493574615367,2.995732273553991,2.772588722239781,2.8903717578961645,2.833213344056216,2.639057329615259,3.258096538021482,2.8903717578961645,2.70805020110221,2.4849066497880004,3.091042453358316,2.70805020110221,2.639057329615259,4.007333185232471,3.49650756146648,2.4849066497880004,2.9444389791664403,5.513428746164983,2.9444389791664403,2.772588722239781,2.833213344056216,4.07753744390572,3.1780538303479458,3.044522437723423,2.995732273553991,2.995732273553991,2.5649493574615367,2.772588722239781,2.3978952727983707,2.19722457733622,2.833213344056216,2.70805020110221,3.091042453358316,2.833213344056216,2.70805020110221,3.688879454113936,2.5649493574615367,4.248495242049359,2.772588722239781,3.332204510175204,3.091042453358316,2.8903717578961645,2.70805020110221,2.4849066497880004,3.218875824868201,2.4849066497880004,2.4849066497880004
6.405228458030842,6.561030665896573,6.39024066706535,6.496774990185863,6.492239835020471,6.38856140554563,6.163314804034641,6.0867747269123065,6.139884552226255,6.375024819828097,6.579251212010101,6.539585955617669,6.169610732491456,6.364750756851911,6.322565239927284,6.285998094508865,6.706862336602747,6.840546529288687,6.912742820493176,6.673297967767654,6.595780513961311,6.771935555839602,6.555356891810665,6.556778356158042,6.639875833826536,6.834108738813838,6.499787040655854,6.480044561926653,6.431331081933479,6.954638864880987,6.754604099487962,6.75110146893676,6.688354713946762,6.411818267709897,6.42648845745769,6.35088571671474,6.470799503782602,6.42648845745769,6.633318433280377,6.558197802812269,6.246106765481563,6.249975242259483,6.20050917404269,6.240275845170769,6.251903883165888,7.81923445385907,6.844815479208263,6.6240652277998935,6.616065185132817,6.6052979209482015,6.411818267709897,6.670766320845874,6.6240652277998935,6.895682697747868,6.322565239927284,6.375024819828097,6.504288173536645,6.694562058521095,6.78897174299217,7.222566018822171
7.201916317531627,7.635303886259415,7.474204806496124,7.519149957669823,7.284820912568604,7.142827401161621,7.069023426578259,7.252762418053187,7.414572881350589,7.245655067594535,7.382746449738912,7.1891677384203225,7.106606137727303,7.099201743553092,7.129297548929373,6.967909201801884,6.915723448631314,7.014814351275545,6.914730892718563,6.898714534329988,6.923628628138427,7.102499355774649,6.895682697747868,6.731018100482083,6.732210706467206,6.752270376141742,6.740519359606223,6.610696044717759,6.470799503782602,7.102499355774649,7.179307969504034,7.130098510125578,6.955592608396297,6.99117688712121,6.962243464266207,6.99117688712121,7.4073177104694174,7.168579897264035,7.081708586105576,6.931471805599453,6.838405200847344,6.887552571664617,7.076653815443951,7.170119543449628,7.014814351275545,7.2875606403097235,7.110696122978827,6.9782137426306985,6.8679744089702925,6.855408798609928,7.217443431696533,7.134093721192866,6.945051063725834,6.776506992372183,7.017506142941256,6.885509670034818,6.721425700790643,6.8690144506657065,6.983789965258135,6.635946555686647
3.713572066704308,4.219507705176107,4.304065093204169,4.330733340286331,4.3694478524670215,4.31748811353631,3.8501476017100575,4.04305126783455,4.143134726391533,4.31748811353631,4.290459441148391,4.477336814478207,4.07753744390572,3.610917912644224,3.8501476017100575,4.304065093204169,3.784189633918261,4.219507705176107,4.51085950651685,4.532599493153256,4.158883083359672,4.343805421853684,4.007333185232471,3.8712010109078903,4.23410650459726,4.48863636973214,4.060443010546419,4.143134726391533,3.9318256327243257,4.304065093204169,4.465908118654584,4.7535901911063645,4.343805421853684,4.709530201312334,4.262679877041316,4.204692619390966,3.912023005428146,4.356708826689592,4.174387269895637,4.553876891600541,3.9318256327243257,3.9889840465642745,4.394449154672439,3.951243718581428,3.8918202981106265,4.356708826689592,4.127134385045092,3.951243718581428,4.248495242049359,4.007333185232471,4.04305126783455,4.290459441148391,4.158883083359672,4.127134385045092,3.912023005428146,4.174387269895637,4.477336814478207,4.6443908991413725,4.454347296253507,4.304065093204169
8.12740456269308,8.212839584676484,7.92588031673756,7.956827122090111,8.150467911624004,8.233503140233994,8.559294367434873,9.186559843310778,8.988321188323683,8.603187384583098,8.112227958349724,7.971776122880628,8.211754397375197,7.887959336599945,7.795234929002173,7.926602599181384,7.63433723562832,7.440733707389261,7.489970898834801,7.31986492980897,7.498869733976931,7.366445148327599,7.2868764117507,7.186144304522325,7.198931240688173,7.215975002651466,7.333676395657684,7.585281078639126,7.673223121121708,7.587310506022615,7.438971592395862,7.145984467714388,7.261927092702751,7.3914152346753585,7.370860166536716,7.375255778009754,7.312553498102598,7.220373836723949,6.922643891475888,6.9782137426306985,7.167809184316444,7.1891677384203225,7.177782416195197,7.155396301896734,7.071573364211532,6.844815479208263,6.931471805599453,6.913737350659685,6.884486652042782,6.901737206656574,6.880384082186005,6.735780014242327,6.852242569051878,6.679599185844383,6.68586094706836,6.818924065275521,6.734591659972948,6.71901315438526,6.726233402358747,6.836259277277067
5.828945617610208,5.902633333401366,5.961005339623274,5.988961416889864,5.899897353582492,6.040254711277414,5.998936561946683,5.840641657373398,5.802118375377063,5.926926025970411,5.934894195619588,5.981414211254481,5.988961416889864,5.846438775057724,5.953243334287785,5.988961416889864,5.991464547107982,6.159095388491933,6.07993319509559,5.950642552587727,5.902633333401366,5.8944028342648505,5.993961427306569,5.991464547107982,5.929589143389895,6.003887067106539,6.025865973825314,5.953243334287785,5.918893854273146,5.978885764901122,6.045005314036012,5.968707559985366,6.0063531596017325,6.049733455231958,6.095824562432225,5.746203190540153,6.059123195581797,6.068425588244111,5.961005339623274,6.075346031088684,6.066108090103747,5.950642552587727,6.016157159698354,5.831882477283517,5.921578419643816,6.042632833682381,5.966146739123692,5.986452005284438,6.040254711277414,6.0473721790462776,5.869296913133774,5.973809611869261,5.84354441703136,5.8971538676367405,5.966146739123692,5.971261839790462,6.0473721790462776,6.061456918928017,6.068425588244111,5.793013608384144
2.302585092994046,1.9459101490553128,1.791759469228055,1.9459101490553128,1.9459101490553128,1.791759469228055,2.833213344056216,2.70805020110221,1.3862943611198906,2.19722457733622,2.079441541679836,1.6094379124341005,2.4849066497880004,2.19722457733622,2.0149030205422647,1.791759469228055,2.19722457733622,2.19722457733622,1.9459101490553128,1.0986122886681096,2.19722457733622,1.791759469228055,1.9459101490553128,2.639057329615259,1.6094379124341005,2.079441541679836,2.079441541679836,1.0986122886681096,2.19722457733622,1.791759469228055,2.302585092994046,2.19722457733622,2.4849066497880004,1.6094379124341005,2.302585092994046,2.079441541679836,1.791759469228055,1.0986122886681096,1.9459101490553128,1.3862943611198906,1.0986122886681096,1.791759469228055,1.0986122886681096,0.6931471805599453,1.791759469228055,2.772588722239781,2.19722457733622,2.995732273553991,2.302585092994046,1.791759469228055,1.9459101490553128,1.3862943611198906,1.791759469228055,2.19722457733622,2.079441541679836,1.0986122886681096,3.4011973816621555,2.833213344056216,2.19722457733622,2.5649493574615367
8.891236429516061,8.846353043314327,8.990067695753655,9.194515821629212,9.305741456739437,9.106645135637418,8.916640227198839,8.831127635012084,8.922258219503062,8.935640333747571,9.206031100388085,9.292841593487926,9.13097243659261,8.931551966694522,8.9445502459405,8.923457979694966,8.97055917950895,9.1557785839835,9.339085327866744,9.262363400043334,9.103200496418278,9.05005424204284,9.06230429314878,9.17895289873455,9.329988334242078,9.417760962825156,9.212338374638856,9.048879705849558,9.041685005946045,8.984192311641674,8.976767625171433,9.1503780308035,9.308646060760308,9.17802377049964,9.025936648977904,8.992681750892542,8.992433087457218,9.004913941467132,9.19085169539232,9.298900548955665,9.212138753917564,9.06589246761031,9.016755622903515,9.01371703047137,8.99342737041261,9.140025198061156,9.276128112514186,9.273596821611198,9.238441802087058,9.078749951588586,9.080573313917116,9.097283649683886,9.23327534325868,9.376617231601282,9.60434000197507,9.615672137861337,9.576163344811905,9.558600006313569,9.552297538827965,9.408863308108144
5.846438775057724,5.963579343618446,6.021023349349527,5.945420608606575,6.1779441140506,6.008813185442595,5.945420608606575,5.720311776607412,5.886104031450156,5.899897353582492,5.968707559985366,6.408528791059498,6.280395838960195,6.059123195581797,6.0867747269123065,5.953243334287785,6.049733455231958,6.035481432524756,6.2324480165505225,6.133398042996649,5.783825182329737,5.793013608384144,5.71042701737487,5.796057750765372,5.799092654460526,5.958424693029782,5.891644211825771,5.746203190540153,5.6240175061873385,5.799092654460526,5.820082930352362,5.84354441703136,5.988961416889864,5.891644211825771,6.0063531596017325,5.613128106388071,5.680172609017068,5.739792912179234,5.986452005284438,5.8664680569332965,5.726847747587197,5.831882477283517,5.786897381366708,5.736572297479192,5.831882477283517,5.7430031878094825,5.739792912179234,5.717027701406222,5.6240175061873385,5.583496308781699,5.598421958998375,6.037870919922137,5.771441123130016,5.746203190540153,5.739792912179234,5.739792912179234,5.730099782973575,5.641907070938114,5.75890177387728,5.594711379601839
1.791759469228055,1.791759469228055,1.6094379124341005,1.6094379124341005,0.6931471805599453,2.772588722239781,1.6094379124341005,1.0986122886681096,1.791759469228055,1.791759469228055,2.19722457733622,1.6094379124341005,2.079441541679836,1.6094379124341005,1.791759469228055,1.0986122886681096,1.3862943611198906,0.6931471805599453,1.3862943611198906,0.6931471805599453,1.791759469228055,1.6094379124341005,2.19722457733622,1.791759469228055,1.6094379124341005,1.6094379124341005,1.791759469228055,1.9459101490553128,0.6931471805599453,1.0986122886681096,1.9459101490553128,1.0986122886681096,0.6931471805599453,1.0986122886681096,1.6094379124341005,1.0986122886681096,1.9459101490553128,1.6094379124341005,1.6094379124341005,2.079441541679836,1.9459101490553128,1.3862943611198906,1.791759469228055,1.9459101490553128,2.19722457733622,2.19722457733622,2.19722457733622,2.3978952727983707,1.9459101490553128,2.3978952727983707,2.079441541679836,2.079441541679836,1.6094379124341005,1.6094379124341005,2.3978952727983707,1.3862943611198906,1.9459101490553128,2.19722457733622,1.3862943611198906,1.9459101490553128
6.748759547491679,6.837332814685591,8.31752199628717,6.976348070447749,6.939253946041508,6.873163834212518,6.911747300251674,6.755768921984256,6.787844982309579,6.6240652277998935,6.795705775173515,6.891625897052253,6.829793737512425,6.775366090936392,6.739336627357174,6.877296071497429,6.865891074883439,6.873163834212518,6.873163834212518,6.872128101338986,6.726233402358747,6.80128303447162,6.731018100482083,6.726233402358747,7.31986492980897,6.946013991099227,8.393442383980062,7.197435354096591,6.82001636467413,7.471932078245122,7.01571242048723,6.881411303642535,6.9726062513017535,7.110696122978827,6.880384082186005,7.98514393119862,6.942156705699469,7.493873886783559,6.813444599510896,7.048386408721883,6.86484777797086,6.741700694652055,6.880384082186005,6.75343791859778,6.919683849847411,8.338783971442199,7.152268856032539,7.1785454837637,8.413387022690648,7.346655163176539,6.954638864880987,6.694562058521095,6.668228248417403,7.222566018822171,7.077498053569231,6.641182169740591,6.6052979209482015,6.53813982376767,6.493753839851687,6.466144724237619
4.543294782270004,4.02535169073515,3.912023005428146,3.4011973816621555,3.688879454113936,3.784189633918261,4.158883083359672,4.189654742026425,3.555348061489413,3.7612001156935615,3.295836866004329,4.820281565605037,5.187385805840755,4.07753744390572,4.7535901911063645,4.0943445622221,4.867534450455582,4.290459441148391,4.262679877041316,4.406719247264253,4.248495242049359,4.262679877041316,3.8712010109078903,5.579729825986222,4.343805421853684,4.454347296253507,4.343805421853684,4.060443010546419,4.02535169073515,4.07753744390572,3.951243718581428,4.02535169073515,3.6375861597263857,4.653960350157523,4.189654742026425,4.330733340286331,4.624972813284271,4.290459441148391,3.951243718581428,4.31748811353631,4.61512051684126,4.672828834461906,4.74493212836325,5.293304824724492,4.110873864173311,4.820281565605037,5.834810737062605,5.808142489980444,4.969813299576001,4.836281906951478,4.736198448394496,4.812184355372417,5.60947179518496,5.1647859739235145,5.683579767338681,4.844187086458591,4.430816798843313,4.762173934797756,4.867534450455582,5.5909869805108565
7.959974528080536,7.902487437162855,8.049427057110695,8.102889134640868,8.214735833382303,8.033009498596668,7.782807262839695,7.592870287844818,7.701652362642226,8.261009786023827,8.11552088154677,8.260234291607297,8.125039097367745,7.952966790923131,8.122074375362217,8.257385655730436,8.144969417087875,8.864322722511439,8.629628620746026,8.198364389967619,8.101071503119543,8.023879992734878,8.014004994779459,8.148445666243235,8.444622498581403,8.74862232231722,8.221747728346623,8.10711747075039,8.319229938632326,8.134760782418645,8.960596138864794,8.745921121024347,8.70167907103957,8.397508348470257,8.347590407030058,8.319717386850606,8.209580483475577,8.302513718514158,8.419580362549237,8.551401362745974,8.301025253838453,8.181440695719374,8.356789669923213,8.329899292995725,8.315321775377567,8.687610843707368,8.71948076085107,8.501267040865978,8.369620826949102,8.408716715080153,8.289288323000317,8.498825534058053,8.509161019718974,8.596743470174246,8.708309295891688,9.029657471850737,8.621733370690162,8.507748732588238,8.554488976159934,8.470311205516108
11.90342582435302,11.743814939016376,11.614280971274171,11.7083359863059,11.52635488528189,11.262924459486136,11.03976485770927,10.866948088886671,10.881907655875832,10.887137822734555,10.904468636571195,10.847335083981154,10.647018864320016,10.586609649448985,10.631398413032365,10.43479204548344,10.37245939967773,10.36992232096731,10.351469218580617,10.129945604818168,10.03762501146536,10.061644482330784,10.008432982057622,10.013551987398436,10.028356534581995,10.54783831890711,9.95237295026594,9.891667975730783,9.886799071249891,9.826768482122723,9.849875783087478,9.82498532438117,9.839322295060342,9.68775397939693,9.620328568811932,9.71474542793925,9.813179839504594,9.853824507517029,9.980217085394802,9.975575628930384,9.830755556370027,9.70430463866676,9.629774129311745,9.594854193331416,9.648208131191849,9.784478765953926,9.746482803725964,9.55499334068759,9.511703431483827,9.479603858903946,9.50181524266666,9.557328550325373,9.590419293693932,9.65669147255669,9.69301340432258,9.71414138080521,9.653165488841426,9.598862759354034,9.591444479171413,9.628524252492122
2.8903717578961645,2.4849066497880004,2.9444389791664403,3.044522437723423,3.258096538021482,2.639057329615259,2.995732273553991,3.1354942159291497,3.5263605246161616,3.1780538303479458,3.6375861597263857,5.8888779583328805,5.869296913133774,5.204006687076795,5.799092654460526,5.3471075307174685,4.941642422609304,4.454347296253507,6.61338421837956,5.905361848054571,5.308267697401205,5.2832037287379885,6.495265555937008,6.590301048196686,4.941642422609304,4.574710978503383,5.0238805208462765,6.115892125483034,4.442651256490317,3.784189633918261,4.174387269895637,6.285998094508865,4.465908118654584,4.04305126783455,3.828641396489095,4.48863636973214,2.833213344056216,2.4849066497880004,2.302585092994046,3.1354942159291497,1.9459101490553128,1.3862943611198906,2.4849066497880004,1.3862943611198906,2.19722457733622,2.302585092994046,2.19722457733622,1.6094379124341005,2.19722457733622,2.302585092994046,2.079441541679836,2.302585092994046,1.6094379124341005,1.3862943611198906,2.079441541679836,1.9459101490553128,1.6094379124341005,1.3862943611198906,1.3862943611198906,0.6931471805599453
5.707110264748875,5.5093883366279774,5.68697535633982,5.823045895483019,5.488937726156687,5.41610040220442,5.4510384535657,5.472270673671475,5.579729825986222,5.583496308781699,5.545177444479562,5.62040086571715,5.659482215759621,5.501258210544727,5.683579767338681,5.420534999272286,5.407171771460119,5.683579767338681,5.666426688112432,5.517452896464707,5.676753802268282,5.817111159963204,5.793013608384144,5.652489180268651,5.703782474656201,5.564520407322694,9.13140538388804,9.228278517107196,8.341648618901306,7.903965634032166,7.698936199813447,7.693481640835175,7.582229194276461,7.114769448366463,7.0707241072602764,7.074963197966044,6.529418838262226,6.520621127558696,6.410174881966167,6.184148890937483,6.171700597410915,6.298949246855942,6.068425588244111,6.12029741895095,5.971261839790462,5.8888779583328805,6.066108090103747,7.065613363597717,7.107425474110705,7.133295954896068,6.742880635791903,6.621405651764134,6.752270376141742,7.079184394609668,6.563855526532128,6.411818267709897,6.12029741895095,5.877735781779639,5.976350909297934,5.849324779946859
2.833213344056216,2.5649493574615367,3.091042453358316,2.079441541679836,2.772588722239781,3.9318256327243257,3.218875824868201,3.828641396489095,3.80666248977032,3.688879454113936,3.784189633918261,3.4011973816621555,3.688879454113936,3.332204510175204,3.8501476017100575,3.258096538021482,3.295836866004329,3.258096538021482,3.218875824868201,2.639057329615259,3.044522437723423,2.772588722239781,1.9459101490553128,2.70805020110221,3.1354942159291497,3.258096538021482,3.044522437723423,2.8903717578961645,2.639057329615259,3.091042453358316,3.091042453358316,2.995732273553991,2.9444389791664403,2.995732273553991,2.639057329615259,2.4849066497880004,3.044522437723423,3.091042453358316,2.19722457733622,2.5649493574615367,2.9444389791664403,2.639057329615259,3.044522437723423,3.367295829986474,3.258096538021482,2.8903717578961645,2.9444389791664403,2.302585092994046,2.4849066497880004,2.8903717578961645,2.772588722239781,2.772588722239781,2.9444389791664403,2.995732273553991,3.332204510175204,3.044522437723423,3.091042453358316,3.091042453358316,3.091042453358316,2.4849066497880004
6.661854740545311,6.473890696352274,6.82001636467413,7.65491704784832,7.732807530422021,7.544332108053688,7.60887062919126,7.649216319820633,7.537430036586509,7.408530566894626,7.530479995245536,7.7458682297922685,7.359467638255621,7.1846291527173145,7.157735484249907,7.168579897264035,7.294377299288821,7.30854279753919,8.165079258805068,7.389563953677635,7.1891677384203225,7.181591944611865,7.113956109566034,7.155396301896734,7.360103972989152,7.388946097618437,7.213031659834869,7.040536390215956,7.01211529430638,6.960347729101308,6.99117688712121,7.277938572945661,7.4318919168078,7.134890851565884,7.072421900537371,7.358193752733032,7.299797366758161,7.693937325509272,7.613818684808629,7.549609165154532,7.313220387090301,7.176254532017144,7.1846291527173145,7.189922170745808,7.038783541388542,7.061334366910438,7.444248649496705,7.1308988302963465,6.9167150203536085,7.001245622069476,7.1569563646156364,6.941190055068375,7.02197642307216,7.346655163176539,7.188412736496954,6.856461984594587,6.930494765951626,7.0192966537150445,6.901737206656574,6.626717749249025
5.749392985908253,5.4638318050256105,5.723585101952381,7.4999765409521215,6.668228248417403,6.156978985585555,6.2324480165505225,5.783825182329737,5.493061443340548,5.272999558563747,6.129050210060545,5.4510384535657,5.5093883366279774,5.424950017481403,4.499809670330265,5.003946305945459,4.77912349311153,5.278114659230518,6.805722553416985,6.09807428216624,5.556828061699537,5.87493073085203,5.293304824724492,5.5053315359323625,7.227662498728655,6.88653164253051,6.135564891081739,5.855071922202427,5.384495062789089,6.54534966033442,6.102558594613569,5.655991810819852,5.568344503761097,6.902742737158593,6.431331081933479,6.311734809152915,6.327936783729195,5.905361848054571,5.459585514144159,5.318119993844216,4.882801922586371,5.209486152841421,5.010635294096256,4.736198448394496,4.672828834461906,4.859812404361672,4.882801922586371,4.5217885770490405,4.31748811353631,4.795790545596741,4.74493212836325,4.882801922586371,4.718498871295094,4.653960350157523,4.941642422609304,4.890349128221754,4.61512051684126,4.68213122712422,5.697093486505405,4.8283137373023015
6.899723107284872,6.833031732786201,6.81783057145415,7.025538314638521,7.181591944611865,7.118826249062078,7.068172000388042,6.769641976852503,6.786716950605081,6.827629234502852,7.226209010100671,7.213031659834869,6.963189985870238,6.923628628138427,6.928537818164665,6.825460036255307,7.044032897274685,7.244941546337007,7.350516171833998,7.212294468500341,7.048386408721883,7.113956109566034,7.305188215393037,7.592870287844818,9.273784544532717,8.744647438317532,7.952966790923131,7.649216319820633,7.4377951216719325,7.085064293952548,6.96979066990159,7.619233416226805,7.395721608602045,7.090076835776092,6.907755278982137,6.842683282238422,6.734591659972948,6.968850378341948,7.132497551660044,7.244941546337007,6.93828448401696,6.899723107284872,6.958448393297656,6.771935555839602,6.763884908562435,7.040536390215956,7.238496840894365,7.059617628291383,7.057897937411856,6.733401891837359,6.873163834212518,6.93828448401696,6.976348070447749,6.996681488176539,7.061334366910438,7.095893221097532,6.904750769961838,7.064759027791802,6.904750769961838,7.023758954738443
1.6094379124341005,2.70805020110221,2.079441541679836,1.9459101490553128,1.6094379124341005,1.6094379124341005,1.6094379124341005,1.3862943611198906,3.4339872044851463,1.9459101490553128,2.5649493574615367,1.6094379124341005,2.079441541679836,1.9459101490553128,1.6094379124341005,1.3862943611198906,3.044522437723423,1.791759469228055,1.6094379124341005,1.0986122886681096,1.6094379124341005,1.6094379124341005,2.19722457733622,2.302585092994046,2.772588722239781,1.3862943611198906,3.091042453358316,2.4849066497880004,3.737669618283368,3.555348061489413,1.9459101490553128,2.19722457733622,1.6094379124341005,2.4849066497880004,1.791759469228055,1.6094379124341005,1.3862943611198906,2.19722457733622,2.079441541679836,1.6094379124341005,2.3978952727983707,1.0986122886681096,1.3862943611198906,2.302585092994046,2.19722457733622,2.639057329615259,2.8903717578961645,2.079441541679836,2.3978952727983707,2.19722457733622,1.6094379124341005,1.9459101490553128,2.302585092994046,1.6094379124341005,2.70805020110221,1.9459101490553128,2.4849066497880004,1.9459101490553128,2.079441541679836,3.713572066704308
4.51085950651685,4.3694478524670215,4.304065093204169,4.634728988229636,6.16541785423142,5.017279836814924,4.634728988229636,4.3694478524670215,5.327876168789581,4.574710978503383,4.820281565605037,5.351858133476067,5.043425116919247,4.74493212836325,4.61512051684126,4.90527477843843,4.955827057601261,5.278114659230518,5.2832037287379885,5.958424693029782,4.553876891600541,4.68213122712422,5.673323267171493,5.44673737166631,5.198497031265826,6.763884908562435,5.247024072160486,4.934473933130692,5.017279836814924,5.231108616854587,5.484796933490655,6.037870919922137,6.222576268071369,5.828945617610208,5.717027701406222,5.4510384535657,5.8971538676367405,5.993961427306569,5.993961427306569,6.272877006546167,6.0867747269123065,6.315358001522335,5.568344503761097,5.529429087511423,5.69035945432406,6.796823718274855,6.421622267806518,5.872117789475416,5.746203190540153,5.786897381366708,5.641907070938114,5.783825182329737,5.937536205082426,6.3080984415095305,6.327936783729195,5.793013608384144,5.869296913133774,5.823045895483019,5.87493073085203,5.855071922202427
4.477336814478207,4.532599493153256,4.290459441148391,4.700480365792417,4.897839799950911,4.262679877041316,4.709530201312334,4.430816798843313,4.584967478670572,4.584967478670572,4.890349128221754,4.820281565605037,4.430816798843313,4.5217885770490405,4.543294782270004,4.406719247264253,4.8283137373023015,4.983606621708336,5.0238805208462765,4.553876891600541,4.543294782270004,4.8283137373023015,4.934473933130692,4.927253685157205,5.049856007249537,4.976733742420574,4.624972813284271,4.74493212836325,4.68213122712422,4.663439094112067,4.406719247264253,4.718498871295094,4.691347882229144,4.3694478524670215,4.406719247264253,4.442651256490317,4.663439094112067,4.3694478524670215,4.624972813284271,4.663439094112067,4.6443908991413725,4.48863636973214,4.6443908991413725,4.718498871295094,4.882801922586371,5.14166355650266,4.564348191467836,4.59511985013459,4.382026634673881,4.276666119016055,4.406719247264253,4.77912349311153,4.382026634673881,4.356708826689592,4.553876891600541,4.605170185988092,4.6443908991413725,4.852030263919617,5.056245805348308,5.37989735354046
1.0986122886681096,1.0986122886681096,0.0,0.6931471805599453,0.0,1.0986122886681096,0.0,0.6931471805599453,0.0,0.6931471805599453,0.6931471805599453,0.6931471805599453,1.0986122886681096,0.6931471805599453,0.0,0.0,0.6931471805599453,0.0,0.0,1.0986122886681096,1.0986122886681096,1.0986122886681096,0.0,0.0,1.0986122886681096,0.0,0.6931471805599453,1.0986122886681096,1.0986122886681096,0.0,1.0986122886681096,1.0986122886681096,1.0986122886681096,0.0,0.0,0.6931471805599453,0.6931471805599453,0.0,0.0,1.0986122886681096,1.0986122886681096,0.0,0.6931471805599453,1.3862943611198906,0.0,0.6931471805599453,0.6931471805599453,1.0986122886681096,0.0,1.0986122886681096,0.0,0.6931471805599453,1.0986122886681096,0.6931471805599453,1.3862943611198906,0.6931471805599453,0.0,0.6931471805599453,0.6931471805599453,1.3862943611198906
7.932721027481948,7.698482787880946,7.828834527588089,7.836369760545124,7.932362154339751,7.9247959139564355,7.597396320212795,7.29505641646263,7.518064181233078,7.71289096149013,7.802618063442671,7.846980982138788,7.8383433155571165,7.756195343948118,7.738488122494646,7.717351272185329,7.639161171659173,7.733245646529795,7.932003152361385,7.761319180947987,7.763871287820222,7.717796211013582,7.52294091807237,8.023552392404348,7.835579246669965,7.881559917056899,7.972121128921655,7.791522819150732,7.59890045687141,7.724004656676065,7.60688453121963,7.685703061234547,7.952263308657046,7.857093864902493,7.78155595923534,7.870547844507712,7.693025748417888,7.659642954564682,7.724888439323074,7.86172707782398,7.8119734296220225,7.61972421378267,7.634820677745543,7.662467815200237,7.599901959208498,7.76004068088038,8.09132127353041,7.86940171257709,7.789454566086673,7.748460023899697,7.823245690685523,7.839525581704678,7.721348612617949,7.745002803515839,8.019612794400267,8.120886021092838,7.970740390007095,8.041734711487537,8.224699561967235,8.153925132007862
3.555348061489413,3.713572066704308,3.091042453358316,2.833213344056216,3.4011973816621555,4.110873864173311,3.9889840465642745,3.912023005428146,3.828641396489095,3.80666248977032,3.8918202981106265,3.688879454113936,3.80666248977032,3.5263605246161616,3.6375861597263857,3.58351893845611,3.688879454113936,3.610917912644224,3.828641396489095,3.610917912644224,4.04305126783455,3.8501476017100575,3.9318256327243257,3.7612001156935615,4.189654742026425,4.158883083359672,3.7612001156935615,3.713572066704308,3.610917912644224,3.80666248977032,3.713572066704308,4.060443010546419,3.912023005428146,3.713572066704308,3.58351893845611,3.4657359027997265,3.6635616461296463,3.6375861597263857,3.1354942159291497,3.6375861597263857,3.49650756146648,3.58351893845611,3.6375861597263857,4.127134385045092,3.555348061489413,3.7612001156935615,3.5263605246161616,3.58351893845611,3.784189633918261,3.688879454113936,3.737669618283368,3.8918202981106265,3.688879454113936,3.80666248977032,3.6375861597263857,3.713572066704308,3.6375861597263857,3.737669618283368,3.4011973816621555,3.49650756146648
2.3978952727983707,2.302585092994046,2.19722457733622,1.6094379124341005,2.079441541679836,2.079441541679836,1.6094379124341005,1.3862943611198906,1.791759469228055,1.6094379124341005,2.302585092994046,1.6094379124341005,2.19722457733622,2.302585092994046,2.302585092994046,2.079441541679836,2.4849066497880004,2.3978952727983707,1.791759469228055,1.6094379124341005,2.639057329615259,2.302585092994046,1.3862943611198906,1.791759469228055,1.3862943611198906,2.4849066497880004,2.19722457733622,2.3978952727983707,2.3978952727983707,2.19722457733622,2.8903717578961645,2.19722457733622,1.3862943611198906,2.19722457733622,1.3862943611198906,2.3978952727983707,1.6094379124341005,1.6094379124341005,2.995732273553991,2.302585092994046,2.302585092994046,1.3862943611198906,1.3862943611198906,2.302585092994046,1.9459101490553128,1.791759469228055,1.6094379124341005,1.791759469228055,1.791759469228055,2.302585092994046,2.639057329615259,2.5649493574615367,1.791759469228055,2.3978952727983707,2.079441541679836,2.19722457733622,1.791759469228055,1.6094379124341005,1.9459101490553128,2.19722457733622
7.731053144007127,7.857093864902493,8.033009498596668,7.915713199382116,8.013012110368916,7.865187954187467,7.81237820598861,7.783640596221253,7.808323050391055,7.887959336599945,7.860570785538664,7.861341795599989,7.7823903355874595,7.8050670442584895,8.227909837597483,8.081784206935001,7.954723334497908,7.908754738783246,7.902487437162855,7.916807490937603,7.8713112033234065,7.855544677915663,7.674152921281675,7.843064016692054,7.785720896534624,7.8724551500639794,7.752335163302292,7.713784616598755,7.633853559681768,7.685703061234547,7.749753406274437,7.7279755421055585,7.748460023899697,7.662937850461535,7.628031126930335,7.6638772587034705,7.644440761556566,7.525639975041535,7.681560362559537,7.753194269884341,7.601402334583733,7.573017256052546,7.745435610274381,7.865187954187467,7.742402021815781,7.7458682297922685,7.685703061234547,7.77779262633883,7.614312146452,7.565793282428515,7.61085279039525,7.5652752818989315,7.374001859350161,7.245655067594535,7.573017256052546,7.783640596221253,7.973155433444133,7.983781068977451,7.97349996402463,8.238008249218403
3.332204510175204,3.091042453358316,3.688879454113936,3.044522437723423,2.833213344056216,2.995732273553991,2.5649493574615367,2.995732273553991,3.218875824868201,2.995732273553991,2.4849066497880004,2.5649493574615367,2.995732273553991,3.258096538021482,3.4011973816621555,3.044522437723423,3.091042453358316,3.4657359027997265,3.1354942159291497,3.6375861597263857,3.367295829986474,3.044522437723423,3.555348061489413,2.772588722239781,2.9444389791664403,2.833213344056216,3.044522437723423,2.833213344056216,3.1780538303479458,3.218875824868201,3.4657359027997265,2.9444389791664403,3.218875824868201,3.367295829986474,3.332204510175204,3.1780538303479458,3.295836866004329,3.555348061489413,3.258096538021482,3.1354942159291497,3.1354942159291497,3.4339872044851463,3.6375861597263857,3.7612001156935615,3.7612001156935615,3.295836866004329,3.1780538303479458,3.258096538021482,3.258096538021482,3.49650756146648,3.295836866004329,3.4011973816621555,3.258096538021482,2.995732273553991,2.9444389791664403,3.1354942159291497,3.4339872044851463,2.772588722239781,2.772588722239781,2.9444389791664403
6.811244378601294,6.814542897259958,6.666956792429207,6.434546518787453,7.102499355774649,6.887552571664617,7.188412736496954,8.444407421690585,7.88344635413774,7.429520842786462,7.060476365999801,7.013915474810528,7.249925536717988,7.469654172932128,7.340186835320115,7.190676034332207,6.952728644624869,6.766191714660351,7.106606137727303,7.325807502595773,7.069023426578259,7.244941546337007,6.8690144506657065,6.661854740545311,6.546785410760524,6.742880635791903,7.029972911706386,6.99117688712121,6.941190055068375,7.363913501405819,6.839476438228843,6.274762021241939,6.620073206530356,6.825460036255307,6.760414691083428,6.963189985870238,6.894670039433482,6.980075940561763,6.779921907472252,6.858565034791365,7.228388451573604,7.257002707092073,7.280697195384741,7.392647520721623,7.173958319756794,7.002155954403621,6.881411303642535,7.226209010100671,7.239932591320469,7.00033446027523,6.816735880594968,7.22983877815125,6.340359303727752,6.642486801367256,6.612041034833092,7.036148493750536,6.703188113240863,6.804614520062624,7.267525427828172,6.843749949006225
3.367295829986474,3.1354942159291497,3.1780538303479458,2.772588722239781,3.367295829986474,3.295836866004329,2.8903717578961645,2.772588722239781,2.995732273553991,3.4657359027997265,3.091042453358316,2.3978952727983707,3.044522437723423,2.995732273553991,2.9444389791664403,3.332204510175204,3.044522437723423,2.8903717578961645,2.9444389791664403,2.8903717578961645,2.9444389791664403,2.995732273553991,3.1354942159291497,2.9444389791664403,2.8903717578961645,2.302585092994046,2.772588722239781,3.258096538021482,2.995732273553991,3.295836866004329,3.4011973816621555,3.091042453358316,2.19722457733622,2.639057329615259,2.772588722239781,2.995732273553991,2.4849066497880004,2.70805020110221,2.8903717578961645,2.70805020110221,2.9444389791664403,3.1780538303479458,2.5649493574615367,2.833213344056216,2.9444389791664403,2.70805020110221,2.9444389791664403,2.9444389791664403,2.9444389791664403,3.1780538303479458,3.1780538303479458,2.833213344056216,2.3978952727983707,3.091042453358316,3.044522437723423,2.995732273553991,2.9444389791664403,2.8903717578961645,3.49650756146648,3.044522437723423
1.6094379124341005,2.19722457733622,2.079441541679836,1.791759469228055,2.4849066497880004,1.3862943611198906,2.302585092994046,1.791759469228055,1.9459101490553128,1.3862943611198906,2.079441541679836,2.302585092994046,1.9459101490553128,1.6094379124341005,1.791759469228055,1.0986122886681096,2.19722457733622,1.0986122886681096,1.0986122886681096,1.0986122886681096,1.0986122886681096,1.791759469228055,2.19722457733622,1.3862943611198906,1.3862943611198906,1.6094379124341005,1.9459101490553128,1.3862943611198906,0.6931471805599453,2.5649493574615367,2.302585092994046,2.3978952727983707,1.791759469228055,1.6094379124341005,2.302585092994046,2.302585092994046,1.3862943611198906,1.0986122886681096,1.0986122886681096,0.6931471805599453,1.0986122886681096,1.791759469228055,1.6094379124341005,0.6931471805599453,1.3862943611198906,2.079441541679836,0.6931471805599453,0.0,0.6931471805599453,0.0,1.0986122886681096,2.079441541679836,1.0986122886681096,2.19722457733622,1.6094379124341005,0.6931471805599453,0.6931471805599453,1.0986122886681096,1.6094379124341005,0.0
6.956545443151569,6.911747300251674,7.162397497355718,7.773173680482536,7.559038255443384,7.069874128458572,6.739336627357174,6.583409222158765,6.7226297948554485,6.90975328164481,7.513709247839705,7.710205194432532,7.294377299288821,6.9930151229329605,7.086737934510577,6.892641641172089,7.00033446027523,7.433666540166168,7.720905251936779,7.037027614686276,6.871091294610546,7.256297239690681,6.536691597591305,6.655440350367647,7.394493107219038,7.40671073017764,7.074963197966044,7.21081845347222,6.761572768804055,7.948031990637284,7.480992162869525,7.362010551259734,7.855544677915663,7.504942068396171,7.507141079727608,7.163946684342547,7.43955930913332,7.346655163176539,7.40184157874383,7.716015266642587,7.27931883541462,6.927557906278317,6.776506992372183,6.834108738813838,6.970730078143525,7.085064293952548,7.384610383176974,7.340186835320115,7.399398083331354,7.371489295214277,7.385851078125209,6.881411303642535,7.277938572945661,7.172424577124845,7.316548177182976,7.327780538421631,7.013915474810528,7.062191632286556,7.224753405767971,7.026426808699636
7.256297239690681,7.236339342754344,7.292337176173877,7.25063551189868,7.232010331664759,7.221105098182496,7.198183577101943,7.47477218239787,8.494947582468917,8.437933510430605,8.457230850243555,8.385032287813898,8.190908881182514,8.037220031133012,7.944846711001996,7.931644021454311,7.970049304976135,8.023552392404348,7.968665700466235,7.59337419312129,7.629489916393995,7.564238475170491,7.37650812632622,7.379008127628304,7.428927194802272,7.652545692693921,7.259116128097101,7.125283091510712,7.21081845347222,7.269616749608169,7.247792581767846,7.399398083331354,7.222566018822171,7.074963197966044,6.9782137426306985,6.895682697747868,6.799055862058796,6.97354301952014,7.1592919047975645,7.028201432058005,6.914730892718563,6.684611727667927,6.769641976852503,6.811244378601294,6.885509670034818,6.90975328164481,6.880384082186005,6.769641976852503,6.785587645007929,6.704414354964107,6.831953565565855,6.901737206656574,6.846943139585379,6.883462586413092,7.002155954403621,6.880384082186005,6.912742820493176,6.904750769961838,6.838405200847344,6.513230110912307
8.425954710981966,8.689632748355741,8.55371796609861,8.706159290928861,8.602636673233706,8.478660241699453,8.413608875159667,8.463370384718731,8.462314529906248,8.612503371220562,8.63550941823428,8.569595870209286,8.416488487294606,8.310414994188292,8.403352374992478,8.41847721847708,8.534443544822764,8.4906438561827,8.522379718103538,8.39366870513074,8.424858580213442,8.314832179284556,8.519989278718239,8.503094267036737,8.51579221050061,8.562357743370612,8.438582790834326,8.325063693631197,8.264363329731667,8.399984990510696,8.404472321352118,8.438366410870266,8.43076346341785,8.334951631422454,8.4069317971587,8.294799358992574,8.374015421739909,8.541690663016626,8.758883680017025,8.798454696065095,8.753371421000903,8.820847033377717,8.47907586930311,8.416267272826277,8.641532465671846,8.68185981297147,8.80357441813497,8.633018756921828,8.404472321352118,8.410720946905721,8.351138607086154,8.38160253710989,8.497602541651233,8.484256691169973,8.45765547870004,8.379539026117442,8.443761913330354,8.442685139241176,8.38160253710989,8.361007108226909
3.8918202981106265,3.9889840465642745,4.543294782270004,5.605802066295998,5.69035945432406,4.31748811353631,4.290459441148391,4.204692619390966,4.0943445622221,4.356708826689592,7.867105500316739,5.655991810819852,4.727387818712341,4.48863636973214,4.07753744390572,4.394449154672439,4.219507705176107,4.897839799950911,4.897839799950911,4.430816798843313,4.382026634673881,4.330733340286331,4.290459441148391,4.48863636973214,4.672828834461906,4.820281565605037,4.158883083359672,4.465908118654584,4.04305126783455,4.304065093204169,5.159055299214529,5.8944028342648505,5.241747015059643,4.430816798843313,4.624972813284271,4.727387818712341,4.304065093204169,5.84354441703136,5.777652323222656,5.123963979403259,4.74493212836325,4.634728988229636,4.6443908991413725,4.276666119016055,4.356708826689592,5.493061443340548,6.037870919922137,4.77912349311153,4.59511985013459,4.248495242049359,4.262679877041316,4.394449154672439,5.017279836814924,4.867534450455582,4.634728988229636,4.442651256490317,4.663439094112067,4.382026634673881,4.304065093204169,4.653960350157523
5.030437921392435,4.969813299576001,5.043425116919247,4.844187086458591,5.267858159063328,5.147494476813453,5.010635294096256,4.804021044733257,4.852030263919617,4.718498871295094,4.68213122712422,4.948759890378168,4.948759890378168,5.003946305945459,5.303304908059076,5.3471075307174685,5.117993812416755,4.770684624465665,5.056245805348308,5.1298987149230735,5.1647859739235145,4.976733742420574,4.836281906951478,5.1298987149230735,4.804021044733257,4.890349128221754,4.919980925828125,5.2574953720277815,5.0238805208462765,5.049856007249537,5.135798437050262,4.852030263919617,5.068904202220232,5.093750200806762,5.135798437050262,4.934473933130692,5.056245805348308,4.890349128221754,4.736198448394496,4.969813299576001,5.017279836814924,5.0369526024136295,4.564348191467836,5.10594547390058,4.762173934797756,4.820281565605037,4.820281565605037,6.493753839851687,10.31896899591978,6.78897174299217,6.075346031088684,5.641907070938114,5.123963979403259,5.375278407684165,5.1647859739235145,5.493061443340548,5.472270673671475,5.3230099791384085,5.1298987149230735,4.890349128221754
1.9459101490553128,2.4849066497880004,2.4849066497880004,2.302585092994046,2.4849066497880004,2.3978952727983707,2.639057329615259,2.19722457733622,1.6094379124341005,2.5649493574615367,2.19722457733622,1.791759469228055,2.639057329615259,2.4849066497880004,2.639057329615259,1.9459101490553128,1.9459101490553128,1.791759469228055,2.302585092994046,1.791759469228055,1.791759469228055,2.079441541679836,1.9459101490553128,1.9459101490553128,1.6094379124341005,2.4849066497880004,1.9459101490553128,2.5649493574615367,2.3978952727983707,2.5649493574615367,1.791759469228055,1.3862943611198906,2.833213344056216,2.19722457733622,2.079441541679836,3.58351893845611,2.70805020110221,3.091042453358316,2.19722457733622,2.302585092994046,1.6094379124341005,1.0986122886681096,3.044522437723423,2.302585092994046,1.791759469228055,1.3862943611198906,1.9459101490553128,1.9459101490553128,1.9459101490553128,2.302585092994046,2.3978952727983707,2.772588722239781,1.6094379124341005,1.9459101490553128,2.3978952727983707,2.302585092994046,4.330733340286331,2.8903717578961645,3.6375861597263857,2.772588722239781
5.786897381366708,5.700443573390686,5.703782474656201,5.840641657373398,5.545177444479562,5.720311776607412,5.780743515792329,5.616771097666572,5.429345628954441,5.583496308781699,5.54907608489522,5.545177444479562,5.645446897643238,5.513428746164983,5.703782474656201,5.755742213586912,5.768320995793772,5.517452896464707,5.802118375377063,5.910796644040527,5.755742213586912,5.834810737062605,5.869296913133774,5.521460917862246,5.786897381366708,5.75890177387728,5.697093486505405,5.814130531825066,5.568344503761097,5.6240175061873385,5.58724865840025,5.771441123130016,5.703782474656201,5.84354441703136,5.697093486505405,5.799092654460526,5.877735781779639,5.703782474656201,5.476463551931511,5.780743515792329,5.762051382780177,5.541263545158426,5.717027701406222,5.71042701737487,5.726847747587197,5.697093486505405,5.616771097666572,5.7745515455444085,5.703782474656201,5.468060141135132,5.4510384535657,5.583496308781699,5.153291594497779,5.351858133476067,5.54907608489522,5.429345628954441,5.7899601708972535,5.602118820879701,5.568344503761097,5.2574953720277815
4.276666119016055,7.874358824729881,5.808142489980444,5.849324779946859,5.181783550292085,5.342334251964811,4.941642422609304,4.465908118654584,4.290459441148391,4.219507705176107,4.718498871295094,5.030437921392435,4.290459441148391,4.605170185988092,3.951243718581428,4.0943445622221,3.713572066704308,4.143134726391533,4.127134385045092,4.248495242049359,4.189654742026425,4.290459441148391,3.8918202981106265,3.9318256327243257,4.564348191467836,4.553876891600541,4.174387269895637,4.0943445622221,3.688879454113936,3.9318256327243257,3.912023005428146,4.304065093204169,4.394449154672439,3.737669618283368,3.9889840465642745,6.154858094016418,4.543294782270004,4.204692619390966,4.158883083359672,4.68213122712422,3.9889840465642745,3.828641396489095,5.1298987149230735,4.0943445622221,4.51085950651685,5.564520407322694,4.787491742782046,4.31748811353631,3.784189633918261,3.713572066704308,4.07753744390572,4.219507705176107,4.574710978503383,4.584967478670572,4.007333185232471,4.04305126783455,4.31748811353631,4.442651256490317,5.424950017481403,5.298317366548036
4.219507705176107,3.784189633918261,4.127134385045092,4.189654742026425,4.0943445622221,4.060443010546419,4.262679877041316,3.9889840465642745,3.80666248977032,3.737669618283368,3.7612001156935615,3.737669618283368,3.610917912644224,3.912023005428146,3.8712010109078903,3.713572066704308,3.5263605246161616,3.80666248977032,3.912023005428146,4.189654742026425,4.23410650459726,3.912023005428146,4.189654742026425,4.158883083359672,3.951243718581428,3.9889840465642745,4.189654742026425,4.110873864173311,3.80666248977032,4.248495242049359,3.8712010109078903,4.3694478524670215,4.02535169073515,3.8918202981106265,4.04305126783455,4.248495242049359,4.204692619390966,4.060443010546419,4.204692619390966,4.330733340286331,4.442651256490317,4.276666119016055,4.248495242049359,4.07753744390572,3.7612001156935615,3.7612001156935615,4.0943445622221,3.9889840465642745,3.8501476017100575,4.127134385045092,4.04305126783455,3.912023005428146,3.8501476017100575,4.276666119016055,4.304065093204169,4.262679877041316,4.394449154672439,3.8918202981106265,4.248495242049359,3.8918202981106265
5.54907608489522,5.616771097666572,5.476463551931511,5.54907608489522,5.823045895483019,5.752572638825633,5.541263545158426,5.19295685089021,5.407171771460119,5.342334251964811,5.652489180268651,5.673323267171493,5.655991810819852,5.442417710521793,5.613128106388071,5.529429087511423,5.488937726156687,5.8111409929767,5.700443573390686,5.780743515792329,5.627621113690637,5.673323267171493,5.955837369464831,5.666426688112432,5.707110264748875,5.552959584921617,5.69035945432406,5.733341276897746,5.71042701737487,5.455321115357702,5.697093486505405,5.976350909297934,5.713732805509369,5.556828061699537,5.655991810819852,5.676753802268282,5.58724865840025,5.579729825986222,5.863631175598097,6.317164686747284,5.921578419643816,5.62040086571715,5.703782474656201,5.568344503761097,5.736572297479192,5.7430031878094825,5.749392985908253,5.717027701406222,5.564520407322694,5.513428746164983,5.736572297479192,5.666426688112432,6.453624998892692,6.066108090103747,5.87493073085203,5.641907070938114,5.575949103146316,5.683579767338681,5.572154032177765,5.918893854273146
3.8501476017100575,3.80666248977032,3.9889840465642745,3.367295829986474,3.295836866004329,3.9889840465642745,3.4011973816621555,3.4657359027997265,3.7612001156935615,4.158883083359672,3.49650756146648,3.5263605246161616,3.6635616461296463,3.970291913552122,3.7612001156935615,3.6635616461296463,4.110873864173311,3.6635616461296463,3.8712010109078903,3.80666248977032,3.828641396489095,4.262679877041316,4.02535169073515,3.5263605246161616,3.713572066704308,3.8712010109078903,3.8712010109078903,3.4657359027997265,3.555348061489413,3.9889840465642745,4.04305126783455,3.688879454113936,3.688879454113936,3.9889840465642745,3.828641396489095,3.8501476017100575,3.8712010109078903,3.8501476017100575,3.6375861597263857,3.7612001156935615,4.219507705176107,3.688879454113936,4.007333185232471,3.80666248977032,4.189654742026425,4.174387269895637,3.9318256327243257,3.8918202981106265,4.04305126783455,3.784189633918261,3.912023005428146,3.8501476017100575,3.9889840465642745,4.0943445622221,3.9318256327243257,3.970291913552122,4.127134385045092,3.8918202981106265,4.0943445622221,3.332204510175204
3.4657359027997265,3.9318256327243257,3.7612001156935615,3.8918202981106265,4.060443010546419,5.393627546352361,3.332204510175204,3.218875824868201,3.9318256327243257,3.4339872044851463,3.58351893845611,3.4339872044851463,3.9318256327243257,4.04305126783455,3.6375861597263857,4.406719247264253,5.087596335232384,5.117993812416755,5.075173815233827,5.081404364984463,5.030437921392435,4.812184355372417,3.4011973816621555,3.555348061489413,3.828641396489095,3.4339872044851463,3.555348061489413,4.007333185232471,3.9889840465642745,4.624972813284271,3.367295829986474,4.174387269895637,3.828641396489095,3.8501476017100575,4.330733340286331,3.784189633918261,4.007333185232471,3.828641396489095,5.087596335232384,4.143134726391533,3.8918202981106265,3.9889840465642745,3.688879454113936,3.784189633918261,3.49650756146648,3.912023005428146,4.007333185232471,4.07753744390572,3.951243718581428,3.555348061489413,3.80666248977032,3.737669618283368,4.02535169073515,4.356708826689592,3.80666248977032,3.784189633918261,4.04305126783455,3.5263605246161616,3.555348061489413,3.6635616461296463
5.332718793265369,4.997212273764115,4.962844630259907,4.976733742420574,4.584967478670572,4.700480365792417,4.962844630259907,4.962844630259907,4.882801922586371,5.814130531825066,5.14166355650266,4.90527477843843,5.236441962829949,5.087596335232384,4.882801922586371,4.941642422609304,4.941642422609304,4.6443908991413725,4.691347882229144,5.214935757608986,4.955827057601261,5.356586274672012,5.093750200806762,5.308267697401205,5.476463551931511,5.135798437050262,5.220355825078325,5.420534999272286,5.204006687076795,5.181783550292085,5.159055299214529,4.844187086458591,4.812184355372417,5.204006687076795,5.278114659230518,5.267858159063328,5.123963979403259,5.093750200806762,5.087596335232384,5.0238805208462765,5.5053315359323625,5.356586274672012,5.438079308923196,5.541263545158426,5.293304824724492,5.017279836814924,5.075173815233827,5.996452088619021,5.424950017481403,5.564520407322694,5.497168225293202,5.41610040220442,5.318119993844216,5.389071729816501,6.843749949006225,6.948897222313312,6.716594773520978,6.710523109452428,6.403574197934815,6.238324625039508
5.579729825986222,5.886104031450156,8.634620608292202,6.754604099487962,6.3784261836515865,6.2878585601617845,6.003887067106539,5.857933154483459,6.741700694652055,11.220713146431915,9.257223957875032,8.48879371689454,8.62317351495347,7.606387389772652,7.383989457978509,7.215239978730097,7.369600720526409,7.313220387090301,7.038783541388542,6.876264611890766,7.883823214892152,7.171656822768514,7.53955882930103,6.695798917058491,7.5485559791698735,7.081708586105576,6.376726947898627,6.20050917404269,6.059123195581797,5.991464547107982,6.021023349349527,6.280395838960195,6.040254711277414,5.777652323222656,5.820082930352362,6.061456918928017,5.831882477283517,5.846438775057724,5.8805329864007,5.8111409929767,5.680172609017068,6.230481447578482,5.720311776607412,5.777652323222656,6.021023349349527,5.823045895483019,6.142037405587356,5.58724865840025,5.793013608384144,5.713732805509369,5.552959584921617,6.218600119691729,5.814130531825066,5.940171252720432,5.4638318050256105,5.627621113690637,5.594711379601839,5.831882477283517,6.037870919922137,5.673323267171493
3.8918202981106265,3.9889840465642745,3.688879454113936,3.610917912644224,4.382026634673881,4.672828834461906,4.7535901911063645,5.872117789475416,4.990432586778736,4.941642422609304,4.68213122712422,4.174387269895637,4.68213122712422,4.934473933130692,4.532599493153256,4.68213122712422,5.062595033026967,4.356708826689592,4.532599493153256,4.406719247264253,4.564348191467836,4.543294782270004,4.7535901911063645,4.7535901911063645,4.143134726391533,3.951243718581428,4.442651256490317,4.465908118654584,4.897839799950911,4.343805421853684,4.406719247264253,3.828641396489095,4.477336814478207,4.219507705176107,4.02535169073515,4.564348191467836,5.099866427824199,4.5217885770490405,4.04305126783455,4.007333185232471,4.532599493153256,4.127134385045092,4.276666119016055,4.418840607796598,4.948759890378168,3.80666248977032,4.07753744390572,4.02535169073515,4.110873864173311,4.007333185232471,4.304065093204169,3.8712010109078903,3.970291913552122,3.9318256327243257,5.049856007249537,4.770684624465665,4.976733742420574,4.330733340286331,4.23410650459726,3.8712010109078903
4.6443908991413725,4.330733340286331,4.477336814478207,4.276666119016055,4.51085950651685,5.793013608384144,4.465908118654584,4.127134385045092,4.382026634673881,4.356708826689592,4.762173934797756,4.248495242049359,4.290459441148391,4.330733340286331,4.564348191467836,4.574710978503383,4.624972813284271,4.262679877041316,4.442651256490317,4.454347296253507,4.248495242049359,5.056245805348308,4.454347296253507,4.23410650459726,4.406719247264253,4.59511985013459,4.276666119016055,4.158883083359672,4.553876891600541,4.74493212836325,4.912654885736052,4.934473933130692,5.497168225293202,5.0369526024136295,5.062595033026967,4.442651256490317,4.584967478670572,4.248495242049359,4.07753744390572,4.454347296253507,4.189654742026425,4.356708826689592,4.31748811353631,4.795790545596741,4.304065093204169,4.454347296253507,4.584967478670572,5.231108616854587,4.499809670330265,4.143134726391533,4.204692619390966,4.454347296253507,4.61512051684126,4.68213122712422,4.394449154672439,4.23410650459726,4.23410650459726,4.330733340286331,4.248495242049359,4.919980925828125
6.680854678790215,6.52649485957079,6.320768294250582,6.546785410760524,6.78332520060396,6.356107660695892,6.20050917404269,6.192362489474872,6.214608098422191,6.302618975744905,6.401917196727186,6.60934924316738,7.395107546562485,7.6093665379542115,6.920671504248683,6.5998704992128365,6.523562306149512,6.541029999189903,6.721425700790643,6.173786103901937,6.766191714660351,7.026426808699636,6.284134161070802,6.113682179832232,7.057036981697891,6.837332814685591,7.01211529430638,6.263398262591624,6.249975242259483,6.2766434893416445,6.20050917404269,6.300785794663244,6.386879319362645,6.07993319509559,6.113682179832232,6.501289670540389,7.255591274253665,6.643789733147672,6.38856140554563,6.8690144506657065,6.505784060128229,6.467698726104354,6.366470447731438,6.228511003591184,6.144185634125646,6.593044534142437,6.887552571664617,8.052296499538647,6.952728644624869,6.541029999189903,6.278521424165844,6.448889394146858,7.292337176173877,7.9865049385539955,7.653494909661253,8.938006576471201,9.03455739202181,9.653807502217354,8.384575666801398,7.583756300707112
5.135798437050262,4.736198448394496,4.8283137373023015,5.529429087511423,4.969813299576001,4.574710978503383,4.543294782270004,4.406719247264253,4.356708826689592,4.219507705176107,4.59511985013459,4.465908118654584,4.262679877041316,4.189654742026425,4.174387269895637,4.174387269895637,4.382026634673881,4.852030263919617,4.77912349311153,4.304065093204169,4.248495242049359,4.189654742026425,4.262679877041316,3.951243718581428,4.465908118654584,5.552959584921617,5.093750200806762,5.0238805208462765,4.219507705176107,4.418840607796598,4.174387269895637,5.099866427824199,5.170483995038151,5.318119993844216,4.804021044733257,5.579729825986222,4.969813299576001,4.634728988229636,4.997212273764115,4.812184355372417,4.454347296253507,4.276666119016055,4.060443010546419,4.174387269895637,4.48863636973214,4.543294782270004,4.564348191467836,4.691347882229144,5.438079308923196,5.683579767338681,5.003946305945459,4.110873864173311,5.241747015059643,4.5217885770490405,4.204692619390966,4.0943445622221,3.8501476017100575,3.737669618283368,3.80666248977032,4.143134726391533
0.0,2.079441541679836,2.19722457733622,1.3862943611198906,1.9459101490553128,3.1354942159291497,2.19722457733622,1.9459101490553128,1.9459101490553128,2.079441541679836,2.639057329615259,1.791759469228055,2.302585092994046,1.9459101490553128,2.19722457733622,2.079441541679836,2.302585092994046,1.791759469228055,1.9459101490553128,1.0986122886681096,2.3978952727983707,1.9459101490553128,3.1354942159291497,2.639057329615259,2.079441541679836,1.0986122886681096,1.3862943611198906,2.079441541679836,2.079441541679836,1.9459101490553128,2.079441541679836,1.3862943611198906,2.079441541679836,2.19722457733622,1.0986122886681096,1.0986122886681096,1.3862943611198906,2.4849066497880004,1.6094379124341005,2.19722457733622,2.079441541679836,1.0986122886681096,1.9459101490553128,2.5649493574615367,2.3978952727983707,2.3978952727983707,2.5649493574615367,2.19722457733622,1.9459101490553128,2.19722457733622,2.19722457733622,2.639057329615259,1.9459101490553128,2.079441541679836,1.6094379124341005,2.302585092994046,2.19722457733622,1.3862943611198906,1.9459101490553128,1.6094379124341005
5.802118375377063,5.552959584921617,5.327876168789581,5.111987788356544,5.765191102784844,6.042632833682381,5.8971538676367405,6.263398262591624,6.021023349349527,5.765191102784844,5.5093883366279774,5.8944028342648505,6.028278520230698,6.0112671744041615,5.971261839790462,5.996452088619021,5.616771097666572,5.5053315359323625,5.8522024797744745,5.87493073085203,5.899897353582492,5.863631175598097,5.648974238161206,5.525452939131784,5.3706380281276624,5.652489180268651,5.786897381366708,5.8805329864007,5.877735781779639,5.762051382780177,5.480638923341991,5.3471075307174685,5.707110264748875,5.808142489980444,5.849324779946859,6.084499413075172,5.891644211825771,5.53338948872752,5.241747015059643,5.75890177387728,6.077642243349034,5.877735781779639,5.886104031450156,6.003887067106539,5.579729825986222,5.472270673671475,5.641907070938114,5.986452005284438,5.905361848054571,5.988961416889864,6.066108090103747,5.572154032177765,5.3981627015177525,5.41164605185504,5.768320995793772,5.5053315359323625,5.187385805840755,4.812184355372417,4.382026634673881,3.8918202981106265
4.663439094112067,4.382026634673881,4.5217885770490405,4.31748811353631,3.9318256327243257,4.382026634673881,4.02535169073515,4.04305126783455,4.574710978503383,4.564348191467836,4.330733340286331,5.521460917862246,5.3706380281276624,5.733341276897746,5.940171252720432,5.953243334287785,6.056784013228625,5.84354441703136,5.981414211254481,6.063785208687608,6.368187186350492,6.608000625296087,6.889591308354466,6.843749949006225,7.341483852363161,7.530479995245536,6.912742820493176,5.883322388488279,5.613128106388071,5.010635294096256,5.123963979403259,4.983606621708336,4.820281565605037,4.553876891600541,4.709530201312334,4.543294782270004,4.663439094112067,4.532599493153256,4.51085950651685,4.189654742026425,4.304065093204169,4.454347296253507,4.653960350157523,4.248495242049359,4.356708826689592,4.219507705176107,4.204692619390966,4.23410650459726,4.204692619390966,4.219507705176107,4.0943445622221,4.189654742026425,3.784189633918261,4.605170185988092,4.127134385045092,4.418840607796598,4.948759890378168,4.6443908991413725,4.356708826689592,4.276666119016055
5.170483995038151,5.41610040220442,5.068904202220232,5.0369526024136295,4.875197323201151,5.030437921392435,5.056245805348308,4.912654885736052,4.919980925828125,4.852030263919617,4.90527477843843,4.77912349311153,4.736198448394496,4.890349128221754,5.181783550292085,4.844187086458591,4.820281565605037,4.653960350157523,4.836281906951478,5.087596335232384,4.820281565605037,4.90527477843843,4.787491742782046,5.043425116919247,4.691347882229144,4.499809670330265,4.867534450455582,4.804021044733257,4.68213122712422,4.812184355372417,4.919980925828125,5.111987788356544,4.553876891600541,4.919980925828125,5.117993812416755,5.068904202220232,5.14166355650266,5.049856007249537,5.14166355650266,4.700480365792417,5.099866427824199,5.14166355650266,4.983606621708336,5.181783550292085,5.241747015059643,5.209486152841421,4.941642422609304,5.2574953720277815,5.081404364984463,5.575949103146316,5.58724865840025,5.262690188904886,4.804021044733257,4.897839799950911,4.912654885736052,5.365976015021851,5.123963979403259,5.153291594497779,4.955827057601261,5.170483995038151
8.058960017769417,7.932721027481948,7.801800401908972,7.620705086838262,7.734558844354756,7.821643126239982,7.833600223661103,8.434897948689407,7.971776122880628,7.715123603632105,7.579167967396076,7.732369222284388,7.85670679309584,8.058010800802085,8.16223106548118,8.038512020976814,7.707512194600341,7.518064181233078,7.5569505720129,8.235360643753348,8.155362120328135,7.743269700829004,7.7025561132685825,7.602900462204755,7.6251071482389,7.649216319820633,7.793586803371584,7.718685495198466,8.000684784514748,7.811163385025279,7.6586995582682995,7.47477218239787,7.5310163320779155,7.721791776817535,7.863266724009573,7.773594467360194,7.83399634170946,7.70796153183549,7.543802867501509,7.572502985020384,7.745435610274381,7.757906208351747,7.681099001536359,7.628517626575055,7.4999765409521215,7.336285660021297,7.5569505720129,7.601402334583733,7.537962659768208,7.611842399580417,7.4377951216719325,7.340186835320115,7.243512974665482,7.369600720526409,7.400620577371135,7.502186486602925,7.598399329323964,7.537430036586509,7.416378479192928,7.2254814727822945
6.030685260261263,5.973809611869261,6.583409222158765,6.2422232654551655,6.228511003591184,6.0330862217988015,6.161207321695077,5.986452005284438,6.030685260261263,5.8805329864007,5.8111409929767,5.966146739123692,6.154858094016418,5.983936280687191,5.849324779946859,6.021023349349527,5.991464547107982,6.666956792429207,6.09807428216624,6.0063531596017325,5.916202062607435,6.180016653652572,6.075346031088684,5.84354441703136,5.808142489980444,6.07073772800249,6.1224928095143865,6.139884552226255,6.255750041753367,6.18826412308259,6.104793232414985,5.986452005284438,6.142037405587356,5.963579343618446,6.018593214496234,5.945420608606575,6.118097198041348,6.09807428216624,6.059123195581797,6.210600077024653,6.131226489483141,6.07073772800249,6.113682179832232,6.107022887742255,6.063785208687608,6.159095388491933,6.135564891081739,6.171700597410915,6.040254711277414,6.118097198041348,6.075346031088684,6.194405391104672,5.918893854273146,6.037870919922137,6.07993319509559,6.021023349349527,6.523562306149512,6.705639094860003,6.767343125265392,6.6293632534374485
5.41164605185504,5.159055299214529,4.787491742782046,5.393627546352361,5.37989735354046,5.159055299214529,5.017279836814924,5.068904202220232,4.727387818712341,4.59511985013459,4.890349128221754,5.2832037287379885,4.948759890378168,4.844187086458591,4.836281906951478,4.6443908991413725,4.77912349311153,4.969813299576001,5.147494476813453,5.583496308781699,4.890349128221754,4.787491742782046,4.7535901911063645,4.718498871295094,4.927253685157205,4.852030263919617,4.74493212836325,4.718498871295094,4.912654885736052,4.532599493153256,4.709530201312334,5.0238805208462765,5.056245805348308,5.225746673713202,4.844187086458591,4.663439094112067,4.691347882229144,4.672828834461906,4.770684624465665,4.820281565605037,4.700480365792417,4.605170185988092,4.59511985013459,4.51085950651685,4.276666119016055,4.584967478670572,4.897839799950911,5.517452896464707,4.955827057601261,4.624972813284271,4.330733340286331,4.442651256490317,4.5217885770490405,4.430816798843313,4.6443908991413725,4.844187086458591,4.969813299576001,4.812184355372417,4.8283137373023015,4.59511985013459
4.553876891600541,4.477336814478207,4.691347882229144,4.605170185988092,4.543294782270004,4.382026634673881,4.584967478670572,4.736198448394496,4.290459441148391,4.48863636973214,4.897839799950911,4.5217885770490405,4.356708826689592,4.553876891600541,4.477336814478207,4.330733340286331,4.276666119016055,4.430816798843313,4.6443908991413725,4.927253685157205,4.804021044733257,4.727387818712341,4.624972813284271,4.77912349311153,5.056245805348308,6.093569770045136,5.545177444479562,5.484796933490655,5.41610040220442,5.214935757608986,4.934473933130692,4.976733742420574,5.932245187448011,5.455321115357702,5.459585514144159,5.181783550292085,5.707110264748875,5.241747015059643,5.247024072160486,5.356586274672012,5.017279836814924,5.147494476813453,4.927253685157205,4.990432586778736,4.804021044733257,4.836281906951478,5.0238805208462765,5.272999558563747,4.61512051684126,4.532599493153256,4.795790545596741,4.762173934797756,4.890349128221754,4.762173934797756,4.77912349311153,4.672828834461906,5.655991810819852,5.209486152841421,5.170483995038151,4.736198448394496
2.639057329615259,2.4849066497880004,2.3978952727983707,3.49650756146648,2.9444389791664403,2.5649493574615367,2.302585092994046,2.4849066497880004,1.791759469228055,2.079441541679836,2.19722457733622,3.713572066704308,2.639057329615259,2.302585092994046,2.5649493574615367,1.9459101490553128,2.4849066497880004,1.791759469228055,1.9459101490553128,3.610917912644224,3.1354942159291497,3.610917912644224,2.079441541679836,2.079441541679836,2.4849066497880004,2.302585092994046,2.5649493574615367,2.19722457733622,3.1354942159291497,2.079441541679836,2.5649493574615367,2.4849066497880004,3.332204510175204,3.295836866004329,2.302585092994046,2.302585092994046,2.19722457733622,2.3978952727983707,3.4657359027997265,2.70805020110221,2.70805020110221,2.772588722239781,1.791759469228055,2.3978952727983707,3.332204510175204,2.70805020110221,2.3978952727983707,2.4849066497880004,2.70805020110221,2.772588722239781,2.833213344056216,2.639057329615259,2.3978952727983707,2.833213344056216,2.9444389791664403,2.833213344056216,2.772588722239781,2.5649493574615367,2.70805020110221,2.8903717578961645
4.564348191467836,4.852030263919617,4.356708826689592,4.127134385045092,4.262679877041316,4.406719247264253,4.02535169073515,3.1354942159291497,3.6635616461296463,4.04305126783455,3.1780538303479458,3.951243718581428,4.418840607796598,3.8712010109078903,4.189654742026425,4.110873864173311,4.867534450455582,4.204692619390966,3.828641396489095,4.276666119016055,4.07753744390572,4.060443010546419,3.80666248977032,3.5263605246161616,4.605170185988092,4.158883083359672,4.543294782270004,4.653960350157523,4.07753744390572,4.330733340286331,3.970291913552122,3.784189633918261,3.970291913552122,3.784189633918261,3.828641396489095,4.02535169073515,4.060443010546419,4.060443010546419,4.07753744390572,3.8918202981106265,5.147494476813453,4.110873864173311,3.713572066704308,4.110873864173311,3.8712010109078903,3.332204510175204,3.091042453358316,4.04305126783455,4.02535169073515,3.258096538021482,3.367295829986474,3.737669618283368,3.713572066704308,3.6375861597263857,3.4011973816621555,4.564348191467836,4.574710978503383,4.394449154672439,4.219507705176107,3.7612001156935615
7.31455283232408,7.370860166536716,7.303843225277705,7.325148957955575,7.564757012905729,7.471363088187097,7.396948602621014,7.333023014386481,7.303843225277705,7.31455283232408,7.336285660021297,7.529943370601589,7.426549072397305,7.409136443920128,7.324489979348532,7.455298485683291,7.396335293800808,7.334329350300536,7.509335266016592,7.44716835960004,7.396335293800808,7.313220387090301,7.385851078125209,7.113142108707088,7.261225091971921,7.488852955733459,8.62155320674048,8.047829357457841,7.583247524303362,7.5126175446745105,7.249925536717988,7.327123292259293,7.602401335665818,7.502738210754851,7.640603826393634,7.344072850573066,7.478169694159785,7.301822342137932,7.370860166536716,7.590346945602565,7.407924322559599,7.335633981927201,7.226209010100671,7.118826249062078,7.080026499922591,7.095893221097532,7.967626739333816,7.165493475060845,7.00033446027523,6.771935555839602,6.82001636467413,6.677083461247136,6.785587645007929,7.028201432058005,7.182352111885263,7.061334366910438,7.093404625868766,7.059617628291383,7.187657164114956,6.957497370876951
2.8903717578961645,2.8903717578961645,2.995732273553991,2.4849066497880004,2.4849066497880004,2.833213344056216,2.3978952727983707,2.639057329615259,2.19722457733622,2.772588722239781,2.302585092994046,2.70805020110221,2.772588722239781,2.5649493574615367,2.19722457733622,3.610917912644224,2.4849066497880004,2.70805020110221,2.70805020110221,2.19722457733622,2.8903717578961645,2.8903717578961645,2.772588722239781,2.079441541679836,2.8903717578961645,3.218875824868201,3.6635616461296463,2.9444389791664403,3.4011973816621555,3.8712010109078903,3.49650756146648,2.833213344056216,3.4339872044851463,2.4849066497880004,2.70805020110221,2.995732273553991,2.995732273553991,3.4339872044851463,2.9444389791664403,2.639057329615259,2.8903717578961645,2.5649493574615367,2.995732273553991,3.367295829986474,3.367295829986474,2.9444389791664403,5.176149732573829,2.8903717578961645,4.02535169073515,2.8903717578961645,3.555348061489413,3.258096538021482,2.5649493574615367,3.951243718581428,2.8903717578961645,2.3978952727983707,2.639057329615259,2.8903717578961645,3.218875824868201,3.4339872044851463
2.19722457733622,1.9459101490553128,1.791759469228055,1.3862943611198906,2.19722457733622,1.791759469228055,1.9459101490553128,1.791759469228055,1.3862943611198906,1.791759469228055,2.4849066497880004,2.19722457733622,2.302585092994046,1.791759469228055,2.4849066497880004,1.3862943611198906,2.19722457733622,3.218875824868201,1.791759469228055,0.0,1.0986122886681096,1.9459101490553128,1.6094379124341005,1.791759469228055,2.302585092994046,2.833213344056216,2.19722457733622,2.079441541679836,2.079441541679836,1.3862943611198906,3.258096538021482,1.791759469228055,1.6094379124341005,2.079441541679836,1.3862943611198906,1.9459101490553128,1.9459101490553128,2.4849066497880004,2.19722457733622,2.302585092994046,2.079441541679836,2.302585092994046,2.302585092994046,1.791759469228055,1.9459101490553128,2.3978952727983707,2.19722457733622,1.9459101490553128,1.9459101490553128,2.302585092994046,1.791759469228055,2.19722457733622,1.791759469228055,1.791759469228055,2.079441541679836,1.9459101490553128,1.0986122886681096,1.791759469228055,2.3978952727983707,2.639057329615259
7.069874128458572,6.29156913955832,5.765191102784844,5.5053315359323625,5.351858133476067,5.43372200355424,5.278114659230518,4.983606621708336,5.117993812416755,4.997212273764115,5.187385805840755,5.442417710521793,5.318119993844216,5.10594547390058,5.342334251964811,5.204006687076795,5.351858133476067,5.497168225293202,5.6937321388027,5.429345628954441,5.117993812416755,5.153291594497779,5.0238805208462765,5.117993812416755,5.147494476813453,5.198497031265826,5.10594547390058,5.170483995038151,5.043425116919247,5.424950017481403,5.501258210544727,5.407171771460119,5.313205979041787,5.272999558563747,5.272999558563747,5.170483995038151,5.455321115357702,5.616771097666572,6.068425588244111,6.084499413075172,7.136483208590247,6.654152520183219,6.317164686747284,6.2878585601617845,6.144185634125646,5.986452005284438,6.052089168924417,6.171700597410915,5.976350909297934,6.133398042996649,6.20050917404269,6.142037405587356,6.077642243349034,6.021023349349527,6.003887067106539,6.322565239927284,6.282266746896006,6.226536669287466,6.1224928095143865,6.1675164908883415
1.9459101490553128,1.0986122886681096,2.079441541679836,0.6931471805599453,1.6094379124341005,1.791759469228055,1.9459101490553128,0.0,0.6931471805599453,0.0,1.3862943611198906,1.3862943611198906,1.3862943611198906,1.3862943611198906,1.791759469228055,1.3862943611198906,1.0986122886681096,0.6931471805599453,0.0,0.6931471805599453,1.0986122886681096,1.0986122886681096,1.6094379124341005,0.6931471805599453,1.0986122886681096,1.6094379124341005,1.0986122886681096,1.3862943611198906,0.0,1.791759469228055,1.0986122886681096,1.3862943611198906,1.0986122886681096,1.6094379124341005,1.791759469228055,1.3862943611198906,2.079441541679836,1.6094379124341005,1.3862943611198906,1.0986122886681096,1.0986122886681096,2.079441541679836,1.6094379124341005,1.3862943611198906,1.791759469228055,1.6094379124341005,1.6094379124341005,2.3978952727983707,1.9459101490553128,1.3862943611198906,1.791759469228055,2.079441541679836,1.3862943611198906,2.3978952727983707,2.5649493574615367,1.3862943611198906,2.4849066497880004,1.791759469228055,2.079441541679836,2.5649493574615367
5.857933154483459,6.269096283706261,6.437751649736401,6.464588303689961,6.496774990185863,6.369900982828227,6.082218910376446,6.107022887742255,6.236369590203704,6.354370040797351,6.429719478039138,6.565264970035361,6.163314804034641,6.218600119691729,6.042632833682381,6.171700597410915,6.1224928095143865,6.371611847231857,6.442540166468199,6.182084906716632,6.061456918928017,5.981414211254481,6.1092475827643655,6.045005314036012,6.228511003591184,6.269096283706261,6.0112671744041615,5.926926025970411,6.0063531596017325,6.3835066348840055,6.558197802812269,6.54534966033442,6.608000625296087,6.295266001439646,6.075346031088684,6.202535517187923,6.238324625039508,6.364750756851911,6.429719478039138,6.587550014824796,6.037870919922137,6.1779441140506,6.037870919922137,6.302618975744905,6.419994928147142,6.452048954437226,6.595780513961311,6.280395838960195,6.131226489483141,6.129050210060545,6.29156913955832,6.272877006546167,6.447305862541213,6.439350371100098,6.198478716492308,6.035481432524756,6.025865973825314,6.230481447578482,6.364750756851911,6.380122536899765
8.416709652837914,8.4071550862073,8.360305435879093,8.454679286026995,8.479698986988657,8.31164394850298,8.24117615049496,8.125039097367745,8.166216268592143,8.177515823846075,8.35490952835879,8.395703293828527,8.275121630216509,8.137688184977605,8.156223323194624,8.168202930236053,8.121777419161074,8.203851372183879,8.286017468404763,8.19533366716287,8.143226750367443,8.117312461601975,8.064007347096661,8.128585200374497,8.22764270790443,8.232971790593437,8.222285073872717,8.123854263105914,8.403128235128264,8.226305988015508,8.226305988015508,8.201111644442758,8.31115254800169,8.210396255104774,8.203851372183879,8.13973227971767,8.12058871174027,8.09376775793108,8.212025804623437,8.332548939252638,8.217708406845306,8.155362120328135,8.146129510025405,8.128290171607052,8.116715624819111,8.166784289056151,8.176110342237342,8.247482004285693,8.21932609390609,8.205491613120236,8.19063168090354,8.165647925297504,8.043342170441608,8.071218539969863,8.242229891372231,8.352082671352637,8.338783971442199,8.3670677328386,8.36240897761537,8.223627175805483
10.126791091051704,10.043597260520771,10.018956802342242,10.052596975123969,10.101518403035262,10.02437686981158,10.38489466421945,9.79121431005334,9.81454704323948,9.746541302073402,10.020247843144828,9.763708110007842,9.59280976029003,9.600624158088683,9.640628165515691,9.645817254152318,9.574983485564092,9.601436066117046,9.726452000171411,10.571291283757406,9.838202085837498,9.708992194810463,9.639456900415627,9.57275879054198,9.58644532477786,10.436377948899532,10.028400664234924,10.04246657981758,9.662879887470275,9.71420180194054,9.997933722828073,10.022780558724111,11.132967271964477,10.504272703223904,11.041977389875884,10.353989759119012,10.236525326708708,10.086558828220628,9.942034962148368,9.862144589001746,9.685766771390307,10.18289800930364,9.888576939800371,10.015788924623273,10.053888353203654,9.846123235146557,9.67884287509565,9.58911921482184,9.610390847382847,10.730378603145668,9.7818282639088,9.564091044397667,9.605957144029531,9.747768977536708,9.69701673550917,9.733647773244227,9.602247315485496,9.547241088215465,9.520981848562874,9.634430944207512
2.639057329615259,2.639057329615259,2.079441541679836,1.3862943611198906,1.3862943611198906,2.3978952727983707,1.9459101490553128,1.9459101490553128,2.3978952727983707,2.079441541679836,1.791759469228055,1.3862943611198906,1.6094379124341005,2.079441541679836,1.0986122886681096,1.0986122886681096,1.791759469228055,1.6094379124341005,1.3862943611198906,2.19722457733622,1.791759469228055,2.4849066497880004,1.791759469228055,1.0986122886681096,1.9459101490553128,1.791759469228055,1.6094379124341005,1.791759469228055,1.3862943611198906,1.3862943611198906,2.5649493574615367,2.302585092994046,1.3862943611198906,2.3978952727983707,2.19722457733622,2.302585092994046,2.4849066497880004,2.19722457733622,1.9459101490553128,1.9459101490553128,2.19722457733622,2.5649493574615367,1.9459101490553128,1.9459101490553128,2.302585092994046,2.19722457733622,1.6094379124341005,2.3978952727983707,1.6094379124341005,1.791759469228055,1.9459101490553128,1.6094379124341005,1.3862943611198906,1.6094379124341005,2.079441541679836,1.0986122886681096,2.079441541679836,1.791759469228055,1.0986122886681096,1.6094379124341005
0.6931471805599453,4.007333185232471,0.6931471805599453,2.6741486494265287,3.295836866004329,2.079441541679836,0.6931471805599453,3.4657359027997265,4.624972813284271,3.970291913552122,3.367295829986474,0.6931471805599453,0.6931471805599453,2.4849066497880004,2.5649493574615367,3.0204248861443626,3.332204510175204,0.6931471805599453,3.1780538303479458,4.04305126783455,4.102643365036796,4.158883083359672,3.7689221617874726,3.120895416507997,0.6931471805599453,3.044522437723423,3.688879454113936,3.80666248977032,3.912023005428146,4.007333185232471,4.219507705176107,4.394449154672439,2.079441541679836,2.917770732084279,3.367295829986474,2.740840023925201,0.6931471805599453,3.951243718581428,3.4339872044851463,2.302585092994046,2.9444389791664403,3.332204510175204,3.367295829986474,3.4011973816621555,3.044522437723423,3.258096538021482,4.454347296253507,1.3862943611198906,2.9444389791664403,2.3978952727983707,1.0986122886681096,2.70805020110221,1.0986122886681096,1.0986122886681096,2.4849066497880004,3.044522437723423,3.713572066704308,3.044522437723423,0.0,0.0
5.153291594497779,5.25227342804663,5.272999558563747,5.8111409929767,5.82600010738045,5.176149732573829,5.214935757608986,5.313205979041787,5.3230099791384085,5.231108616854587,5.659482215759621,5.908082938168931,5.318119993844216,5.420534999272286,5.525452939131784,5.209486152841421,5.351858133476067,7.663407664893479,6.282266746896006,5.680172609017068,5.545177444479562,5.517452896464707,5.459585514144159,5.313205979041787,6.78105762593618,6.1779441140506,5.501258210544727,5.525452939131784,5.332718793265369,5.521460917862246,5.41610040220442,5.940171252720432,6.025865973825314,5.579729825986222,5.472270673671475,5.3981627015177525,5.308267697401205,5.389071729816501,5.910796644040527,5.993961427306569,5.680172609017068,5.442417710521793,7.427144133408616,5.752572638825633,6.555356891810665,5.976350909297934,5.817111159963204,5.556828061699537,5.480638923341991,5.556828061699537,5.468060141135132,5.513428746164983,5.908082938168931,5.799092654460526,5.655991810819852,5.707110264748875,5.517452896464707,5.3612921657094255,5.648974238161206,5.7430031878094825
1.0986122886681096,0.6931471805599453,1.6094379124341005,1.791759469228055,1.6094379124341005,2.079441541679836,1.3862943611198906,0.0,1.0986122886681096,0.6931471805599453,1.3862943611198906,1.791759469228055,1.791759469228055,1.9459101490553128,1.791759469228055,1.0986122886681096,1.3862943611198906,1.9459101490553128,1.3862943611198906,1.0986122886681096,1.0986122886681096,1.6094379124341005,1.9459101490553128,1.0986122886681096,1.791759469228055,0.6931471805599453,2.302585092994046,2.70805020110221,3.258096538021482,2.079441541679836,1.0986122886681096,1.9459101490553128,1.0986122886681096,1.791759469228055,1.0986122886681096,1.0986122886681096,0.6931471805599453,1.6094379124341005,1.6094379124341005,0.6931471805599453,0.0,0.0,1.0986122886681096,1.3862943611198906,1.3862943611198906,2.302585092994046,3.218875824868201,3.367295829986474,2.079441541679836,1.9459101490553128,0.6931471805599453,1.3862943611198906,1.791759469228055,1.6094379124341005,2.079441541679836,1.0986122886681096,1.791759469228055,1.0986122886681096,0.6931471805599453,1.6094379124341005
7.486613313139955,7.500529485395295,7.315883504509785,7.375882148215011,7.600902459542082,7.629975707027789,7.621195162809845,7.52294091807237,7.547501682814967,7.448333860897476,7.304515946460155,7.421775793644647,7.58629630715272,7.650168700845001,7.627544390488503,7.580699752224563,7.535830462798367,7.399398083331354,7.678326356506885,7.622174594817622,7.550661243105336,7.639161171659173,7.536363938404511,7.484368643286131,7.440146680662688,7.45876269238096,7.510977752014095,7.555381944240273,7.585281078639126,7.668561108015897,7.533693709848633,7.372746366404328,7.517520850603031,7.590346945602565,7.480992162869525,7.5652752818989315,7.534762657037537,7.494986233950533,7.377133712833954,7.430114138561801,7.536363938404511,7.495541943884256,7.4821189235521155,7.485491608030754,7.554858521040676,7.306531398939505,7.374629015218945,7.493317248862145,7.586803535162581,7.479299637782834,7.4999765409521215,7.390181428226429,7.241366283322318,7.309881485824786,7.447751280047908,7.366445148327599,7.347943823148687,7.285506548522786,7.151485463904735,7.200424892944957
5.616771097666572,5.529429087511423,5.66988092298052,5.641907070938114,5.820082930352362,6.077642243349034,6.6240652277998935,6.008813185442595,6.343880434126331,6.849066282633458,6.825460036255307,9.334414687078109,9.461410325931231,9.0280988119824,8.513385953073284,8.338544879988579,8.116417072794205,8.00836557031292,7.932721027481948,7.521859252201629,7.288927694521257,7.047517221357296,7.083387847625295,6.948897222313312,7.050122520269059,7.076653815443951,6.796823718274855,6.690842277418564,6.47543271670409,6.47543271670409,6.380122536899765,6.481577129276431,6.597145701886651,6.530877627725885,6.349138991379798,6.45833828334479,6.326149473155099,6.450470422144176,6.364750756851911,6.480044561926653,6.255750041753367,6.18826412308259,6.234410725718371,6.309918278226516,6.361302477572996,6.331501849893691,6.492239835020471,6.423246963533519,6.439350371100098,6.398594934535208,6.26530121273771,6.234410725718371,6.075346031088684,6.349138991379798,6.386879319362645,6.408528791059498,6.709304340258299,6.472346294500901,6.464588303689961,6.107022887742255
6.144185634125646,5.834810737062605,5.765191102784844,6.169610732491456,6.159095388491933,5.697093486505405,5.58724865840025,5.726847747587197,5.726847747587197,6.068425588244111,6.2878585601617845,6.234410725718371,5.921578419643816,5.75890177387728,5.932245187448011,5.68697535633982,5.717027701406222,6.161207321695077,6.272877006546167,5.872117789475416,5.849324779946859,6.354370040797351,6.228511003591184,6.045005314036012,6.19644412779452,6.456769655572163,5.991464547107982,5.805134968916488,6.025865973825314,5.846438775057724,6.244166900663736,6.473890696352274,6.522092798170152,5.87493073085203,5.948034989180646,5.988961416889864,5.8805329864007,5.8111409929767,6.042632833682381,6.285998094508865,5.942799375126701,6.028278520230698,5.929589143389895,5.916202062607435,5.793013608384144,6.190315405853148,6.161207321695077,6.137727054086234,6.1224928095143865,6.2422232654551655,6.192362489474872,6.18826412308259,6.169610732491456,6.212606095751519,6.315358001522335,6.639875833826536,6.7580945044277305,6.889591308354466,6.829793737512425,6.625392368007956
2.5649493574615367,2.5649493574615367,2.639057329615259,2.302585092994046,2.70805020110221,2.70805020110221,2.079441541679836,1.9459101490553128,2.079441541679836,2.19722457733622,2.079441541679836,1.9459101490553128,2.079441541679836,2.19722457733622,2.833213344056216,2.4849066497880004,3.4011973816621555,1.9459101490553128,2.302585092994046,1.791759469228055,2.19722457733622,1.3862943611198906,1.9459101490553128,1.791759469228055,1.791759469228055,2.19722457733622,2.4849066497880004,1.0986122886681096,2.079441541679836,2.772588722239781,2.302585092994046,2.302585092994046,1.9459101490553128,1.791759469228055,2.3978952727983707,1.0986122886681096,1.791759469228055,2.833213344056216,1.791759469228055,2.4849066497880004,1.9459101490553128,3.044522437723423,1.0986122886681096,2.3978952727983707,3.218875824868201,1.9459101490553128,2.5649493574615367,2.19722457733622,2.3978952727983707,1.791759469228055,5.598421958998375,2.079441541679836,2.4849066497880004,1.791759469228055,2.19722457733622,2.19722457733622,1.9459101490553128,2.4849066497880004,2.19722457733622,2.3978952727983707
5.262690188904886,5.476463551931511,5.525452939131784,5.673323267171493,5.53338948872752,5.521460917862246,5.3471075307174685,5.58724865840025,5.476463551931511,5.602118820879701,5.817111159963204,5.771441123130016,5.703782474656201,5.5093883366279774,5.44673737166631,5.54907608489522,5.135798437050262,5.545177444479562,5.472270673671475,5.181783550292085,5.327876168789581,5.225746673713202,5.262690188904886,5.093750200806762,5.3230099791384085,5.771441123130016,5.147494476813453,5.3612921657094255,5.442417710521793,5.634789603169249,5.796057750765372,5.68697535633982,5.7430031878094825,5.488937726156687,5.638354669333745,5.3981627015177525,5.723585101952381,5.828945617610208,5.823045895483019,5.988961416889864,5.525452939131784,5.4638318050256105,5.41610040220442,5.749392985908253,5.75890177387728,5.929589143389895,5.872117789475416,5.723585101952381,5.568344503761097,5.634789603169249,5.777652323222656,5.762051382780177,5.726847747587197,5.823045895483019,5.60947179518496,5.713732805509369,5.641907070938114,5.713732805509369,5.393627546352361,5.529429087511423
3.1780538303479458,1.9459101490553128,2.079441541679836,1.6094379124341005,2.19722457733622,2.639057329615259,2.079441541679836,1.3862943611198906,1.9459101490553128,4.143134726391533,2.772588722239781,2.302585092994046,2.4849066497880004,2.079441541679836,2.639057329615259,2.3978952727983707,2.079441541679836,2.4849066497880004,1.6094379124341005,1.6094379124341005,1.9459101490553128,2.4849066497880004,2.4849066497880004,2.302585092994046,1.791759469228055,2.639057329615259,2.772588722239781,2.8903717578961645,1.6094379124341005,2.3978952727983707,2.9444389791664403,2.8903717578961645,1.791759469228055,1.791759469228055,2.302585092994046,2.19722457733622,2.772588722239781,2.3978952727983707,2.079441541679836,1.6094379124341005,2.19722457733622,2.3978952727983707,2.3978952727983707,1.3862943611198906,2.302585092994046,2.4849066497880004,2.19722457733622,2.639057329615259,3.1780538303479458,2.833213344056216,2.19722457733622,1.9459101490553128,2.4849066497880004,2.302585092994046,1.6094379124341005,1.791759469228055,2.70805020110221,2.3978952727983707,2.302585092994046,2.19722457733622
7.080867896690782,7.02108396428914,6.583409222158765,7.132497551660044,7.280008252884188,7.224753405767971,8.294549515143679,7.48605261786314,7.213031659834869,7.046647277848756,7.109062135687172,7.069874128458572,7.1372784372603855,7.369600720526409,7.701652362642226,6.839476438228843,6.543911845564792,7.023758954738443,6.814542897259958,6.999422467507961,6.83087423464618,6.875232087276577,6.628041376179533,6.478509642208569,8.459352191726387,8.013343181386672,7.022868086082641,7.145196134997171,6.796823718274855,6.799055862058796,6.566672429803241,6.745236349484362,7.00669522683704,6.452048954437226,6.658011045870748,6.660575149839686,6.45833828334479,6.3473892096560105,6.472346294500901,6.533788837933344,6.597145701886651,6.723832440821209,6.784457062637643,6.444131256700441,7.003065458786462,7.855157005881344,6.844815479208263,6.897704943128636,9.033603193476129,8.364275084991524,8.74623928838306,7.874358824729881,7.553810852008231,7.86172707782398,7.353722330399631,7.685243607975833,7.612336837167746,9.758172721371269,8.326758814511733,7.422373700986824
3.295836866004329,3.091042453358316,3.091042453358316,3.610917912644224,3.4339872044851463,4.110873864173311,3.7612001156935615,3.58351893845611,3.4657359027997265,3.9889840465642745,3.5263605246161616,3.4339872044851463,3.6635616461296463,4.174387269895637,3.7612001156935615,2.9444389791664403,3.610917912644224,3.49650756146648,3.332204510175204,3.4011973816621555,2.70805020110221,3.49650756146648,2.9444389791664403,3.58351893845611,4.189654742026425,3.258096538021482,3.58351893845611,3.610917912644224,3.951243718581428,3.6635616461296463,3.1780538303479458,3.332204510175204,3.688879454113936,3.8501476017100575,3.688879454113936,3.713572066704308,3.912023005428146,3.367295829986474,3.5263605246161616,3.258096538021482,3.8712010109078903,3.49650756146648,3.4657359027997265,3.1354942159291497,3.49650756146648,3.912023005428146,3.6375861597263857,3.970291913552122,3.7612001156935615,3.1780538303479458,3.6635616461296463,3.610917912644224,3.5263605246161616,3.58351893845611,3.6635616461296463,3.4011973816621555,3.6375861597263857,3.610917912644224,3.7612001156935615,3.737669618283368
3.9889840465642745,4.158883083359672,3.9318256327243257,3.8501476017100575,4.110873864173311,3.951243718581428,3.8712010109078903,4.07753744390572,3.80666248977032,4.060443010546419,3.9889840465642745,3.8918202981106265,3.58351893845611,3.9318256327243257,3.8712010109078903,3.80666248977032,3.828641396489095,3.784189633918261,3.8918202981106265,4.02535169073515,3.8501476017100575,3.8918202981106265,3.951243718581428,3.8501476017100575,3.828641396489095,4.02535169073515,3.6375861597263857,4.418840607796598,4.204692619390966,4.174387269895637,4.356708826689592,4.04305126783455,4.330733340286331,4.304065093204169,3.970291913552122,4.31748811353631,4.406719247264253,3.970291913552122,4.23410650459726,4.382026634673881,4.110873864173311,4.23410650459726,4.290459441148391,4.343805421853684,4.59511985013459,4.61512051684126,4.174387269895637,4.356708826689592,4.442651256490317,4.5217885770490405,4.248495242049359,4.248495242049359,4.262679877041316,3.951243718581428,4.219507705176107,4.51085950651685,4.330733340286331,4.48863636973214,4.382026634673881,3.6375861597263857
4.812184355372417,4.709530201312334,4.762173934797756,5.043425116919247,5.236441962829949,4.787491742782046,4.382026634673881,4.394449154672439,4.394449154672439,4.859812404361672,4.875197323201151,5.068904202220232,4.3694478524670215,4.382026634673881,4.343805421853684,6.429719478039138,5.3981627015177525,5.075173815233827,5.267858159063328,4.762173934797756,4.454347296253507,4.875197323201151,6.725033642166843,5.891644211825771,4.976733742420574,5.746203190540153,5.37989735354046,5.075173815233827,4.5217885770490405,6.641182169740591,5.713732805509369,4.897839799950911,5.003946305945459,4.499809670330265,4.653960350157523,4.927253685157205,4.663439094112067,4.304065093204169,4.605170185988092,4.983606621708336,4.691347882229144,4.23410650459726,4.51085950651685,4.394449154672439,4.219507705176107,4.59511985013459,5.247024072160486,4.663439094112067,5.673323267171493,5.214935757608986,4.787491742782046,4.499809670330265,5.043425116919247,5.303304908059076,5.043425116919247,4.983606621708336,5.062595033026967,4.770684624465665,5.14166355650266,5.087596335232384
8.531884740159228,7.895063498091573,7.964503363551548,8.458292083496076,8.806424063857868,8.57602797713713,8.712266432135355,8.314097335405807,8.170468578330674,8.530109416682784,8.634442751466477,9.679531170964893,8.79300509129753,8.362175469149628,8.789203094473724,8.54907938027856,8.492080490601163,9.155672970633876,8.880446450715093,8.723231274827508,8.623892810075294,8.531490496117062,8.644178203170727,8.689127655323706,9.195429759240428,10.00061426326685,8.553139318189707,8.287780027088433,8.448700194970938,7.971776122880628,8.445697189711167,8.502485562543963,8.2987883944492,8.403352374992478,8.550241045462437,8.04044688130311,8.297294370266917,7.917171988845776,8.480529207044645,8.46611040118692,8.105609402299896,8.019283792916793,8.005700678662542,7.948031990637284,7.904334842085095,7.942362237674335,8.061802274538348,8.174984532943087,7.980365765111246,8.058643712215618,8.329658067569396,8.012349639327795,8.448271745949816,8.80131894766524,9.001839097398843,8.996032669324372,9.094368195723762,9.689675328650802,9.196849781793684,9.024733424190698
1.791759469228055,2.5649493574615367,2.19722457733622,2.3978952727983707,2.3978952727983707,2.4849066497880004,2.639057329615259,0.0,2.4849066497880004,2.8903717578961645,2.079441541679836,2.4849066497880004,2.8903717578961645,2.19722457733622,2.4849066497880004,2.772588722239781,2.5649493574615367,2.70805020110221,2.5649493574615367,2.4849066497880004,3.218875824868201,3.4339872044851463,2.70805020110221,2.772588722239781,2.3978952727983707,2.3978952727983707,3.044522437723423,3.044522437723423,2.19722457733622,2.5649493574615367,1.9459101490553128,2.5649493574615367,2.19722457733622,2.079441541679836,1.791759469228055,2.3978952727983707,1.791759469228055,1.9459101490553128,2.079441541679836,2.995732273553991,3.1354942159291497,2.995732273553991,2.4849066497880004,3.367295829986474,2.4849066497880004,3.4339872044851463,5.488937726156687,5.181783550292085,8.410720946905721,9.078864009187797,8.601901919343192,7.976251943745623,5.855071922202427,4.477336814478207,4.204692619390966,3.7612001156935615,3.610917912644224,3.688879454113936,2.995732273553991,3.1780538303479458
2.079441541679836,2.19722457733622,1.3862943611198906,2.5649493574615367,1.791759469228055,2.3978952727983707,2.639057329615259,2.079441541679836,1.9459101490553128,2.302585092994046,2.079441541679836,1.791759469228055,0.6931471805599453,2.302585092994046,2.5649493574615367,1.3862943611198906,1.0986122886681096,1.0986122886681096,1.791759469228055,1.6094379124341005,1.791759469228055,2.3978952727983707,1.3862943611198906,1.6094379124341005,1.791759469228055,2.079441541679836,2.079441541679836,6.240275845170769,6.963189985870238,1.791759469228055,2.302585092994046,1.6094379124341005,2.19722457733622,1.3862943611198906,1.9459101490553128,2.19722457733622,1.0986122886681096,1.9459101490553128,1.9459101490553128,1.791759469228055,1.791759469228055,0.6931471805599453,1.6094379124341005,2.079441541679836,2.079441541679836,2.3978952727983707,2.19722457733622,1.3862943611198906,1.791759469228055,1.791759469228055,2.079441541679836,2.3978952727983707,1.0986122886681096,2.19722457733622,1.9459101490553128,2.302585092994046,1.791759469228055,2.19722457733622,1.3862943611198906,1.3862943611198906
3.367295829986474,2.079441541679836,1.6094379124341005,2.833213344056216,2.639057329615259,3.295836866004329,2.302585092994046,1.9459101490553128,3.555348061489413,1.9459101490553128,2.639057329615259,3.58351893845611,2.19722457733622,2.772588722239781,3.1354942159291497,4.04305126783455,2.19722457733622,2.639057329615259,2.4849066497880004,4.0943445622221,2.70805020110221,2.19722457733622,2.302585092994046,2.19722457733622,2.4849066497880004,2.302585092994046,3.332204510175204,2.772588722239781,3.58351893845611,3.737669618283368,2.5649493574615367,2.3978952727983707,3.1780538303479458,2.639057329615259,2.3978952727983707,2.5649493574615367,2.079441541679836,2.70805020110221,2.995732273553991,2.9444389791664403,3.688879454113936,2.8903717578961645,2.302585092994046,2.079441541679836,2.3978952727983707,2.9444389791664403,3.332204510175204,3.737669618283368,3.258096538021482,2.4849066497880004,3.367295829986474,3.258096538021482,4.0943445622221,2.9444389791664403,3.4011973816621555,2.9444389791664403,4.0943445622221,3.332204510175204,2.995732273553991,3.4339872044851463
1.791759469228055,1.6094379124341005,1.0986122886681096,1.6094379124341005,2.4849066497880004,2.5649493574615367,1.791759469228055,1.3862943611198906,1.6094379124341005,1.6094379124341005,1.3862943611198906,1.3862943611198906,1.6094379124341005,2.302585092994046,1.9459101490553128,2.079441541679836,2.3978952727983707,1.6094379124341005,0.6931471805599453,1.9459101490553128,1.6094379124341005,2.302585092994046,1.9459101490553128,1.3862943611198906,2.302585092994046,1.6094379124341005,2.5649493574615367,2.3978952727983707,1.9459101490553128,1.3862943611198906,2.70805020110221,2.4849066497880004,1.9459101490553128,1.0986122886681096,1.0986122886681096,1.3862943611198906,2.5649493574615367,1.6094379124341005,2.8903717578961645,2.639057329615259,2.70805020110221,2.3978952727983707,3.091042453358316,1.791759469228055,3.367295829986474,2.079441541679836,2.833213344056216,1.791759469228055,3.091042453358316,2.302585092994046,1.791759469228055,1.9459101490553128,2.19722457733622,2.4849066497880004,2.19722457733622,2.3978952727983707,3.332204510175204,2.5649493574615367,1.791759469228055,1.9459101490553128
4.700480365792417,4.127134385045092,4.356708826689592,4.394449154672439,4.442651256490317,4.406719247264253,4.406719247264253,3.828641396489095,4.262679877041316,4.442651256490317,3.912023005428146,3.8712010109078903,4.290459441148391,4.330733340286331,4.158883083359672,3.951243718581428,4.158883083359672,4.48863636973214,4.07753744390572,4.07753744390572,4.430816798843313,3.4011973816621555,4.110873864173311,4.418840607796598,4.634728988229636,4.382026634673881,4.859812404361672,5.0238805208462765,4.465908118654584,3.912023005428146,3.784189633918261,3.784189633918261,3.6635616461296463,4.174387269895637,4.204692619390966,4.219507705176107,4.330733340286331,4.060443010546419,3.784189633918261,3.80666248977032,3.828641396489095,4.07753744390572,3.951243718581428,4.248495242049359,4.3694478524670215,4.574710978503383,3.784189633918261,3.9889840465642745,3.8712010109078903,4.127134385045092,3.80666248977032,3.8501476017100575,3.828641396489095,4.653960350157523,4.110873864173311,4.219507705176107,3.8712010109078903,3.9889840465642745,3.555348061489413,3.5263605246161616
3.610917912644224,4.127134385045092,3.58351893845611,3.713572066704308,3.951243718581428,3.6375861597263857,3.784189633918261,3.6375861597263857,3.332204510175204,3.4657359027997265,3.951243718581428,3.951243718581428,3.5263605246161616,3.6375861597263857,3.970291913552122,3.295836866004329,3.688879454113936,3.258096538021482,3.5263605246161616,3.4339872044851463,3.295836866004329,3.5263605246161616,3.6635616461296463,3.6375861597263857,3.713572066704308,3.091042453358316,3.6375861597263857,3.6635616461296463,3.784189633918261,2.8903717578961645,3.295836866004329,3.1780538303479458,3.4011973816621555,3.610917912644224,3.295836866004329,3.044522437723423,3.610917912644224,3.1780538303479458,3.091042453358316,3.218875824868201,3.218875824868201,4.48863636973214,3.737669618283368,3.5263605246161616,3.1354942159291497,3.1354942159291497,2.8903717578961645,3.6635616461296463,3.295836866004329,3.6635616461296463,3.5263605246161616,3.218875824868201,3.044522437723423,3.258096538021482,3.332204510175204,3.737669618283368,3.58351893845611,3.5263605246161616,3.7612001156935615,3.737669618283368
2.19722457733622,2.19722457733622,0.6931471805599453,1.791759469228055,2.833213344056216,1.6094379124341005,2.079441541679836,1.791759469228055,1.791759469228055,1.0986122886681096,2.70805020110221,2.19722457733622,2.302585092994046,1.6094379124341005,2.4849066497880004,2.772588722239781,1.9459101490553128,2.302585092994046,2.5649493574615367,1.3862943611198906,2.4849066497880004,2.4849066497880004,1.791759469228055,1.9459101490553128,2.639057329615259,2.639057329615259,2.639057329615259,1.791759469228055,2.4849066497880004,2.302585092994046,2.19722457733622,2.772588722239781,3.8712010109078903,2.833213344056216,2.4849066497880004,1.791759469228055,1.9459101490553128,2.833213344056216,2.5649493574615367,1.9459101490553128,2.079441541679836,1.6094379124341005,2.302585092994046,4.990432586778736,2.19722457733622,2.5649493574615367,2.639057329615259,2.639057329615259,3.1354942159291497,2.5649493574615367,2.079441541679836,1.791759469228055,2.302585092994046,2.5649493574615367,2.3978952727983707,1.791759469228055,2.772588722239781,3.367295829986474,2.4849066497880004,2.19722457733622
4.3694478524670215,4.787491742782046,4.3694478524670215,4.158883083359672,4.499809670330265,4.955827057601261,4.990432586778736,4.795790545596741,4.997212273764115,5.476463551931511,4.997212273764115,5.476463551931511,7.21890970761906,10.292416692004194,6.703188113240863,5.525452939131784,5.225746673713202,4.5217885770490405,4.394449154672439,4.691347882229144,4.276666119016055,4.276666119016055,3.784189633918261,3.784189633918261,3.5263605246161616,3.6375861597263857,4.127134385045092,3.951243718581428,3.9889840465642745,3.737669618283368,3.737669618283368,3.5263605246161616,4.219507705176107,3.828641396489095,4.852030263919617,4.143134726391533,3.4657359027997265,3.332204510175204,3.091042453358316,3.8501476017100575,4.060443010546419,4.060443010546419,3.80666248977032,3.4657359027997265,3.258096538021482,2.639057329615259,3.4657359027997265,3.6635616461296463,3.258096538021482,3.555348061489413,3.367295829986474,2.995732273553991,2.70805020110221,3.1780538303479458,3.1354942159291497,3.80666248977032,3.4657359027997265,3.218875824868201,3.58351893845611,3.610917912644224
8.036573409707312,8.17131687471973,8.20903626577507,8.46168048148598,8.700014623251842,8.51699317141357,8.295798110636145,7.950149887652018,8.08394570229562,8.653470809708786,8.549466751966532,8.657824321155983,8.316300249036848,8.20685642839965,8.21851757748959,8.130353547431238,8.53070154144103,8.63141433550626,8.616857514529183,8.18004072349016,8.222016437202196,8.152774052744075,8.253488028345904,8.56483984488359,8.857941984804711,9.160519676992228,8.466320861042481,8.261526448396468,8.274866820685254,8.540909718033554,8.484049972822984,8.711772645605695,9.106866963499908,8.906664409770052,8.60300384782935,8.822911626354117,8.824677891164198,8.620110725422924,9.050758302151715,8.92930284224307,8.9001399880938,9.036463061964891,8.777555453213056,8.83884181343129,8.910450756416656,9.192583650386924,9.571017297294214,9.293117798433752,8.952734767106872,9.072686206677387,9.001962272862446,9.204925739274683,9.37873202323664,9.824714871370732,9.73701965966534,9.308646060760308,9.169934957341145,8.953381472167242,9.274441297382706,9.158625936289503
4.248495242049359,3.9318256327243257,3.6375861597263857,3.970291913552122,3.7612001156935615,3.737669618283368,3.4339872044851463,3.49650756146648,3.6375861597263857,4.276666119016055,4.343805421853684,3.970291913552122,3.367295829986474,3.737669618283368,3.4657359027997265,3.1354942159291497,3.5263605246161616,3.80666248977032,3.713572066704308,4.343805421853684,3.9318256327243257,3.332204510175204,3.58351893845611,3.6635616461296463,3.8918202981106265,3.80666248977032,4.248495242049359,4.007333185232471,3.367295829986474,3.332204510175204,3.6635616461296463,4.04305126783455,3.8501476017100575,4.584967478670572,3.4011973816621555,3.1354942159291497,3.218875824868201,3.218875824868201,3.610917912644224,4.02535169073515,4.219507705176107,3.80666248977032,3.688879454113936,3.9318256327243257,3.7612001156935615,4.007333185232471,4.110873864173311,4.204692619390966,4.04305126783455,4.290459441148391,4.844187086458591,4.48863636973214,4.430816798843313,5.627621113690637,4.672828834461906,6.821107472256465,5.41610040220442,4.68213122712422,5.288267030694535,4.51085950651685
8.318742252692399,8.391629968440892,8.449342524508063,8.558910784768106,8.916506080039204,8.460834457746854,8.41138813251926,8.503905297089302,8.637816633739977,8.68270762989381,8.931948346431495,9.35573857466554,9.353574540062093,9.358587948436384,9.370331108285123,9.668461179310146,10.25040504701888,10.457114011624814,10.517104394139263,10.325940873673147,10.016057021139623,9.748644966730458,9.684958338772663,9.396404915048972,9.618335609937972,9.812084729062784,9.626679476636223,9.053101595549691,8.868131713503033,8.86953877719374,8.59637398929068,8.676757761087575,8.851233902846035,8.68541582383069,8.536014945656826,8.45126704130007,8.545974992841689,8.254528881939745,8.145259566516865,8.33423142973486,8.107720061910534,7.892078421248119,7.969703583278656,7.845024417241484,7.611347717403621,7.627544390488503,7.688455356549944,7.68937110752969,7.501082124259871,7.519149957669823,7.44716835960004,7.306531398939505,7.160845906664299,7.355001921105257,7.566311014772463,7.515344571180436,7.593877844605118,7.534228326274089,7.30854279753919,7.222566018822171
7.194436851100335,7.21890970761906,7.139660335964919,6.774223886357614,7.069874128458572,7.2254814727822945,7.187657164114956,7.033506484287697,7.1891677384203225,7.102499355774649,6.911747300251674,7.112327444710911,7.389563953677635,7.273786317844895,7.292337176173877,7.145984467714388,7.078341579557671,6.833031732786201,7.233455418621439,7.242082359256962,7.210079628170788,7.110696122978827,7.034387929915503,6.930494765951626,6.81783057145415,6.97166860472579,7.313886831633462,7.260522598089852,7.113956109566034,7.150701457592526,7.02197642307216,6.79346613258001,6.928537818164665,7.122059881629142,7.133295954896068,7.122059881629142,7.063903961472068,6.922643891475888,6.733401891837359,7.00850518208228,7.210079628170788,7.172424577124845,7.158513997329321,7.030857476116121,6.825460036255307,6.626717749249025,6.829793737512425,7.085064293952548,6.959398512133975,7.040536390215956,6.913737350659685,6.802394763324311,6.396929655216146,6.784457062637643,6.766191714660351,7.007600613951853,6.915723448631314,6.825460036255307,6.774223886357614,6.444131256700441
0.0,0.0,0.0,0.0,0.0,0.0,0.0,0.0,0.0,0.0,0.0,0.0,0.0,0.0,0.0,0.0,0.0,0.0,0.0,0.0,0.0,0.0,0.0,0.0,0.0,0.0,0.0,0.0,0.0,0.0,0.0,0.0,0.0,0.0,0.0,0.0,0.0,0.0,0.0,0.0,0.0,0.0,0.0,0.0,0.0,0.0,0.0,0.0,0.0,0.0,0.0,0.0,0.0,0.0,0.0,0.0,0.0,0.0,0.0,0.0
4.382026634673881,4.553876891600541,4.74493212836325,6.182084906716632,4.770684624465665,4.867534450455582,5.627621113690637,4.709530201312334,4.499809670330265,4.890349128221754,4.406719247264253,4.204692619390966,4.59511985013459,4.691347882229144,4.6443908991413725,4.382026634673881,4.605170185988092,5.293304824724492,5.147494476813453,4.276666119016055,4.6443908991413725,4.276666119016055,4.304065093204169,4.189654742026425,4.804021044733257,4.110873864173311,4.0943445622221,4.304065093204169,4.07753744390572,3.8918202981106265,4.394449154672439,4.634728988229636,5.075173815233827,4.574710978503383,4.51085950651685,4.59511985013459,4.5217885770490405,4.61512051684126,4.875197323201151,4.61512051684126,4.564348191467836,4.68213122712422,4.68213122712422,4.955827057601261,4.6443908991413725,4.919980925828125,4.553876891600541,4.882801922586371,4.691347882229144,4.859812404361672,4.406719247264253,4.406719247264253,4.948759890378168,4.110873864173311,3.8918202981106265,6.317164686747284,4.709530201312334,4.343805421853684,4.691347882229144,4.204692619390966
1.9459101490553128,3.044522437723423,1.791759469228055,2.3978952727983707,1.6094379124341005,2.4849066497880004,2.3978952727983707,1.6094379124341005,2.302585092994046,1.791759469228055,1.9459101490553128,2.19722457733622,2.4849066497880004,1.9459101490553128,1.0986122886681096,1.9459101490553128,0.6931471805599453,1.9459101490553128,1.791759469228055,1.791759469228055,1.3862943611198906,1.791759469228055,2.079441541679836,1.791759469228055,1.9459101490553128,2.833213344056216,1.9459101490553128,2.302585092994046,1.9459101490553128,1.3862943611198906,1.3862943611198906,1.3862943611198906,1.6094379124341005,1.9459101490553128,0.0,2.5649493574615367,1.6094379124341005,2.4849066497880004,1.6094379124341005,1.0986122886681096,1.3862943611198906,1.3862943611198906,1.9459101490553128,2.079441541679836,1.9459101490553128,1.9459101490553128,0.6931471805599453,1.791759469228055,1.9459101490553128,1.9459101490553128,2.19722457733622,1.3862943611198906,2.079441541679836,2.19722457733622,1.791759469228055,1.3862943611198906,2.19722457733622,1.791759469228055,1.6094379124341005,2.833213344056216
4.356708826689592,3.970291913552122,4.0943445622221,4.406719247264253,4.07753744390572,4.158883083359672,4.189654742026425,4.31748811353631,4.465908118654584,4.68213122712422,4.51085950651685,4.634728988229636,4.406719247264253,4.382026634673881,4.553876891600541,4.0943445622221,4.219507705176107,4.204692619390966,4.574710978503383,4.465908118654584,4.543294782270004,4.3694478524670215,4.6443908991413725,4.718498871295094,4.919980925828125,4.382026634673881,4.007333185232471,4.382026634673881,4.51085950651685,4.0943445622221,4.158883083359672,4.406719247264253,3.9889840465642745,4.51085950651685,4.276666119016055,3.9318256327243257,4.51085950651685,4.564348191467836,4.653960350157523,4.204692619390966,4.31748811353631,4.867534450455582,4.276666119016055,4.406719247264253,4.543294782270004,4.382026634673881,4.543294782270004,4.442651256490317,4.418840607796598,4.418840607796598,4.127134385045092,4.262679877041316,4.343805421853684,4.356708826689592,4.382026634673881,4.3694478524670215,4.330733340286331,4.343805421853684,4.07753744390572,4.219507705176107
1.3862943611198906,1.9459101490553128,1.6094379124341005,2.19722457733622,1.6094379124341005,1.0986122886681096,1.0986122886681096,2.079441541679836,0.0,1.3862943611198906,1.791759469228055,1.3862943611198906,0.0,1.791759469228055,1.3862943611198906,2.302585092994046,1.791759469228055,1.0986122886681096,1.791759469228055,1.3862943611198906,2.19722457733622,1.9459101490553128,1.3862943611198906,2.079441541679836,1.3862943611198906,2.4849066497880004,1.6094379124341005,1.6094379124341005,1.3862943611198906,0.6931471805599453,1.3862943611198906,1.3862943611198906,1.3862943611198906,1.6094379124341005,1.9459101490553128,1.3862943611198906,1.0986122886681096,1.6094379124341005,1.3862943611198906,0.6931471805599453,2.4849066497880004,1.0986122886681096,1.6094379124341005,1.3862943611198906,2.19722457733622,1.0986122886681096,0.6931471805599453,1.9459101490553128,1.3862943611198906,2.4849066497880004,0.6931471805599453,1.3862943611198906,2.079441541679836,1.0986122886681096,1.0986122886681096,1.9459101490553128,1.0986122886681096,2.079441541679836,1.9459101490553128,2.995732273553991
8.156223323194624,8.076826031298808,8.071218539969863,7.923710333969238,8.08394570229562,8.049746290952191,7.898039690764619,8.143226750367443,8.08487062913819,8.060855752934316,8.01862546504575,8.127109185346375,8.049746290952191,7.87777633327726,7.978310969867722,7.949797216161852,7.934513463882263,7.808323050391055,7.967973179662935,7.915348169263078,7.905810312658931,8.019941687677365,8.020927718981577,8.059908334578276,7.90100705199242,8.039802343736485,8.038189179973203,7.957177323459475,8.087332926473351,8.052933036797567,8.107418811719974,7.959974528080536,8.029758520440822,8.020927718981577,8.012018239159062,8.10349427838097,8.177515823846075,8.1886891244442,7.928766321626695,8.07961802938984,7.970394907191429,7.929126487306799,7.956827122090111,7.991253929840198,8.103191752285786,7.833203948641057,7.883069351305753,7.984462732262196,7.921898411023797,7.845416036592485,7.820439515262181,7.683863980256429,7.542213463193403,7.392647520721623,7.869019376499024,7.914983005848394,7.872073979866873,7.793999089503996,7.709756864454165,7.573017256052546
5.204006687076795,5.068904202220232,6.398594934535208,6.09807428216624,6.001414877961151,5.278114659230518,5.176149732573829,5.267858159063328,5.170483995038151,5.541263545158426,5.849324779946859,5.645446897643238,4.820281565605037,4.90527477843843,5.209486152841421,5.3471075307174685,5.298317366548036,5.560681631015528,5.659482215759621,6.490723534502507,5.407171771460119,5.117993812416755,5.135798437050262,5.017279836814924,5.424950017481403,6.495265555937008,6.492239835020471,5.733341276897746,5.247024072160486,5.501258210544727,5.602118820879701,5.771441123130016,6.259581464064923,5.659482215759621,5.424950017481403,5.327876168789581,6.192362489474872,5.683579767338681,6.07993319509559,6.212606095751519,5.476463551931511,5.484796933490655,5.641907070938114,5.501258210544727,5.37989735354046,5.733341276897746,5.929589143389895,5.579729825986222,5.602118820879701,5.3612921657094255,5.214935757608986,5.966146739123692,5.579729825986222,6.259581464064923,6.352629396319567,6.184148890937483,6.257667587882639,6.335054251498059,6.226536669287466,5.817111159963204
1.9459101490553128,1.0986122886681096,2.19722457733622,1.9459101490553128,2.079441541679836,2.833213344056216,1.6094379124341005,1.3862943611198906,1.0986122886681096,2.079441541679836,2.19722457733622,2.079441541679836,1.6094379124341005,1.791759469228055,1.9459101490553128,2.079441541679836,1.0986122886681096,1.9459101490553128,0.6931471805599453,1.3862943611198906,2.19722457733622,2.079441541679836,1.9459101490553128,1.0986122886681096,1.9459101490553128,1.791759469228055,2.19722457733622,1.6094379124341005,1.3862943611198906,2.5649493574615367,2.4849066497880004,2.639057329615259,0.6931471805599453,2.302585092994046,1.3862943611198906,2.19722457733622,1.3862943611198906,1.9459101490553128,1.9459101490553128,0.6931471805599453,1.3862943611198906,2.19722457733622,0.0,2.302585092994046,2.19722457733622,2.302585092994046,2.19722457733622,1.3862943611198906,2.19722457733622,2.19722457733622,1.791759469228055,1.791759469228055,1.791759469228055,1.9459101490553128,2.70805020110221,1.9459101490553128,1.0986122886681096,1.9459101490553128,2.995732273553991,2.833213344056216
2.9444389791664403,3.9889840465642745,3.1780538303479458,3.091042453358316,4.59511985013459,3.4011973816621555,3.367295829986474,2.772588722239781,3.044522437723423,4.110873864173311,4.007333185232471,2.70805020110221,3.295836866004329,4.110873864173311,3.218875824868201,2.4849066497880004,2.8903717578961645,2.70805020110221,2.833213344056216,2.70805020110221,4.997212273764115,3.295836866004329,4.02535169073515,4.454347296253507,4.04305126783455,2.9444389791664403,3.258096538021482,3.1354942159291497,4.23410650459726,3.9318256327243257,4.897839799950911,3.1780538303479458,2.833213344056216,2.8903717578961645,2.772588722239781,5.247024072160486,3.044522437723423,2.995732273553991,3.091042453358316,2.70805020110221,3.555348061489413,2.995732273553991,3.828641396489095,2.9444389791664403,3.688879454113936,3.4339872044851463,3.295836866004329,3.258096538021482,3.610917912644224,3.555348061489413,4.060443010546419,4.127134385045092,4.143134726391533,2.995732273553991,3.367295829986474,3.8712010109078903,3.091042453358316,3.555348061489413,2.639057329615259,2.5649493574615367
6.735780014242327,6.994849985833071,6.675823221634848,6.918695219020472,8.165079258805068,7.342779189331845,6.966024187106113,6.82001636467413,6.76849321164863,6.648984550024776,7.064759027791802,7.749753406274437,7.213768308118642,6.961296045910167,7.134093721192866,7.077498053569231,7.113142108707088,7.05444965813294,7.852827812281744,7.59890045687141,7.217443431696533,7.487173694213739,7.134093721192866,7.55171221535131,7.288244401020124,7.750614732770409,7.336285660021297,7.466799475018602,7.1592919047975645,7.125283091510712,7.262628600974241,7.247080584585756,7.814803429489359,7.549609165154532,7.210079628170788,7.00669522683704,7.044032897274685,6.915723448631314,7.344719054149673,8.101980731853192,7.437206366871292,7.455876687491824,7.490529402060711,7.149916836132109,7.111512116496157,7.313220387090301,8.213381737034572,8.387084506069217,8.007700012884026,7.373374309910049,7.270312886079025,7.282073658093465,7.311886164077165,6.960347729101308,6.790097235513905,6.957497370876951,6.858565034791365,6.694562058521095,7.6246189861593985,6.947937068614969
0.0,0.0,0.6931471805599453,0.6931471805599453,0.0,0.0,0.0,0.6931471805599453,0.0,0.0,0.0,0.0,0.0,0.0,0.0,1.0986122886681096,0.0,0.6931471805599453,0.0,0.4054651081081644,0.6931471805599453,0.4054651081081644,0.0,0.6931471805599453,1.3862943611198906,0.6931471805599453,0.0,0.6931471805599453,0.6931471805599453,0.6931471805599453,0.6931471805599453,0.0,0.9162907318741552,1.3862943611198906,0.9162907318741552,0.0,0.6931471805599453,0.6931471805599453,0.6931471805599453,1.0986122886681096,1.0986122886681096,0.0,0.0,0.0,0.6931471805599453,0.0,0.0,0.0,0.6931471805599453,0.6931471805599453,0.6931471805599453,0.5108256237659907,0.2876820724517809,0.0,1.0986122886681096,0.6931471805599453,0.0,0.0,0.6931471805599453,0.6931471805599453
3.7612001156935615,3.7612001156935615,3.9889840465642745,3.4339872044851463,3.828641396489095,4.248495242049359,3.8918202981106265,3.80666248977032,3.80666248977032,3.58351893845611,3.6635616461296463,3.8501476017100575,3.951243718581428,4.060443010546419,3.9318256327243257,3.7612001156935615,3.8712010109078903,4.060443010546419,3.8501476017100575,3.8918202981106265,4.007333185232471,4.3694478524670215,3.9318256327243257,3.9889840465642745,3.8918202981106265,4.189654742026425,4.158883083359672,3.8918202981106265,4.343805421853684,3.80666248977032,4.158883083359672,3.7612001156935615,4.158883083359672,3.713572066704308,3.970291913552122,4.143134726391533,3.80666248977032,3.737669618283368,3.7612001156935615,3.912023005428146,4.127134385045092,4.290459441148391,4.204692619390966,4.189654742026425,4.499809670330265,4.158883083359672,3.80666248977032,4.276666119016055,4.430816798843313,3.8712010109078903,3.9889840465642745,4.07753744390572,4.356708826689592,3.9318256327243257,3.784189633918261,4.02535169073515,4.219507705176107,4.158883083359672,3.970291913552122,4.110873864173311
3.258096538021482,3.49650756146648,3.555348061489413,3.555348061489413,3.828641396489095,4.007333185232471,3.4011973816621555,3.5263605246161616,3.6635616461296463,3.332204510175204,3.4339872044851463,3.49650756146648,3.49650756146648,3.295836866004329,3.258096538021482,3.6635616461296463,2.995732273553991,3.367295829986474,3.610917912644224,3.5263605246161616,3.367295829986474,3.49650756146648,3.4011973816621555,3.091042453358316,3.1354942159291497,3.49650756146648,2.8903717578961645,3.1780538303479458,3.58351893845611,3.258096538021482,3.4657359027997265,2.833213344056216,3.4339872044851463,2.995732273553991,2.9444389791664403,3.044522437723423,3.091042453358316,3.367295829986474,3.218875824868201,3.218875824868201,2.8903717578961645,3.367295829986474,3.4011973816621555,2.8903717578961645,3.367295829986474,3.091042453358316,3.091042453358316,3.367295829986474,3.295836866004329,2.9444389791664403,2.995732273553991,3.713572066704308,2.833213344056216,3.784189633918261,3.688879454113936,3.295836866004329,3.091042453358316,3.295836866004329,3.80666248977032,3.044522437723423
6.68586094706836,6.579251212010101,6.754604099487962,6.863803391452954,6.941190055068375,6.573680166960646,6.508769136971682,6.218600119691729,6.326149473155099,6.3784261836515865,6.55250788703459,6.699500340161678,6.373319789577012,6.274762021241939,6.269096283706261,6.423246963533519,6.309918278226516,6.542471960506805,6.754604099487962,6.473890696352274,6.436150368369428,6.437751649736401,6.333279628139691,6.396929655216146,6.505784060128229,6.862757913051401,6.432940092739179,6.467698726104354,6.272877006546167,6.349138991379798,6.431331081933479,6.628041376179533,6.792344427470809,6.352629396319567,6.419994928147142,6.282266746896006,6.246106765481563,6.39024066706535,6.665683717782408,6.669498089857879,6.459904454377535,6.373319789577012,6.257667587882639,6.309918278226516,6.331501849893691,6.565264970035361,6.698268054115413,6.434546518787453,6.317164686747284,6.410174881966167,6.466144724237619,6.320768294250582,6.721425700790643,6.660575149839686,6.413458957167357,6.373319789577012,6.335054251498059,6.3784261836515865,6.385194398997726,6.137727054086234
7.790282380703483,7.687997166393016,7.535830462798367,7.643003635560718,8.11701408773731,8.166216268592143,7.689828668736484,7.6246189861593985,7.650168700845001,7.488293515159428,7.57198844937744,7.842278779117352,7.685703061234547,7.5569505720129,7.726653664847642,7.662467815200237,7.52294091807237,7.509335266016592,7.683863980256429,7.488852955733459,7.709756864454165,7.510977752014095,7.372118028337787,7.289610521451167,7.92588031673756,7.664346632098617,7.693025748417888,7.813591552952433,7.716015266642587,7.390798521735676,7.285506548522786,7.669495251007694,7.529943370601589,7.38025578842646,7.519692404116539,7.428333194190806,7.841492924460013,7.377758908227872,7.363913501405819,7.560601162768557,7.627057417018934,7.500529485395295,7.771488760117616,7.493317248862145,7.319202458767849,7.40671073017764,7.619233416226805,7.467942332285852,7.693025748417888,7.465082736399547,7.303843225277705,7.215975002651466,7.491645473605133,7.75833346749091,8.337827262447915,7.830425617820331,7.794411205726601,7.628517626575055,7.401231264413015,7.300472814267799
5.2574953720277815,5.236441962829949,5.159055299214529,4.61512051684126,5.099866427824199,5.236441962829949,5.231108616854587,5.556828061699537,5.41610040220442,4.867534450455582,4.882801922586371,5.0369526024136295,5.365976015021851,5.342334251964811,5.298317366548036,5.147494476813453,4.983606621708336,5.2574953720277815,4.941642422609304,5.225746673713202,5.2574953720277815,5.049856007249537,5.056245805348308,4.77912349311153,4.859812404361672,4.8283137373023015,5.438079308923196,5.41164605185504,5.308267697401205,5.1647859739235145,5.41610040220442,5.247024072160486,5.3230099791384085,5.442417710521793,5.384495062789089,5.402677381872279,5.37989735354046,5.37989735354046,4.997212273764115,5.017279836814924,5.488937726156687,5.147494476813453,5.267858159063328,5.14166355650266,5.010635294096256,4.804021044733257,4.941642422609304,5.117993812416755,5.241747015059643,5.10594547390058,5.043425116919247,4.859812404361672,4.875197323201151,5.099866427824199,5.236441962829949,5.3706380281276624,5.262690188904886,5.14166355650266,5.288267030694535,5.236441962829949
9.254357257392956,8.972463821059907,8.994296557777195,8.921324076511265,9.01627006814768,9.008346579384709,8.981807323377534,9.090317329376452,9.060563446657955,8.977020214210413,8.979542601725113,9.033841828485016,9.0583540149783,9.050640993218508,9.031213706078749,8.982686665184087,9.130864170474386,8.998260393017953,9.2299469016151,9.034676602846297,9.06496771896043,8.987071812848821,8.864464055279676,8.948066103458935,9.227099155791135,9.155356063643422,9.005159521036145,9.007856923358275,8.946505025998682,8.912473274466036,8.848078421168667,8.69751274553952,8.833025307284364,9.074749717669835,9.220488703027998,9.146974496354362,8.967249182852276,8.868131713503033,8.807172622916703,8.804175018753625,8.882946799288174,8.940629184845639,8.77770959579525,8.797397374012059,8.811503250158239,8.862200330487287,8.82790796297859,8.79966169681513,8.858368636308018,8.75384509275524,8.851520271691061,8.775858314797526,8.701180027529253,8.661466680572662,8.907476977528738,9.189321004752108,8.998631198287637,9.092457331319466,8.911934336161426,9.504277838590472
2.302585092994046,2.772588722239781,2.772588722239781,2.772588722239781,2.4849066497880004,2.70805020110221,2.079441541679836,2.19722457733622,2.833213344056216,2.079441541679836,2.995732273553991,2.9444389791664403,2.4849066497880004,2.19722457733622,2.70805020110221,3.1780538303479458,2.079441541679836,2.772588722239781,2.70805020110221,2.302585092994046,2.5649493574615367,2.4849066497880004,3.091042453358316,2.19722457733622,3.6635616461296463,2.8903717578961645,2.8903717578961645,2.3978952727983707,2.19722457733622,6.2878585601617845,7.397561535524052,5.010635294096256,3.6375861597263857,2.8903717578961645,5.170483995038151,3.970291913552122,3.1780538303479458,2.833213344056216,2.5649493574615367,3.258096538021482,3.091042453358316,2.772588722239781,3.1354942159291497,2.772588722239781,2.70805020110221,2.4849066497880004,2.19722457733622,2.9444389791664403,2.995732273553991,2.079441541679836,2.19722457733622,2.4849066497880004,7.256297239690681,5.37989735354046,3.258096538021482,2.4849066497880004,2.833213344056216,2.3978952727983707,2.3978952727983707,1.9459101490553128
3.1354942159291497,2.3978952727983707,3.1354942159291497,2.833213344056216,2.772588722239781,3.9889840465642745,3.044522437723423,2.995732273553991,2.302585092994046,3.332204510175204,3.258096538021482,3.332204510175204,2.5649493574615367,2.3978952727983707,2.4849066497880004,2.8903717578961645,2.833213344056216,3.091042453358316,3.044522437723423,2.833213344056216,2.8903717578961645,3.218875824868201,2.772588722239781,3.1354942159291497,3.091042453358316,2.833213344056216,3.1780538303479458,3.044522437723423,3.091042453358316,4.02535169073515,4.718498871295094,3.784189633918261,3.4657359027997265,3.367295829986474,3.367295829986474,3.4657359027997265,3.5263605246161616,3.4011973816621555,3.610917912644224,3.713572066704308,3.58351893845611,3.4011973816621555,3.258096538021482,3.58351893845611,3.555348061489413,3.49650756146648,3.5263605246161616,3.49650756146648,3.4657359027997265,3.737669618283368,3.4011973816621555,3.332204510175204,3.555348061489413,3.295836866004329,3.58351893845611,3.713572066704308,3.4339872044851463,3.332204510175204,3.1354942159291497,3.258096538021482
3.1780538303479458,5.43372200355424,5.605802066295998,3.9889840465642745,4.770684624465665,3.367295829986474,4.290459441148391,4.990432586778736,5.308267697401205,4.499809670330265,4.624972813284271,3.610917912644224,3.218875824868201,4.158883083359672,5.429345628954441,3.6635616461296463,4.304065093204169,5.111987788356544,4.110873864173311,5.365976015021851,5.176149732573829,4.61512051684126,4.997212273764115,4.204692619390966,3.218875824868201,4.454347296253507,4.465908118654584,4.23410650459726,3.737669618283368,4.867534450455582,4.189654742026425,3.970291913552122,3.1780538303479458,3.951243718581428,3.951243718581428,4.770684624465665,4.962844630259907,3.367295829986474,3.6375861597263857,3.737669618283368,4.465908118654584,2.8903717578961645,3.1780538303479458,4.770684624465665,4.532599493153256,3.828641396489095,3.713572066704308,5.552959584921617,3.6635616461296463,3.295836866004329,4.7535901911063645,3.610917912644224,3.9318256327243257,3.091042453358316,4.762173934797756,5.497168225293202,4.990432586778736,4.07753744390572,4.553876891600541,5.37989735354046
2.19722457733622,1.791759469228055,1.6094379124341005,1.791759469228055,1.791759469228055,2.079441541679836,2.079441541679836,1.791759469228055,1.9459101490553128,2.639057329615259,2.079441541679836,2.079441541679836,2.079441541679836,1.6094379124341005,2.9444389791664403,3.49650756146648,3.49650756146648,2.9444389791664403,3.258096538021482,3.4011973816621555,3.9318256327243257,3.688879454113936,3.367295829986474,3.218875824868201,3.4657359027997265,3.091042453358316,3.091042453358316,3.367295829986474,2.639057329615259,2.639057329615259,3.9318256327243257,3.332204510175204,2.70805020110221,3.610917912644224,2.5649493574615367,2.639057329615259,2.4849066497880004,1.9459101490553128,1.6094379124341005,1.6094379124341005,1.9459101490553128,2.3978952727983707,2.302585092994046,2.19722457733622,2.70805020110221,2.639057329615259,1.9459101490553128,2.19722457733622,1.9459101490553128,2.3978952727983707,2.079441541679836,2.5649493574615367,2.302585092994046,2.772588722239781,2.8903717578961645,2.995732273553991,2.772588722239781,2.772588722239781,1.6094379124341005,1.791759469228055
7.234898420314831,7.198931240688173,7.261927092702751,7.245655067594535,7.382124365737512,7.256297239690681,7.203405521083095,7.255591274253665,7.22983877815125,7.213768308118642,7.275864600546533,7.243512974665482,7.170119543449628,7.191429330036379,7.193685818395112,7.240649694255466,7.173191742486599,7.289610521451167,7.403670290012373,7.312553498102598,7.208600337960199,7.154615356913663,7.1891677384203225,7.201170883281678,7.273092595999522,7.336936913707618,7.266128779556451,7.242082359256962,7.220373836723949,7.186901020411631,7.261927092702751,7.301822342137932,7.38770923908104,7.299797366758161,7.275172319452771,7.334981878871814,7.274479558773871,7.239932591320469,7.38770923908104,7.389563953677635,7.293697720601438,7.244941546337007,7.232010331664759,7.282761179605593,7.22983877815125,7.266128779556451,7.360739903058278,7.301822342137932,7.200424892944957,7.200424892944957,7.1846291527173145,7.23561914106675,7.245655067594535,7.221105098182496,7.198183577101943,7.201170883281678,7.131698510466912,7.157735484249907,7.030857476116121,6.639875833826536
3.258096538021482,2.70805020110221,2.19722457733622,2.19722457733622,2.639057329615259,2.995732273553991,4.060443010546419,3.49650756146648,2.70805020110221,2.079441541679836,3.091042453358316,1.6094379124341005,3.218875824868201,3.610917912644224,3.332204510175204,2.4849066497880004,3.091042453358316,3.044522437723423,4.158883083359672,2.8903717578961645,2.3978952727983707,2.079441541679836,2.833213344056216,2.833213344056216,2.772588722239781,3.8501476017100575,2.8903717578961645,2.4849066497880004,3.4011973816621555,3.1354942159291497,2.302585092994046,2.3978952727983707,2.833213344056216,2.302585092994046,2.772588722239781,3.6375861597263857,2.19722457733622,2.772588722239781,2.639057329615259,2.3978952727983707,2.833213344056216,1.6094379124341005,2.19722457733622,3.1354942159291497,2.5649493574615367,2.70805020110221,2.4849066497880004,2.833213344056216,3.1780538303479458,2.70805020110221,2.302585092994046,2.079441541679836,2.70805020110221,2.3978952727983707,2.4849066497880004,2.4849066497880004,3.555348061489413,2.19722457733622,3.784189633918261,3.4339872044851463
5.556828061699537,5.942799375126701,5.908082938168931,5.659482215759621,5.66988092298052,6.398594934535208,6.335054251498059,6.259581464064923,6.309918278226516,5.937536205082426,5.468060141135132,5.713732805509369,6.324358962381311,6.349138991379798,6.045005314036012,6.028278520230698,5.755742213586912,5.241747015059643,5.278114659230518,5.641907070938114,5.855071922202427,6.059123195581797,5.802118375377063,11.847374227175797,5.241747015059643,5.393627546352361,5.700443573390686,5.817111159963204,6.100318952020064,5.872117789475416,5.683579767338681,5.225746673713202,5.438079308923196,5.846438775057724,5.87493073085203,5.8522024797744745,5.697093486505405,5.375278407684165,5.176149732573829,4.969813299576001,5.480638923341991,5.645446897643238,5.5909869805108565,5.484796933490655,5.123963979403259,4.700480365792417,4.912654885736052,5.231108616854587,5.247024072160486,4.927253685157205,5.886104031450156,4.859812404361672,4.442651256490317,3.9889840465642745,4.882801922586371,5.204006687076795,4.927253685157205,5.645446897643238,4.844187086458591,4.418840607796598
2.079441541679836,0.6931471805599453,1.791759469228055,2.5649493574615367,2.19722457733622,2.5649493574615367,1.791759469228055,1.6094379124341005,2.19722457733622,2.4849066497880004,1.791759469228055,2.079441541679836,2.19722457733622,1.791759469228055,1.791759469228055,2.079441541679836,2.19722457733622,2.19722457733622,2.079441541679836,2.19722457733622,2.302585092994046,1.791759469228055,2.4849066497880004,1.9459101490553128,2.833213344056216,2.639057329615259,1.0986122886681096,1.9459101490553128,1.791759469228055,2.079441541679836,2.19722457733622,1.9459101490553128,2.5649493574615367,2.079441541679836,2.4849066497880004,1.791759469228055,2.639057329615259,2.995732273553991,2.3978952727983707,2.4849066497880004,2.19722457733622,2.079441541679836,2.70805020110221,2.19722457733622,2.4849066497880004,2.19722457733622,2.3978952727983707,2.302585092994046,2.639057329615259,2.19722457733622,2.4849066497880004,2.079441541679836,1.6094379124341005,1.791759469228055,2.302585092994046,2.772588722239781,2.70805020110221,2.833213344056216,2.639057329615259,1.3862943611198906
7.1372784372603855,7.044905117129371,6.870053411798126,6.322565239927284,6.442540166468199,7.162397497355718,7.085901464365611,6.852242569051878,7.034387929915503,6.796823718274855,6.444131256700441,6.6240652277998935,7.182352111885263,7.1592919047975645,7.221105098182496,7.0967213784947605,7.00488198971286,6.263398262591624,6.439350371100098,7.04141166379481,7.035268599281097,7.04141166379481,6.993932975223189,6.961296045910167,6.320768294250582,6.3818160174060985,7.121252453244542,7.04141166379481,7.0925737159746784,7.0192966537150445,6.811244378601294,6.548219102762372,6.419994928147142,7.171656822768514,7.1180162044653335,7.118826249062078,7.064759027791802,6.821107472256465,6.270988431858299,6.437751649736401,7.364547014255642,7.1049654482698426,7.148345743900068,7.118826249062078,6.912742820493176,6.244166900663736,6.371611847231857,7.228388451573604,6.9985096422506015,7.074116816197362,6.927557906278317,6.731018100482083,6.09807428216624,6.148468295917647,6.373319789577012,6.779921907472252,6.891625897052253,6.687108607866515,6.664409020350408,6.16541785423142
0.0,2.639057329615259,1.0986122886681096,0.0,0.0,0.0,0.6931471805599453,0.6931471805599453,0.6931471805599453,2.3978952727983707,1.0986122886681096,1.791759469228055,1.0986122886681096,1.791759469228055,1.791759469228055,1.9459101490553128,2.19722457733622,2.639057329615259,1.3862943611198906,1.0986122886681096,2.079441541679836,2.302585092994046,2.19722457733622,1.9459101490553128,2.4849066497880004,2.70805020110221,1.791759469228055,1.6094379124341005,1.9459101490553128,2.3978952727983707,2.70805020110221,1.9459101490553128,1.9459101490553128,2.19722457733622,2.19722457733622,1.6094379124341005,1.6094379124341005,1.6094379124341005,1.6094379124341005,2.19722457733622,2.19722457733622,2.3978952727983707,1.791759469228055,0.6931471805599453,1.9459101490553128,2.19722457733622,1.9459101490553128,1.6094379124341005,1.791759469228055,1.3862943611198906,1.791759469228055,2.639057329615259,1.9459101490553128,1.3862943611198906,1.791759469228055,2.079441541679836,1.9459101490553128,1.3862943611198906,2.772588722239781,2.639057329615259
5.84354441703136,5.666426688112432,5.703782474656201,6.156978985585555,6.2766434893416445,6.045005314036012,5.700443573390686,5.342334251964811,5.602118820879701,5.5909869805108565,6.419994928147142,6.07993319509559,5.973809611869261,5.703782474656201,5.537334267018537,5.529429087511423,5.476463551931511,5.53338948872752,5.986452005284438,5.673323267171493,5.356586274672012,5.37989735354046,5.262690188904886,5.170483995038151,6.4457198193855785,5.996452088619021,6.29156913955832,5.978885764901122,5.402677381872279,5.37989735354046,5.303304908059076,5.3471075307174685,5.749392985908253,5.568344503761097,5.1298987149230735,5.262690188904886,5.247024072160486,5.3706380281276624,5.493061443340548,5.58724865840025,5.525452939131784,5.10594547390058,5.204006687076795,5.293304824724492,5.298317366548036,5.3230099791384085,5.5093883366279774,6.0330862217988015,6.150602768446279,5.641907070938114,5.43372200355424,5.365976015021851,5.313205979041787,7.466227556215481,7.215239978730097,6.395261598115449,6.135564891081739,6.648984550024776,6.192362489474872,5.908082938168931
6.548219102762372,7.171656822768514,6.393590753950631,7.00669522683704,6.705639094860003,6.53813982376767,8.138272638530186,7.280697195384741,6.745236349484362,6.689599269178967,6.586171654854675,7.378383712996714,6.530877627725885,6.763884908562435,6.459904454377535,6.51471269087253,6.496774990185863,6.593044534142437,6.664409020350408,6.236369590203704,7.293697720601438,7.1180162044653335,7.52294091807237,7.154615356913663,6.856461984594587,8.00836557031292,7.643003635560718,6.881411303642535,7.346655163176539,6.78897174299217,6.848005274576363,6.525029657843462,7.465082736399547,7.138866999945524,6.8416154764775925,6.863803391452954,6.815639990074331,6.54534966033442,6.78105762593618,7.124478262493424,6.349138991379798,6.535241271013659,6.46302945692067,6.953684210870537,6.582025138892826,6.459904454377535,6.428105272684596,6.464588303689961,7.492203042618741,6.473890696352274,6.391917113392602,8.271292652979412,7.798523053625206,7.934871565945176,6.827629234502852,6.977281341630747,6.782192056006791,7.174724309836376,7.803435056952168,9.14825217966276
0.6931471805599453,0.6931471805599453,0.6931471805599453,0.6931471805599453,0.6931471805599453,0.6931471805599453,0.6931471805599453,0.6931471805599453,0.6931471805599453,0.6931471805599453,0.6931471805599453,0.6931471805599453,0.6931471805599453,0.6931471805599453,0.6931471805599453,0.6931471805599453,0.6931471805599453,0.6931471805599453,0.6931471805599453,0.6931471805599453,0.6931471805599453,0.6931471805599453,0.6931471805599453,0.6931471805599453,0.6931471805599453,0.6931471805599453,0.6931471805599453,0.6931471805599453,0.6931471805599453,0.6931471805599453,0.6931471805599453,0.6931471805599453,0.6931471805599453,0.6931471805599453,0.6931471805599453,0.6931471805599453,0.6931471805599453,0.6931471805599453,0.6931471805599453,0.6931471805599453,0.6931471805599453,0.6931471805599453,0.6931471805599453,0.6931471805599453,0.6931471805599453,0.6931471805599453,0.6931471805599453,0.6931471805599453,0.6931471805599453,0.6931471805599453,0.6931471805599453,0.6931471805599453,0.6931471805599453,0.6931471805599453,0.6931471805599453,0.6931471805599453,0.6931471805599453,0.6931471805599453,0.6931471805599453,0.6931471805599453
4.727387818712341,5.123963979403259,4.672828834461906,5.068904202220232,5.181783550292085,4.584967478670572,4.820281565605037,4.795790545596741,4.727387818712341,4.532599493153256,5.0369526024136295,4.804021044733257,4.867534450455582,4.852030263919617,4.6443908991413725,4.574710978503383,4.48863636973214,4.812184355372417,5.402677381872279,5.5053315359323625,5.420534999272286,5.480638923341991,4.852030263919617,4.934473933130692,5.093750200806762,5.209486152841421,4.430816798843313,5.010635294096256,4.762173934797756,5.267858159063328,5.1647859739235145,5.10594547390058,5.389071729816501,5.043425116919247,4.997212273764115,5.159055299214529,4.8283137373023015,5.111987788356544,5.2574953720277815,4.934473933130692,5.017279836814924,4.955827057601261,4.976733742420574,4.897839799950911,4.110873864173311,4.48863636973214,4.543294782270004,4.442651256490317,4.51085950651685,4.477336814478207,4.709530201312334,4.90527477843843,4.8283137373023015,4.867534450455582,5.049856007249537,4.736198448394496,4.736198448394496,4.48863636973214,4.844187086458591,4.653960350157523
4.499809670330265,4.61512051684126,4.564348191467836,4.430816798843313,4.564348191467836,4.74493212836325,4.51085950651685,4.394449154672439,4.430816798843313,4.51085950651685,4.653960350157523,4.624972813284271,4.624972813284271,4.499809670330265,4.718498871295094,4.574710978503383,4.624972813284271,4.442651256490317,4.430816798843313,4.77912349311153,4.663439094112067,4.736198448394496,4.634728988229636,4.653960350157523,4.795790545596741,4.51085950651685,4.709530201312334,4.663439094112067,4.77912349311153,4.7535901911063645,4.709530201312334,4.406719247264253,4.574710978503383,4.691347882229144,4.727387818712341,4.90527477843843,4.709530201312334,4.700480365792417,4.795790545596741,4.653960350157523,4.624972813284271,4.68213122712422,4.812184355372417,4.770684624465665,4.8283137373023015,4.553876891600541,4.605170185988092,4.605170185988092,4.836281906951478,4.672828834461906,4.709530201312334,4.48863636973214,4.304065093204169,4.3694478524670215,4.543294782270004,4.5217885770490405,4.564348191467836,4.709530201312334,4.31748811353631,4.477336814478207
1.6094379124341005,1.0986122886681096,1.9459101490553128,1.0986122886681096,1.791759469228055,1.0986122886681096,1.3862943611198906,0.6931471805599453,1.3862943611198906,1.0986122886681096,0.0,1.0986122886681096,1.3862943611198906,0.6931471805599453,1.0986122886681096,1.3862943611198906,1.3862943611198906,1.9459101490553128,1.3862943611198906,1.6094379124341005,1.0986122886681096,1.0986122886681096,1.6094379124341005,1.0986122886681096,1.791759469228055,1.3862943611198906,0.6931471805599453,1.3862943611198906,0.0,1.0986122886681096,0.6931471805599453,1.9459101490553128,1.0986122886681096,0.6931471805599453,1.0986122886681096,2.19722457733622,1.6094379124341005,1.791759469228055,2.4849066497880004,1.3862943611198906,2.079441541679836,1.3862943611198906,1.6094379124341005,1.9459101490553128,1.0986122886681096,0.6931471805599453,1.0986122886681096,1.9459101490553128,1.0986122886681096,0.6931471805599453,1.3862943611198906,2.302585092994046,0.6931471805599453,0.6931471805599453,1.3862943611198906,1.791759469228055,0.6931471805599453,1.791759469228055,2.079441541679836,1.3862943611198906
4.04305126783455,4.143134726391533,4.3694478524670215,4.442651256490317,4.499809670330265,4.59511985013459,4.8283137373023015,4.189654742026425,4.454347296253507,4.304065093204169,4.189654742026425,4.04305126783455,4.343805421853684,4.919980925828125,4.605170185988092,4.430816798843313,3.737669618283368,3.9318256327243257,3.7612001156935615,3.828641396489095,4.290459441148391,3.80666248977032,3.218875824868201,3.295836866004329,3.80666248977032,3.688879454113936,3.912023005428146,4.158883083359672,3.737669618283368,3.218875824868201,3.80666248977032,3.4339872044851463,3.4339872044851463,3.367295829986474,3.8501476017100575,3.4657359027997265,3.784189633918261,3.610917912644224,3.951243718581428,3.737669618283368,3.688879454113936,3.8918202981106265,3.555348061489413,3.737669618283368,3.688879454113936,3.8501476017100575,3.7612001156935615,3.8918202981106265,3.610917912644224,3.6635616461296463,3.295836866004329,3.4011973816621555,3.555348061489413,3.6375861597263857,3.6635616461296463,3.58351893845611,3.610917912644224,3.912023005428146,3.332204510175204,3.4339872044851463
4.204692619390966,4.736198448394496,3.970291913552122,4.143134726391533,4.394449154672439,4.532599493153256,4.158883083359672,4.174387269895637,4.31748811353631,4.48863636973214,4.465908118654584,4.304065093204169,4.174387269895637,4.110873864173311,4.02535169073515,4.343805421853684,4.060443010546419,3.8918202981106265,4.304065093204169,3.8918202981106265,3.9889840465642745,4.356708826689592,4.3694478524670215,4.343805421853684,4.248495242049359,4.290459441148391,4.262679877041316,3.970291913552122,4.454347296253507,4.127134385045092,3.828641396489095,3.8918202981106265,4.262679877041316,4.189654742026425,4.04305126783455,3.8501476017100575,3.58351893845611,4.143134726391533,3.8501476017100575,4.262679877041316,4.394449154672439,4.51085950651685,4.553876891600541,4.127134385045092,4.007333185232471,3.713572066704308,4.02535169073515,4.174387269895637,4.0943445622221,4.127134385045092,3.9318256327243257,3.332204510175204,3.713572066704308,3.970291913552122,3.1354942159291497,3.828641396489095,4.02535169073515,3.737669618283368,3.4657359027997265,3.58351893845611
1.6094379124341005,0.0,1.791759469228055,1.3862943611198906,1.3862943611198906,0.6931471805599453,1.0986122886681096,1.0986122886681096,0.6931471805599453,1.6094379124341005,1.0986122886681096,0.0,1.3862943611198906,0.0,0.6931471805599453,0.6931471805599453,0.0,1.0986122886681096,0.6931471805599453,0.6931471805599453,1.6094379124341005,0.6931471805599453,0.6931471805599453,0.0,1.6094379124341005,0.6931471805599453,1.0986122886681096,1.3862943611198906,1.3862943611198906,0.6931471805599453,0.6931471805599453,2.8903717578961645,1.6094379124341005,1.6094379124341005,1.0986122886681096,0.0,0.0,1.3862943611198906,2.302585092994046,1.0986122886681096,1.0986122886681096,0.0,0.6931471805599453,1.0986122886681096,1.0986122886681096,1.0986122886681096,0.6931471805599453,1.3862943611198906,0.6931471805599453,0.0,1.0986122886681096,1.3862943611198906,1.3862943611198906,0.6931471805599453,1.6094379124341005,1.3862943611198906,1.0986122886681096,1.3862943611198906,1.3862943611198906,1.0986122886681096
3.58351893845611,3.555348061489413,3.4657359027997265,3.912023005428146,4.204692619390966,3.555348061489413,3.332204510175204,3.912023005428146,3.9889840465642745,3.688879454113936,4.23410650459726,4.127134385045092,3.6635616461296463,3.367295829986474,4.189654742026425,4.127134385045092,3.912023005428146,4.174387269895637,4.430816798843313,3.8501476017100575,4.406719247264253,4.276666119016055,3.688879454113936,3.737669618283368,3.9889840465642745,4.0943445622221,3.6635616461296463,4.189654742026425,4.007333185232471,3.9889840465642745,4.189654742026425,4.174387269895637,4.189654742026425,3.58351893845611,4.564348191467836,4.02535169073515,4.007333185232471,4.691347882229144,4.532599493153256,4.634728988229636,5.0369526024136295,4.174387269895637,4.04305126783455,3.8918202981106265,3.9889840465642745,4.304065093204169,5.176149732573829,4.382026634673881,4.330733340286331,4.430816798843313,5.087596335232384,4.406719247264253,4.418840607796598,5.683579767338681,5.53338948872752,5.5093883366279774,5.666426688112432,5.3706380281276624,5.468060141135132,5.170483995038151
5.869296913133774,5.8664680569332965,6.003887067106539,5.846438775057724,5.981414211254481,5.84354441703136,5.697093486505405,5.541263545158426,5.552959584921617,5.575949103146316,5.823045895483019,5.860786223465865,5.703782474656201,5.655991810819852,5.68697535633982,5.598421958998375,5.6240175061873385,5.726847747587197,5.8522024797744745,5.7430031878094825,5.613128106388071,5.351858133476067,5.420534999272286,5.521460917862246,5.66988092298052,5.717027701406222,5.438079308923196,5.641907070938114,5.513428746164983,5.525452939131784,5.616771097666572,5.556828061699537,5.730099782973575,5.537334267018537,5.480638923341991,5.545177444479562,5.5093883366279774,5.638354669333745,5.54907608489522,5.641907070938114,5.537334267018537,5.579729825986222,5.541263545158426,5.762051382780177,5.575949103146316,5.552959584921617,5.805134968916488,5.69035945432406,5.564520407322694,5.805134968916488,5.602118820879701,5.43372200355424,5.1298987149230735,5.488937726156687,5.556828061699537,5.820082930352362,5.8664680569332965,5.966146739123692,5.66988092298052,5.153291594497779
3.258096538021482,3.295836866004329,3.367295829986474,3.1354942159291497,3.688879454113936,3.8712010109078903,4.007333185232471,3.610917912644224,3.610917912644224,3.295836866004329,3.218875824868201,3.258096538021482,3.555348061489413,3.258096538021482,2.995732273553991,3.218875824868201,3.58351893845611,3.4657359027997265,2.9444389791664403,3.332204510175204,3.49650756146648,3.295836866004329,3.610917912644224,3.258096538021482,4.499809670330265,3.7612001156935615,3.258096538021482,2.639057329615259,3.4339872044851463,3.49650756146648,3.610917912644224,3.5263605246161616,4.110873864173311,3.258096538021482,2.995732273553991,3.367295829986474,3.8712010109078903,3.4339872044851463,3.1354942159291497,3.091042453358316,3.332204510175204,3.218875824868201,3.4657359027997265,3.091042453358316,3.1354942159291497,3.367295829986474,3.091042453358316,3.295836866004329,3.4011973816621555,3.1354942159291497,2.8903717578961645,3.4011973816621555,3.091042453358316,3.4011973816621555,2.5649493574615367,3.091042453358316,3.1354942159291497,3.1354942159291497,3.49650756146648,2.772588722239781
7.603897968521881,8.005367067316664,8.713582005421628,7.604396348796338,7.290974778142981,7.589335823170617,7.546974117516527,7.487733761436444,7.463936604468925,7.349873704738337,7.045776576879511,6.8679744089702925,7.459338895220295,7.41336733569524,7.368339686311381,7.282761179605593,7.172424577124845,6.865891074883439,6.71901315438526,7.373374309910049,7.438971592395862,7.465655310134056,7.382746449738912,7.204892510204673,6.852242569051878,6.774223886357614,7.500529485395295,7.56734567601324,7.543273346705446,7.579678823090456,7.325148957955575,6.937314081223682,6.858565034791365,7.459338895220295,7.466227556215481,7.330405211844402,7.2991214627108,7.241366283322318,6.863803391452954,6.906754778648554,7.541152455136308,7.446585099157725,7.515344571180436,7.543802867501509,7.370860166536716,6.889591308354466,7.00488198971286,7.608374474380783,7.55171221535131,7.496097345175956,7.490529402060711,7.263329617476836,6.763884908562435,6.6039438246004725,7.379632152609552,7.182352111885263,6.839476438228843,6.39024066706535,5.762051382780177,5.225746673713202
0.6931471805599453,0.6931471805599453,1.0986122886681096,0.9162907318741552,0.6931471805599453,0.6931471805599453,1.0986122886681096,1.01160091167848,0.9162907318741552,0.8109302162163288,0.6931471805599453,1.0296194171811583,1.2809338454620645,1.4816045409242156,1.6486586255873816,1.791759469228055,1.0986122886681096,1.041453874828161,0.9808292530117262,0.9162907318741552,0.8472978603872037,0.7731898882334818,0.6931471805599453,0.6931471805599453,0.6931471805599453,0.6931471805599453,0.6931471805599453,0.8472978603872036,0.9808292530117262,1.0986122886681096,1.6094379124341005,1.252762968495368,0.6931471805599453,0.6931471805599453,0.6931471805599453,0.6931471805599453,0.6931471805599453,1.0986122886681096,1.3862943611198906,0.6931471805599453,1.6094379124341005,1.3862943611198906,1.0986122886681096,0.6931471805599453,0.6931471805599453,0.6931471805599453,0.6931471805599453,0.6931471805599453,0.6931471805599453,0.6931471805599453,0.6931471805599453,0.6931471805599453,0.6931471805599453,1.0986122886681096,1.3862943611198906,1.0986122886681096,0.6931471805599453,0.6931471805599453,0.6931471805599453,0.6931471805599453
3.044522437723423,2.70805020110221,3.58351893845611,3.1780538303479458,3.258096538021482,2.833213344056216,2.5649493574615367,2.70805020110221,2.772588722239781,3.1780538303479458,3.713572066704308,3.295836866004329,2.833213344056216,2.995732273553991,2.70805020110221,2.9444389791664403,2.833213344056216,3.258096538021482,3.58351893845611,3.332204510175204,4.709530201312334,3.6375861597263857,4.23410650459726,5.605802066295998,7.38025578842646,6.075346031088684,4.59511985013459,3.970291913552122,4.02535169073515,4.07753744390572,4.762173934797756,5.934894195619588,6.941190055068375,4.343805421853684,3.80666248977032,3.828641396489095,3.555348061489413,4.0943445622221,5.808142489980444,5.723585101952381,3.8712010109078903,3.6375861597263857,3.1354942159291497,3.258096538021482,3.367295829986474,5.831882477283517,6.285998094508865,3.8501476017100575,3.49650756146648,3.58351893845611,3.4011973816621555,4.700480365792417,4.418840607796598,4.976733742420574,4.941642422609304,5.093750200806762,5.231108616854587,6.782192056006791,7.495541943884256,6.625392368007956
7.374629015218945,7.426549072397305,7.309881485824786,7.3031700512368,7.148345743900068,7.31986492980897,7.428333194190806,7.438971592395862,7.654443226470112,7.563719668414366,7.365812837209471,7.359467638255621,7.424761761823209,7.377758908227872,7.318539548567902,7.385230923066573,7.443663683115591,7.337587743538596,7.469083884921234,7.560601162768557,7.596894438144544,7.703459047867175,7.60688453121963,7.62657020629066,7.457609289715606,7.413970290190444,7.653020413804189,7.688455356549944,7.492203042618741,7.571473648851271,7.540090320145325,7.358193752733032,7.471932078245122,7.57353126274595,7.501082124259871,7.620214770574455,7.59337419312129,7.629975707027789,7.584264818389059,7.440733707389261,7.578656850594762,7.80016307039296,7.480428306074208,7.477038472319696,7.576097340623111,7.415175109613295,7.372746366404328,7.441906728051625,7.532623618788788,7.516977224604321,7.412160334945205,7.374629015218945,7.231287004327616,7.336936913707618,8.0702808933939,7.674617497364363,7.497761700622568,7.751045117971802,7.726653664847642,7.48324441607385
4.454347296253507,4.624972813284271,4.262679877041316,4.430816798843313,4.663439094112067,4.406719247264253,4.304065093204169,4.343805421853684,4.430816798843313,4.6443908991413725,4.59511985013459,4.51085950651685,4.158883083359672,4.382026634673881,4.262679877041316,4.23410650459726,4.07753744390572,4.477336814478207,4.51085950651685,4.248495242049359,4.406719247264253,4.454347296253507,4.477336814478207,4.262679877041316,4.430816798843313,4.574710978503383,4.219507705176107,4.304065093204169,4.330733340286331,4.276666119016055,4.442651256490317,4.430816798843313,4.762173934797756,4.290459441148391,4.304065093204169,4.406719247264253,4.634728988229636,4.23410650459726,4.5217885770490405,4.418840607796598,3.951243718581428,4.127134385045092,4.060443010546419,4.23410650459726,3.9318256327243257,4.543294782270004,4.532599493153256,4.51085950651685,4.330733340286331,4.204692619390966,3.9889840465642745,3.8712010109078903,4.248495242049359,4.189654742026425,4.304065093204169,4.553876891600541,4.343805421853684,3.9889840465642745,4.454347296253507,4.477336814478207
1.3862943611198906,1.3862943611198906,0.6931471805599453,1.0986122886681096,1.0986122886681096,1.0986122886681096,1.203972804325936,1.2992829841302609,1.3862943611198906,1.0986122886681096,1.3862943611198906,1.6094379124341005,1.3862943611198906,1.0986122886681096,1.252762968495368,1.3862943611198906,0.6931471805599453,2.19722457733622,1.8718021769015916,1.3862943611198906,1.6094379124341005,1.0986122886681096,1.466337068793427,1.7346010553881062,1.9459101490553128,0.6931471805599453,0.6931471805599453,0.6931471805599453,1.3862943611198906,1.252762968495368,1.0986122886681096,1.0986122886681096,1.0986122886681096,1.0986122886681096,1.3862943611198906,0.6931471805599453,0.6931471805599453,1.0986122886681096,1.6094379124341005,1.0986122886681096,1.6094379124341005,1.3862943611198906,1.3862943611198906,1.252762968495368,1.0986122886681096,1.3862943611198906,1.0986122886681096,0.6931471805599453,0.6931471805599453,1.3862943611198906,1.2992829841302609,1.203972804325936,1.0986122886681096,0.9162907318741552,0.6931471805599453,1.3862943611198906,1.0986122886681096,0.6931471805599453,0.9162907318741552,1.0986122886681096
3.295836866004329,1.6094379124341005,1.9459101490553128,1.6094379124341005,2.079441541679836,2.19722457733622,1.791759469228055,2.19722457733622,1.791759469228055,1.791759469228055,1.791759469228055,1.6094379124341005,1.791759469228055,2.19722457733622,1.6094379124341005,1.9459101490553128,2.19722457733622,1.6094379124341005,1.0986122886681096,1.6094379124341005,1.9459101490553128,1.791759469228055,2.4849066497880004,2.302585092994046,2.639057329615259,2.4849066497880004,1.0986122886681096,1.9459101490553128,1.791759469228055,2.639057329615259,3.332204510175204,2.70805020110221,1.6094379124341005,2.079441541679836,1.3862943611198906,1.3862943611198906,1.791759469228055,1.6094379124341005,3.5263605246161616,1.791759469228055,2.19722457733622,1.3862943611198906,1.3862943611198906,1.9459101490553128,1.6094379124341005,1.6094379124341005,1.0986122886681096,1.3862943611198906,1.791759469228055,1.9459101490553128,1.9459101490553128,1.9459101490553128,1.3862943611198906,1.791759469228055,1.6094379124341005,2.3978952727983707,1.3862943611198906,1.6094379124341005,1.9459101490553128,2.302585092994046
6.363028103540465,6.340359303727752,6.54534966033442,6.8966943316227125,6.71295620067707,6.618738983517219,6.484635235635252,6.403574197934815,6.326149473155099,7.978310969867722,7.43955930913332,7.27655640271871,6.75110146893676,6.618738983517219,6.950814768442584,6.843749949006225,6.943122422819428,6.8001700683022,6.792344427470809,6.726233402358747,6.535241271013659,6.476972362889683,6.432940092739179,6.558197802812269,6.90875477931522,6.723832440821209,6.577861357721047,6.380122536899765,6.429719478039138,6.386879319362645,6.456769655572163,6.553933404025811,6.584791392385716,7.044032897274685,7.145196134997171,7.111512116496157,6.602587892189336,6.53813982376767,6.8501261661455,6.977281341630747,6.508769136971682,6.300785794663244,6.255750041753367,6.2766434893416445,6.495265555937008,6.598509028614515,6.566672429803241,6.309918278226516,6.148468295917647,6.133398042996649,6.1675164908883415,6.3784261836515865,6.421622267806518,6.461468176353717,6.2422232654551655,6.263398262591624,6.529418838262226,6.593044534142437,6.38856140554563,6.679599185844383
6.030685260261263,6.104793232414985,6.429719478039138,6.4692503167957724,6.236369590203704,6.084499413075172,6.091309882077698,5.886104031450156,6.51471269087253,7.237059026124737,6.641182169740591,6.810142450115136,6.80903930604298,6.942156705699469,7.976595409316577,6.502790045915623,6.953684210870537,6.744059186311348,7.136483208590247,6.274762021241939,7.105786129481271,6.336825731146441,6.20455776256869,5.971261839790462,6.236369590203704,6.429719478039138,6.270988431858299,6.061456918928017,5.910796644040527,5.6937321388027,5.6937321388027,5.971261839790462,6.563855526532128,5.899897353582492,5.929589143389895,6.030685260261263,6.992096427415888,6.974478911025045,6.602587892189336,7.081708586105576,6.93537044601511,6.638567789166521,6.3784261836515865,6.3835066348840055,6.073044534100405,6.19644412779452,6.439350371100098,6.315358001522335,6.003887067106539,6.066108090103747,5.961005339623274,5.905361848054571,5.730099782973575,5.768320995793772,5.942799375126701,6.056784013228625,6.150602768446279,6.186208623900494,6.063785208687608,5.840641657373398
7.349873704738337,7.342779189331845,7.2868764117507,7.45298232946546,7.327780538421631,7.803435056952168,8.30622521603216,8.164510268747042,8.233503140233994,8.475746001502063,8.532475814947395,8.911529941736559,8.47782846789396,8.34711636103872,8.508354242749032,8.477620416296414,8.776167099731275,8.629628620746026,10.692422071769268,10.69176307818765,10.3819862463277,10.172177918806309,10.04442271945762,9.99415058743337,9.862092477169742,9.89802264710506,9.975156839226488,9.95484584481127,10.082428401170604,10.030428525977277,9.767782370370751,9.50576737487541,9.734713808287442,9.886290527707606,9.777243825961875,9.594990340370426,9.512886426076506,9.529303064460995,9.63678388646954,9.837935184295892,9.89469904650305,9.931540366978163,9.865733762924211,9.952896572793671,10.051993760835352,10.593655298987072,10.186935674455848,9.488275092973083,9.093244600099936,8.77909581088053,8.548885638148727,8.4071550862073,8.305731144875866,8.258940462988459,8.247743887225516,8.126222529458525,8.011686729127847,7.980365765111246,7.913886714856082,7.783224016336037
4.430816798843313,3.258096538021482,2.302585092994046,2.70805020110221,1.9459101490553128,2.833213344056216,2.5649493574615367,3.044522437723423,2.5649493574615367,1.9459101490553128,2.70805020110221,2.4849066497880004,2.302585092994046,2.19722457733622,2.19722457733622,2.19722457733622,2.19722457733622,2.302585092994046,2.9444389791664403,2.772588722239781,2.5649493574615367,2.8903717578961645,2.70805020110221,2.8903717578961645,2.9444389791664403,2.19722457733622,2.8903717578961645,2.3978952727983707,2.995732273553991,3.610917912644224,2.70805020110221,2.3978952727983707,2.4849066497880004,2.9444389791664403,2.19722457733622,2.4849066497880004,2.833213344056216,2.4849066497880004,2.079441541679836,2.3978952727983707,2.302585092994046,2.302585092994046,2.3978952727983707,2.70805020110221,3.091042453358316,2.8903717578961645,2.833213344056216,2.772588722239781,2.639057329615259,3.091042453358316,2.5649493574615367,2.8903717578961645,2.19722457733622,2.772588722239781,2.4849066497880004,5.14166355650266,3.258096538021482,2.639057329615259,2.3978952727983707,2.70805020110221
7.90100705199242,8.07153089355666,7.949797216161852,7.392031567514591,7.620705086838262,8.09437844497296,8.28349412616251,8.280711075662847,8.204671828950811,7.952615111650999,7.4205789054108,7.664815785285735,8.10349427838097,8.272315147956022,8.261009786023827,8.163371316459912,7.887959336599945,7.288244401020124,7.442492722794441,7.892452043520352,8.182000136293405,8.293049139768444,8.149601735736155,7.766416898019655,7.347943823148687,7.48605261786314,7.959275960116396,8.025516386489008,7.99260665240021,7.844632644464681,7.613324979540639,7.124478262493424,7.282073658093465,7.68937110752969,7.827240901752812,7.699842407396986,7.615298339825815,7.558516743045645,7.02197642307216,7.192182058713246,7.607381425639791,7.68662133494462,7.686162303492906,7.529406457837013,7.145984467714388,6.580639137284949,6.703188113240863,7.046647277848756,7.013915474810528,6.813444599510896,6.620073206530356,6.284134161070802,5.942799375126701,5.820082930352362,6.356107660695892,6.513230110912307,6.496774990185863,6.51025834052315,6.356107660695892,6.0867747269123065
6.371611847231857,6.489204931325317,6.315358001522335,6.46302945692067,6.480044561926653,6.536691597591305,6.42648845745769,6.499787040655854,6.522092798170152,6.400257445308821,6.796823718274855,6.815639990074331,6.553933404025811,6.625392368007956,6.642486801367256,6.541029999189903,6.511745329644728,6.421622267806518,6.542471960506805,6.532334292222349,6.573680166960646,6.572282542694008,6.492239835020471,6.52649485957079,6.356107660695892,6.4692503167957724,6.542471960506805,6.484635235635252,6.45833828334479,6.533788837933344,6.398594934535208,6.309918278226516,6.522092798170152,6.559615237493242,6.573680166960646,6.5998704992128365,6.529418838262226,6.411818267709897,6.415096959171596,6.354370040797351,6.411818267709897,6.4457198193855785,6.483107351457199,6.386879319362645,6.35088571671474,6.478509642208569,6.565264970035361,6.508769136971682,6.594413459749778,6.572282542694008,6.385194398997726,6.400257445308821,6.317164686747284,6.311734809152915,6.442540166468199,6.472346294500901,6.380122536899765,6.2766434893416445,6.139884552226255,5.877735781779639
5.552959584921617,5.7899601708972535,5.921578419643816,5.932245187448011,5.978885764901122,5.680172609017068,5.521460917862246,5.6240175061873385,5.968707559985366,6.049733455231958,5.940171252720432,5.537334267018537,5.703782474656201,5.44673737166631,5.209486152841421,5.420534999272286,5.2574953720277815,5.62040086571715,5.327876168789581,5.41610040220442,6.892641641172089,5.680172609017068,5.780743515792329,5.918893854273146,5.746203190540153,5.5053315359323625,5.393627546352361,5.899897353582492,5.91350300563827,5.159055299214529,5.209486152841421,5.525452939131784,5.3230099791384085,5.480638923341991,5.594711379601839,5.267858159063328,5.69035945432406,5.393627546352361,5.8664680569332965,5.308267697401205,5.313205979041787,5.204006687076795,5.209486152841421,5.488937726156687,5.488937726156687,5.53338948872752,5.564520407322694,5.575949103146316,5.945420608606575,6.760414691083428,6.322565239927284,6.107022887742255,5.648974238161206,5.860786223465865,5.891644211825771,5.7745515455444085,5.840641657373398,6.285998094508865,5.877735781779639,5.84354441703136
0.6931471805599453,0.6931471805599453,1.9459101490553128,0.0,1.791759469228055,2.4849066497880004,1.0986122886681096,1.252762968495368,1.3862943611198906,1.3862943611198906,1.6094379124341005,0.0,0.6931471805599453,0.6931471805599453,0.6931471805599453,0.0,0.6931471805599453,0.0,0.0,0.6931471805599453,0.6931471805599453,0.0,0.0,0.0,1.0986122886681096,0.0,0.0,0.6931471805599453,0.0,0.0,0.6931471805599453,1.0986122886681096,0.0,0.0,1.0986122886681096,1.0986122886681096,0.0,0.0,0.0,0.0,1.0986122886681096,0.6931471805599453,0.6931471805599453,0.0,0.0,0.0,0.6931471805599453,0.0,0.0,0.0,0.6931471805599453,0.6931471805599453,0.0,1.0986122886681096,1.0986122886681096,1.0986122886681096,0.6931471805599453,0.6931471805599453,0.6931471805599453,0.0
8.928242677818302,8.902863672196222,8.870943863837724,9.123038043573386,9.157361447185297,8.891649112650057,8.745443680098592,8.46863300080086,8.648221453822641,8.893160828735379,8.936955604225226,9.06184036365774,9.127284796838858,8.906528917594517,8.7662383802531,8.806274284781725,8.819517540604888,9.084890521258767,9.296426320889312,9.093694189856862,8.851663425366777,8.855805992536562,8.872066513408342,8.79133399330135,9.038127549330516,9.158731238242952,8.830104317913793,8.86403999703599,8.642062173462106,8.591372589590488,8.724044745953469,9.000729834944558,8.977777598745481,8.951051374025619,8.69901462316851,8.702842538302868,8.647870515057853,8.752265313595721,8.813289762469037,9.069813136839208,8.726481196440007,8.624611588183507,8.664578178329295,8.656607247198915,8.603737792816423,8.774776816043985,9.141311785565748,8.837681215593197,8.707317560273212,8.70251025718999,8.781555458546402,8.78523362361273,8.910720661951359,9.073145132798338,9.208939391060554,9.268892258925796,9.448017793067429,9.289428778295148,9.474549088242322,9.227885551191932
4.875197323201151,4.990432586778736,5.497168225293202,5.3612921657094255,4.969813299576001,5.003946305945459,5.062595033026967,5.19295685089021,4.820281565605037,4.787491742782046,5.0369526024136295,5.093750200806762,5.0238805208462765,4.927253685157205,4.969813299576001,4.983606621708336,4.727387818712341,5.402677381872279,4.997212273764115,5.068904202220232,4.867534450455582,4.983606621708336,4.762173934797756,4.867534450455582,5.010635294096256,4.867534450455582,5.056245805348308,4.90527477843843,5.003946305945459,4.983606621708336,4.927253685157205,5.153291594497779,4.919980925828125,5.303304908059076,5.342334251964811,5.087596335232384,4.8283137373023015,4.77912349311153,5.017279836814924,4.955827057601261,5.111987788356544,4.912654885736052,4.969813299576001,5.0369526024136295,5.030437921392435,5.093750200806762,4.90527477843843,4.718498871295094,4.962844630259907,4.584967478670572,4.718498871295094,4.564348191467836,4.795790545596741,8.450625947144124,6.987490247000991,5.82600010738045,5.37989735354046,5.262690188904886,4.948759890378168,4.983606621708336
3.332204510175204,3.332204510175204,3.8501476017100575,3.784189633918261,3.610917912644224,3.58351893845611,3.555348061489413,3.6635616461296463,3.8501476017100575,3.610917912644224,3.218875824868201,3.332204510175204,2.995732273553991,2.5649493574615367,3.1354942159291497,2.772588722239781,2.995732273553991,2.772588722239781,2.19722457733622,1.6094379124341005,2.3978952727983707,1.9459101490553128,2.5649493574615367,2.772588722239781,3.1354942159291497,3.218875824868201,2.70805020110221,2.4849066497880004,2.639057329615259,2.639057329615259,2.833213344056216,3.258096538021482,3.1780538303479458,2.833213344056216,3.1780538303479458,2.8903717578961645,2.4849066497880004,2.772588722239781,3.1354942159291497,2.70805020110221,3.1780538303479458,2.5649493574615367,2.302585092994046,2.772588722239781,2.70805020110221,2.302585092994046,2.079441541679836,3.044522437723423,2.70805020110221,1.9459101490553128,2.4849066497880004,3.1354942159291497,2.8903717578961645,2.9444389791664403,2.9444389791664403,2.8903717578961645,2.8903717578961645,2.995732273553991,2.772588722239781,2.4849066497880004
0.6931471805599453,0.0,0.0,0.0,1.0986122886681096,0.6931471805599453,0.0,0.6931471805599453,0.0,0.6931471805599453,1.0986122886681096,1.0986122886681096,0.6931471805599453,0.0,0.6931471805599453,1.3862943611198906,0.6931471805599453,0.0,0.0,0.0,0.6931471805599453,0.0,0.0,1.0986122886681096,0.0,0.0,1.6094379124341005,0.6931471805599453,1.3862943611198906,0.6931471805599453,0.0,1.0986122886681096,0.0,0.0,1.0986122886681096,1.3862943611198906,0.6931471805599453,0.0,0.0,3.1354942159291497,0.6931471805599453,0.0,1.0986122886681096,0.0,0.6931471805599453,0.0,1.0986122886681096,0.0,0.6931471805599453,0.6931471805599453,0.0,0.0,1.3862943611198906,1.9459101490553128,0.0,0.6931471805599453,0.0,0.0,1.0986122886681096,0.0
4.3694478524670215,4.48863636973214,4.59511985013459,4.394449154672439,5.081404364984463,4.962844630259907,4.48863636973214,4.700480365792417,5.017279836814924,4.672828834461906,4.820281565605037,4.61512051684126,4.406719247264253,4.770684624465665,4.477336814478207,4.605170185988092,4.276666119016055,4.61512051684126,4.51085950651685,4.727387818712341,4.787491742782046,4.68213122712422,5.117993812416755,4.804021044733257,4.465908118654584,4.804021044733257,5.056245805348308,4.543294782270004,4.6443908991413725,5.393627546352361,5.081404364984463,5.030437921392435,5.010635294096256,4.976733742420574,4.962844630259907,4.8283137373023015,4.787491742782046,4.770684624465665,5.0369526024136295,4.859812404361672,5.056245805348308,5.58724865840025,5.111987788356544,4.934473933130692,4.912654885736052,5.003946305945459,5.062595033026967,4.897839799950911,5.153291594497779,4.90527477843843,5.147494476813453,5.099866427824199,4.709530201312334,5.030437921392435,5.293304824724492,5.181783550292085,4.74493212836325,4.553876891600541,4.553876891600541,4.430816798843313
6.2324480165505225,5.986452005284438,5.493061443340548,5.62040086571715,5.43372200355424,5.814130531825066,6.175867270105761,5.805134968916488,6.727431724850855,5.327876168789581,5.402677381872279,5.181783550292085,5.762051382780177,5.68697535633982,5.857933154483459,5.8888779583328805,5.950642552587727,5.241747015059643,6.263398262591624,6.111467339502679,5.6240175061873385,5.703782474656201,5.262690188904886,5.278114659230518,5.225746673713202,5.7745515455444085,6.095824562432225,5.726847747587197,5.869296913133774,5.863631175598097,5.75890177387728,5.517452896464707,5.488937726156687,5.723585101952381,5.703782474656201,5.831882477283517,5.631211781821365,5.556828061699537,5.3230099791384085,5.568344503761097,5.4510384535657,5.899897353582492,5.560681631015528,5.337538079701318,5.932245187448011,5.645446897643238,5.513428746164983,5.407171771460119,5.723585101952381,5.209486152841421,5.820082930352362,5.272999558563747,5.683579767338681,5.293304824724492,5.594711379601839,5.700443573390686,5.942799375126701,5.7430031878094825,5.513428746164983,5.988961416889864
2.4849066497880004,2.19722457733622,3.1354942159291497,2.5649493574615367,2.5649493574615367,2.8903717578961645,2.8903717578961645,2.302585092994046,2.19722457733622,2.5649493574615367,2.5649493574615367,2.639057329615259,1.9459101490553128,2.3978952727983707,2.302585092994046,1.6094379124341005,2.19722457733622,2.4849066497880004,2.302585092994046,2.079441541679836,2.079441541679836,2.639057329615259,2.639057329615259,2.833213344056216,3.091042453358316,2.772588722239781,2.833213344056216,2.4849066497880004,2.302585092994046,2.70805020110221,2.3978952727983707,2.772588722239781,1.9459101490553128,1.6094379124341005,1.9459101490553128,2.5649493574615367,2.70805020110221,1.9459101490553128,2.5649493574615367,2.8903717578961645,2.19722457733622,2.079441541679836,1.9459101490553128,2.302585092994046,2.3978952727983707,2.772588722239781,2.772588722239781,2.079441541679836,2.079441541679836,1.791759469228055,2.772588722239781,2.4849066497880004,3.218875824868201,3.295836866004329,2.70805020110221,2.639057329615259,2.833213344056216,3.044522437723423,2.995732273553991,2.70805020110221
3.091042453358316,3.1354942159291497,3.367295829986474,3.1780538303479458,3.295836866004329,3.218875824868201,3.49650756146648,3.4011973816621555,2.4849066497880004,2.5649493574615367,3.091042453358316,3.044522437723423,2.995732273553991,2.4849066497880004,2.8903717578961645,2.772588722239781,2.70805020110221,2.833213344056216,2.772588722239781,2.9444389791664403,2.9444389791664403,3.091042453358316,4.543294782270004,3.332204510175204,3.9889840465642745,3.091042453358316,2.772588722239781,3.332204510175204,3.044522437723423,3.1354942159291497,4.8283137373023015,3.1780538303479458,3.332204510175204,3.5263605246161616,3.258096538021482,3.1354942159291497,3.332204510175204,2.833213344056216,3.4011973816621555,3.091042453358316,3.367295829986474,3.4011973816621555,2.995732273553991,2.70805020110221,3.49650756146648,3.828641396489095,2.70805020110221,3.367295829986474,2.995732273553991,3.4657359027997265,4.276666119016055,3.258096538021482,3.784189633918261,3.6635616461296463,3.9318256327243257,3.258096538021482,3.49650756146648,3.091042453358316,3.295836866004329,3.713572066704308
4.276666119016055,4.248495242049359,3.9889840465642745,4.532599493153256,4.762173934797756,4.454347296253507,4.174387269895637,3.7612001156935615,4.356708826689592,4.553876891600541,4.465908118654584,4.795790545596741,4.290459441148391,3.970291913552122,4.110873864173311,3.784189633918261,4.07753744390572,4.290459441148391,4.290459441148391,4.143134726391533,4.158883083359672,4.23410650459726,4.143134726391533,4.189654742026425,4.356708826689592,4.465908118654584,4.454347296253507,4.204692619390966,4.189654742026425,3.7612001156935615,3.951243718581428,4.624972813284271,4.343805421853684,5.5053315359323625,5.123963979403259,4.465908118654584,4.276666119016055,4.48863636973214,4.532599493153256,4.418840607796598,4.248495242049359,4.110873864173311,3.6635616461296463,4.394449154672439,4.189654742026425,4.406719247264253,4.77912349311153,4.418840607796598,4.110873864173311,4.248495242049359,4.127134385045092,4.060443010546419,4.07753744390572,4.5217885770490405,4.983606621708336,4.6443908991413725,4.574710978503383,4.465908118654584,4.624972813284271,4.290459441148391
5.886104031450156,5.8888779583328805,5.755742213586912,5.525452939131784,5.62040086571715,5.929589143389895,6.131226489483141,5.771441123130016,5.891644211825771,5.905361848054571,5.568344503761097,5.384495062789089,5.991464547107982,5.877735781779639,5.968707559985366,5.929589143389895,5.7745515455444085,5.468060141135132,5.472270673671475,5.746203190540153,5.937536205082426,5.996452088619021,5.768320995793772,5.68697535633982,5.308267697401205,5.3471075307174685,5.820082930352362,6.008813185442595,5.872117789475416,5.958424693029782,5.802118375377063,5.332718793265369,5.488937726156687,5.863631175598097,5.891644211825771,5.950642552587727,5.814130531825066,5.768320995793772,5.717027701406222,5.5053315359323625,5.929589143389895,5.929589143389895,5.924255797414532,5.805134968916488,5.713732805509369,5.605802066295998,5.3612921657094255,5.771441123130016,5.840641657373398,5.7745515455444085,5.846438775057724,5.602118820879701,5.3471075307174685,5.1647859739235145,5.521460917862246,5.60947179518496,5.777652323222656,5.703782474656201,5.517452896464707,5.3981627015177525
0.0,0.0,0.0,0.0,0.0,0.0,0.0,0.0,0.0,0.0,0.0,0.0,0.0,0.0,0.0,0.0,0.0,0.0,0.0,0.0,0.0,0.0,0.0,0.0,0.0,0.0,0.0,0.0,0.0,0.0,0.0,0.0,0.0,0.0,0.0,0.0,0.0,0.0,0.0,0.0,0.0,0.0,0.0,0.0,0.0,0.0,0.0,0.0,0.0,0.0,0.0,0.0,0.0,0.0,0.0,0.0,0.0,0.0,0.0,0.0
4.634728988229636,4.564348191467836,4.499809670330265,4.31748811353631,4.543294782270004,4.499809670330265,4.219507705176107,4.727387818712341,4.51085950651685,4.663439094112067,4.624972813284271,4.727387818712341,4.709530201312334,4.04305126783455,4.430816798843313,4.356708826689592,4.465908118654584,4.727387818712341,4.859812404361672,4.31748811353631,4.762173934797756,4.3694478524670215,4.418840607796598,4.51085950651685,4.762173934797756,5.017279836814924,4.5217885770490405,4.890349128221754,4.727387818712341,4.718498871295094,4.653960350157523,4.663439094112067,4.382026634673881,4.691347882229144,4.59511985013459,4.605170185988092,4.499809670330265,4.74493212836325,4.204692619390966,4.3694478524670215,4.912654885736052,4.663439094112067,4.624972813284271,4.74493212836325,4.48863636973214,4.934473933130692,4.700480365792417,4.5217885770490405,4.543294782270004,4.672828834461906,4.795790545596741,4.465908118654584,4.653960350157523,4.653960350157523,4.844187086458591,4.736198448394496,4.574710978503383,4.934473933130692,4.867534450455582,5.0369526024136295
8.08394570229562,7.917171988845776,7.889833751394295,8.09040229659332,8.21716859576607,8.217438537730187,8.081475040137052,7.965545573129992,7.999342952713282,7.89655270164304,7.953318346560431,8.204671828950811,8.196161139282902,7.9748769005588755,7.969011781106478,8.29154650988391,7.952966790923131,7.891330757661889,8.08394570229562,8.174702882469461,7.976595409316577,7.957877358489813,8.127109185346375,7.80954132465341,7.999007213243955,8.216628493133443,8.107720061910534,8.0861025356691,7.938802248154481,7.806696372521179,7.785720896534624,7.832014180505469,8.115819701211327,8.015987811027237,8.000014093678072,7.904334842085095,7.958227192322312,7.874358824729881,7.96102146588337,8.045588280803528,8.450839690866216,7.870165946469845,7.774015077250727,7.765569081097317,7.686162303492906,7.976938756959434,8.106514516255185,7.821643126239982,7.6787889981991535,7.666690200080086,7.664346632098617,7.532088143541722,7.451241684987676,7.57198844937744,7.831220214604293,7.937374696163295,7.929486523314289,7.8383433155571165,7.85243908535751,7.72356247227797
6.274762021241939,6.222576268071369,6.1779441140506,5.7430031878094825,5.899897353582492,6.22455842927536,6.1675164908883415,6.139884552226255,6.184148890937483,5.802118375377063,5.652489180268651,5.942799375126701,6.311734809152915,6.230481447578482,6.270988431858299,6.045005314036012,5.937536205082426,5.634789603169249,5.978885764901122,6.202535517187923,6.124683390894205,6.135564891081739,6.171700597410915,5.953243334287785,5.75890177387728,5.823045895483019,6.068425588244111,6.159095388491933,6.533788837933344,6.182084906716632,6.406879986069314,5.638354669333745,5.902633333401366,6.26530121273771,6.152732694704104,6.559615237493242,6.359573868672378,5.942799375126701,5.60947179518496,5.846438775057724,6.284134161070802,6.16541785423142,6.09807428216624,6.042632833682381,5.872117789475416,5.484796933490655,5.808142489980444,6.1675164908883415,5.937536205082426,5.910796644040527,5.7745515455444085,5.8805329864007,5.420534999272286,5.476463551931511,5.66988092298052,6.115892125483034,6.013715156042802,5.823045895483019,5.69035945432406,5.468060141135132
0.6931471805599453,0.6931471805599453,0.6931471805599453,0.6931471805599453,0.6931471805599453,0.6931471805599453,0.6931471805599453,0.6931471805599453,0.6931471805599453,0.6931471805599453,0.6931471805599453,0.6931471805599453,0.6931471805599453,0.6931471805599453,0.6931471805599453,0.6931471805599453,0.6931471805599453,0.6931471805599453,0.6931471805599453,0.6931471805599453,0.6931471805599453,0.6931471805599453,0.6931471805599453,0.6931471805599453,0.6931471805599453,0.6931471805599453,0.6931471805599453,0.6931471805599453,0.6931471805599453,0.6931471805599453,0.6931471805599453,0.6931471805599453,0.6931471805599453,0.6931471805599453,0.6931471805599453,0.6931471805599453,0.6931471805599453,0.6931471805599453,0.6931471805599453,0.6931471805599453,0.6931471805599453,0.6931471805599453,0.6931471805599453,0.6931471805599453,0.6931471805599453,0.6931471805599453,0.6931471805599453,0.6931471805599453,0.6931471805599453,0.6931471805599453,0.6931471805599453,0.6931471805599453,0.6931471805599453,0.6931471805599453,0.6931471805599453,0.6931471805599453,0.6931471805599453,0.6931471805599453,0.6931471805599453,0.6931471805599453
4.532599493153256,4.61512051684126,4.61512051684126,4.663439094112067,4.74493212836325,4.634728988229636,4.465908118654584,4.394449154672439,4.465908118654584,4.382026634673881,4.465908118654584,5.068904202220232,4.804021044733257,4.532599493153256,4.795790545596741,5.598421958998375,4.820281565605037,4.672828834461906,5.187385805840755,4.787491742782046,4.718498871295094,4.836281906951478,4.454347296253507,4.48863636973214,4.969813299576001,5.010635294096256,4.672828834461906,4.691347882229144,4.304065093204169,4.31748811353631,4.663439094112067,4.5217885770490405,4.762173934797756,4.204692619390966,4.477336814478207,4.5217885770490405,4.51085950651685,4.382026634673881,4.867534450455582,4.564348191467836,4.74493212836325,4.795790545596741,4.8283137373023015,4.770684624465665,4.897839799950911,4.852030263919617,4.812184355372417,4.532599493153256,4.51085950651685,4.634728988229636,4.672828834461906,4.574710978503383,4.465908118654584,4.442651256490317,4.727387818712341,4.653960350157523,4.574710978503383,4.804021044733257,4.691347882229144,4.48863636973214
4.663439094112067,4.430816798843313,4.430816798843313,4.634728988229636,4.8283137373023015,4.174387269895637,4.553876891600541,4.189654742026425,4.394449154672439,4.304065093204169,4.382026634673881,4.624972813284271,4.691347882229144,4.574710978503383,4.59511985013459,3.912023005428146,4.158883083359672,4.219507705176107,4.343805421853684,3.951243718581428,3.912023005428146,3.784189633918261,3.9318256327243257,4.204692619390966,4.356708826689592,4.543294782270004,4.330733340286331,4.343805421853684,4.343805421853684,4.330733340286331,4.174387269895637,4.564348191467836,4.787491742782046,4.276666119016055,4.143134726391533,3.9318256327243257,4.060443010546419,4.51085950651685,4.762173934797756,4.406719247264253,4.262679877041316,4.189654742026425,4.127134385045092,4.23410650459726,4.454347296253507,4.262679877041316,4.248495242049359,4.406719247264253,4.382026634673881,3.951243718581428,4.356708826689592,4.204692619390966,4.060443010546419,4.5217885770490405,4.007333185232471,3.8501476017100575,3.970291913552122,4.356708826689592,4.330733340286331,3.9889840465642745
5.10594547390058,4.6443908991413725,4.77912349311153,4.330733340286331,4.68213122712422,4.691347882229144,4.394449154672439,4.983606621708336,4.820281565605037,5.262690188904886,4.852030263919617,5.438079308923196,5.739792912179234,5.267858159063328,5.583496308781699,5.62040086571715,4.663439094112067,6.878326468291325,4.672828834461906,5.480638923341991,5.605802066295998,5.746203190540153,5.68697535633982,5.2574953720277815,6.805722553416985,4.912654885736052,5.225746673713202,5.3612921657094255,6.865891074883439,5.181783550292085,4.882801922586371,4.941642422609304,4.709530201312334,4.709530201312334,4.882801922586371,4.543294782270004,4.997212273764115,4.634728988229636,6.883462586413092,7.095064377287131,6.035481432524756,5.54907608489522,5.700443573390686,5.003946305945459,4.955827057601261,5.003946305945459,6.0473721790462776,5.056245805348308,5.087596335232384,5.187385805840755,4.6443908991413725,5.484796933490655,5.198497031265826,4.890349128221754,4.867534450455582,5.726847747587197,4.804021044733257,4.852030263919617,4.343805421853684,4.584967478670572
1.0986122886681096,0.6931471805599453,0.0,1.3862943611198906,1.0986122886681096,0.6931471805599453,1.0986122886681096,0.6931471805599453,0.0,0.6931471805599453,1.3862943611198906,1.3862943611198906,0.0,1.0986122886681096,0.0,1.0986122886681096,1.0986122886681096,1.791759469228055,1.0986122886681096,0.6931471805599453,0.6931471805599453,1.0986122886681096,1.6094379124341005,1.9459101490553128,1.3862943611198906,1.6094379124341005,0.6931471805599453,0.6931471805599453,0.6931471805599453,1.0986122886681096,0.6931471805599453,1.3862943611198906,0.0,1.0986122886681096,0.6931471805599453,0.0,1.6094379124341005,0.0,1.6094379124341005,1.6094379124341005,0.6931471805599453,0.0,1.0986122886681096,1.0986122886681096,1.3862943611198906,1.0986122886681096,0.6931471805599453,0.0,0.6931471805599453,0.6931471805599453,1.0986122886681096,1.0986122886681096,1.0986122886681096,1.3862943611198906,0.0,1.791759469228055,0.0,1.0986122886681096,1.3862943611198906,1.0986122886681096
3.737669618283368,3.737669618283368,3.737669618283368,4.290459441148391,3.9889840465642745,3.1354942159291497,2.5649493574615367,3.1780538303479458,3.1780538303479458,3.555348061489413,3.784189633918261,4.02535169073515,2.8903717578961645,3.091042453358316,3.5263605246161616,2.9444389791664403,3.555348061489413,3.9318256327243257,3.7612001156935615,3.610917912644224,2.772588722239781,3.091042453358316,3.367295829986474,3.4011973816621555,4.110873864173311,3.610917912644224,3.784189633918261,3.5263605246161616,3.1354942159291497,3.332204510175204,3.58351893845611,3.555348061489413,3.9889840465642745,3.091042453358316,2.833213344056216,3.1354942159291497,3.258096538021482,4.31748811353631,9.775938231589151,7.465082736399547,5.988961416889864,5.424950017481403,5.030437921392435,5.010635294096256,4.624972813284271,5.049856007249537,5.010635294096256,4.61512051684126,4.90527477843843,4.394449154672439,3.7612001156935615,4.110873864173311,5.545177444479562,4.663439094112067,3.951243718581428,4.007333185232471,4.174387269895637,3.8918202981106265,4.04305126783455,4.836281906951478
0.6931471805599453,0.6931471805599453,1.0986122886681096,1.3862943611198906,1.6094379124341005,0.6931471805599453,0.0,1.0986122886681096,0.6931471805599453,1.0986122886681096,0.0,0.6931471805599453,0.0,0.0,0.6931471805599453,1.0986122886681096,0.0,0.6931471805599453,0.6931471805599453,0.0,1.0986122886681096,0.6931471805599453,1.791759469228055,0.6931471805599453,1.6094379124341005,1.791759469228055,1.3862943611198906,1.6094379124341005,0.6931471805599453,1.6094379124341005,1.0986122886681096,1.0986122886681096,1.3862943611198906,1.0986122886681096,1.3862943611198906,1.0986122886681096,1.0986122886681096,0.6931471805599453,0.6931471805599453,1.6094379124341005,0.6931471805599453,0.0,0.0,0.6931471805599453,1.9459101490553128,0.0,1.0986122886681096,1.0986122886681096,0.0,0.0,1.791759469228055,0.0,0.6931471805599453,0.0,0.6931471805599453,1.6094379124341005,0.0,0.6931471805599453,0.6931471805599453,0.6931471805599453
6.461468176353717,6.755768921984256,6.533788837933344,6.507277712385012,6.523562306149512,6.421622267806518,6.084499413075172,6.077642243349034,6.489204931325317,6.253828811575473,6.558197802812269,6.403574197934815,6.016157159698354,5.849324779946859,5.831882477283517,5.945420608606575,5.968707559985366,6.156978985585555,6.139884552226255,5.966146739123692,5.8944028342648505,5.905361848054571,5.955837369464831,6.129050210060545,6.732210706467206,6.486160788944089,6.025865973825314,5.891644211825771,5.855071922202427,5.950642552587727,6.003887067106539,6.322565239927284,6.150602768446279,5.71042701737487,5.855071922202427,5.961005339623274,5.805134968916488,5.983936280687191,6.278521424165844,6.082218910376446,6.234410725718371,6.230481447578482,5.899897353582492,5.733341276897746,5.877735781779639,5.910796644040527,6.142037405587356,5.8522024797744745,6.272877006546167,5.976350909297934,5.8888779583328805,5.968707559985366,6.056784013228625,6.180016653652572,5.780743515792329,5.7745515455444085,5.981414211254481,5.8805329864007,5.910796644040527,5.545177444479562
1.9459101490553128,2.19722457733622,3.044522437723423,2.70805020110221,1.6094379124341005,1.3862943611198906,3.784189633918261,1.0986122886681096,1.3862943611198906,0.6931471805599453,2.079441541679836,1.6094379124341005,1.6094379124341005,1.791759469228055,1.3862943611198906,1.3862943611198906,0.6931471805599453,0.0,1.3862943611198906,1.0986122886681096,2.302585092994046,1.0986122886681096,1.6094379124341005,1.6094379124341005,0.6931471805599453,2.3978952727983707,1.791759469228055,2.5649493574615367,1.6094379124341005,1.3862943611198906,1.6094379124341005,0.6931471805599453,1.6094379124341005,1.3862943611198906,1.6094379124341005,1.6094379124341005,1.9459101490553128,1.791759469228055,1.3862943611198906,0.6931471805599453,0.6931471805599453,0.6931471805599453,2.4849066497880004,2.639057329615259,2.70805020110221,2.3978952727983707,2.302585092994046,2.302585092994046,2.302585092994046,2.70805020110221,2.639057329615259,2.5649493574615367,2.079441541679836,1.791759469228055,1.791759469228055,2.302585092994046,1.6094379124341005,1.0986122886681096,2.079441541679836,2.4849066497880004
2.5649493574615367,2.8903717578961645,2.3978952727983707,1.9459101490553128,2.639057329615259,2.772588722239781,2.5649493574615367,2.079441541679836,2.302585092994046,2.9444389791664403,3.49650756146648,2.19722457733622,3.218875824868201,3.1354942159291497,3.332204510175204,2.8903717578961645,2.639057329615259,2.8903717578961645,2.995732273553991,2.4849066497880004,2.3978952727983707,2.302585092994046,3.091042453358316,3.1780538303479458,3.1354942159291497,2.833213344056216,1.9459101490553128,2.639057329615259,2.3978952727983707,2.4849066497880004,2.9444389791664403,2.772588722239781,2.639057329615259,2.772588722239781,2.4849066497880004,2.4849066497880004,3.1354942159291497,2.639057329615259,2.995732273553991,3.1354942159291497,2.8903717578961645,1.9459101490553128,2.639057329615259,3.4011973816621555,3.218875824868201,3.332204510175204,2.833213344056216,2.70805020110221,3.4339872044851463,2.9444389791664403,3.044522437723423,2.8903717578961645,2.5649493574615367,2.3978952727983707,2.833213344056216,3.8501476017100575,2.4849066497880004,2.079441541679836,2.9444389791664403,2.5649493574615367
5.093750200806762,4.836281906951478,4.867534450455582,5.170483995038151,5.342334251964811,5.176149732573829,4.74493212836325,4.852030263919617,4.762173934797756,5.017279836814924,5.068904202220232,5.3706380281276624,4.859812404361672,4.691347882229144,4.787491742782046,4.5217885770490405,4.574710978503383,4.919980925828125,5.231108616854587,4.976733742420574,4.867534450455582,4.762173934797756,4.700480365792417,4.634728988229636,4.990432586778736,5.214935757608986,4.875197323201151,4.718498871295094,4.6443908991413725,4.691347882229144,4.812184355372417,4.836281906951478,5.25227342804663,4.736198448394496,4.663439094112067,4.624972813284271,4.709530201312334,4.852030263919617,4.934473933130692,5.332718793265369,4.990432586778736,5.068904202220232,4.948759890378168,4.955827057601261,4.962844630259907,5.093750200806762,5.293304824724492,5.075173815233827,4.955827057601261,4.890349128221754,4.762173934797756,4.727387818712341,4.762173934797756,5.043425116919247,4.983606621708336,5.278114659230518,5.262690188904886,5.214935757608986,5.14166355650266,4.795790545596741
6.280395838960195,6.171700597410915,6.29156913955832,6.214608098422191,6.363028103540465,6.393590753950631,6.322565239927284,6.124683390894205,6.163314804034641,6.218600119691729,6.07073772800249,6.272877006546167,6.366470447731438,6.324358962381311,6.282266746896006,6.322565239927284,6.240275845170769,6.003887067106539,6.253828811575473,6.311734809152915,6.253828811575473,6.408528791059498,6.270988431858299,6.335054251498059,6.156978985585555,6.359573868672378,6.432940092739179,6.373319789577012,6.363028103540465,6.29156913955832,6.448889394146858,6.272877006546167,6.439350371100098,6.317164686747284,6.336825731146441,6.385194398997726,6.293419278846481,6.473890696352274,6.280395838960195,6.391917113392602,6.455198563340122,6.530877627725885,6.452048954437226,6.391917113392602,6.248042874508429,6.255750041753367,6.421622267806518,6.57507584059962,6.54965074223381,6.459904454377535,6.472346294500901,6.278521424165844,5.7745515455444085,5.950642552587727,6.2878585601617845,6.356107660695892,6.429719478039138,6.507277712385012,6.35088571671474,5.971261839790462
5.030437921392435,5.010635294096256,5.0238805208462765,5.068904202220232,6.142037405587356,6.386879319362645,5.579729825986222,4.820281565605037,5.327876168789581,5.176149732573829,5.342334251964811,6.206575926724928,6.467698726104354,5.556828061699537,5.680172609017068,5.918893854273146,5.497168225293202,5.3612921657094255,6.338594078203183,6.555356891810665,5.802118375377063,5.605802066295998,5.187385805840755,5.627621113690637,5.733341276897746,5.953243334287785,5.968707559985366,5.442417710521793,5.0238805208462765,4.795790545596741,4.663439094112067,5.1298987149230735,6.063785208687608,6.0330862217988015,5.598421958998375,5.384495062789089,5.5053315359323625,5.384495062789089,5.407171771460119,8.305978210967302,7.911324018963352,7.198183577101943,6.9865664594064265,6.440946540632921,6.349138991379798,6.872128101338986,7.690286020676768,7.976595409316577,7.341483852363161,6.565264970035361,6.228511003591184,6.095824562432225,6.470799503782602,5.877735781779639,5.62040086571715,5.429345628954441,5.655991810819852,5.1647859739235145,6.040254711277414,5.272999558563747
6.975413927455952,6.823286122355687,7.887208585813932,7.682943169878292,7.215975002651466,7.274479558773871,7.166265974133638,7.290292882446597,7.270312886079025,7.193685818395112,6.949856455000773,7.301147805856032,7.355001921105257,7.404279118037268,7.43307534889858,7.4489161025442,7.323830566202317,7.001245622069476,7.523481312573497,7.602900462204755,7.602900462204755,7.704811922932594,7.796057974316123,7.577633832602728,7.226209010100671,7.80710329012598,7.908019444632471,7.912056888179006,7.975564658495202,7.940939762327791,7.807510042216193,7.533158807455563,8.14351740579748,8.108021221376747,8.529319371214077,8.280964400553373,7.958576903813898,7.705262474866325,7.347299700743164,7.892078421248119,7.930565854233965,7.884952945759814,7.917171988845776,7.819636302367592,7.468513271496337,7.256297239690681,7.822044008185619,7.776115477098742,7.729735331385051,7.708859601047175,7.666221925662725,7.275172319452771,7.007600613951853,7.323170717943469,7.24422751560335,7.274479558773871,7.189922170745808,6.802394763324311,6.958448393297656,6.4457198193855785
5.3706380281276624,5.459585514144159,5.5909869805108565,5.91350300563827,7.283448228756631,10.646281672985488,7.995306620290822,6.559615237493242,6.289715570908998,6.054439346269371,6.008813185442595,5.918893854273146,5.66988092298052,5.68697535633982,5.872117789475416,5.641907070938114,5.58724865840025,5.501258210544727,5.605802066295998,5.537334267018537,5.673323267171493,6.326149473155099,6.198478716492308,5.66988092298052,5.616771097666572,5.934894195619588,5.793013608384144,5.631211781821365,5.521460917862246,6.156978985585555,6.182084906716632,6.638567789166521,5.996452088619021,5.860786223465865,6.406879986069314,6.030685260261263,6.375024819828097,6.411818267709897,6.71901315438526,6.320768294250582,5.834810737062605,5.616771097666572,5.857933154483459,5.777652323222656,5.476463551931511,5.937536205082426,6.023447592961033,5.883322388488279,5.497168225293202,5.762051382780177,5.407171771460119,5.5909869805108565,5.537334267018537,5.820082930352362,5.958424693029782,5.598421958998375,5.805134968916488,5.823045895483019,5.8805329864007,5.666426688112432
1.3862943611198906,2.8903717578961645,1.3862943611198906,2.833213344056216,1.9459101490553128,2.9444389791664403,1.3862943611198906,3.4011973816621555,2.3978952727983707,2.833213344056216,2.3978952727983707,2.5649493574615367,2.639057329615259,1.3862943611198906,2.079441541679836,1.3862943611198906,1.9459101490553128,3.4339872044851463,0.6931471805599453,2.833213344056216,1.6094379124341005,2.639057329615259,1.9459101490553128,1.6094379124341005,2.19722457733622,2.8903717578961645,2.995732273553991,3.367295829986474,2.772588722239781,2.19722457733622,2.19722457733622,2.079441541679836,1.6094379124341005,3.713572066704308,2.772588722239781,1.791759469228055,2.70805020110221,1.3862943611198906,1.6094379124341005,1.6094379124341005,1.9459101490553128,2.19722457733622,1.791759469228055,3.1354942159291497,3.6375861597263857,2.5649493574615367,2.639057329615259,5.075173815233827,5.241747015059643,4.382026634673881,3.80666248977032,2.302585092994046,1.9459101490553128,1.791759469228055,2.9444389791664403,3.58351893845611,2.70805020110221,2.772588722239781,3.044522437723423,1.791759469228055
0.6931471805599453,0.0,0.0,0.0,0.0,0.6931471805599453,0.6931471805599453,0.0,1.3862943611198906,1.0986122886681096,0.0,0.0,0.0,0.6931471805599453,0.0,0.6931471805599453,0.0,0.6931471805599453,0.0,0.0,0.0,0.0,0.0,0.0,1.0986122886681096,0.6931471805599453,0.0,0.6931471805599453,1.0986122886681096,1.0986122886681096,0.6931471805599453,0.0,1.0986122886681096,0.6931471805599453,0.0,0.0,0.0,0.0,0.0,0.0,0.6931471805599453,3.555348061489413,2.19722457733622,1.3862943611198906,2.19722457733622,1.3862943611198906,0.6931471805599453,0.6931471805599453,1.3862943611198906,1.6094379124341005,2.4849066497880004,1.0986122886681096,1.0986122886681096,0.6931471805599453,0.6931471805599453,1.3862943611198906,1.3862943611198906,0.0,0.6931471805599453,0.6931471805599453
3.970291913552122,4.158883083359672,4.04305126783455,3.970291913552122,4.90527477843843,4.060443010546419,4.127134385045092,4.219507705176107,4.110873864173311,4.110873864173311,4.204692619390966,4.890349128221754,4.110873864173311,4.060443010546419,3.737669618283368,3.80666248977032,3.970291913552122,4.330733340286331,3.9318256327243257,3.737669618283368,4.442651256490317,3.9318256327243257,3.912023005428146,3.784189633918261,3.58351893845611,4.624972813284271,3.970291913552122,3.5263605246161616,3.7612001156935615,3.8501476017100575,3.258096538021482,3.912023005428146,5.7899601708972535,5.3612921657094255,4.736198448394496,4.762173934797756,4.859812404361672,4.406719247264253,4.31748811353631,5.0369526024136295,4.406719247264253,3.713572066704308,4.219507705176107,3.4657359027997265,4.02535169073515,4.700480365792417,5.3230099791384085,4.934473933130692,5.0369526024136295,4.795790545596741,4.330733340286331,4.382026634673881,4.499809670330265,4.31748811353631,4.5217885770490405,4.430816798843313,4.356708826689592,4.248495242049359,4.465908118654584,4.934473933130692
5.424950017481403,5.247024072160486,5.262690188904886,5.1298987149230735,5.375278407684165,5.236441962829949,5.41610040220442,5.043425116919247,5.384495062789089,5.645446897643238,5.648974238161206,6.406879986069314,6.182084906716632,6.161207321695077,5.998936561946683,5.958424693029782,5.8522024797744745,5.83773044716594,5.945420608606575,5.723585101952381,5.560681631015528,5.529429087511423,5.429345628954441,5.579729825986222,5.560681631015528,5.537334267018537,5.579729825986222,5.598421958998375,5.407171771460119,5.472270673671475,5.556828061699537,5.521460917862246,5.659482215759621,5.572154032177765,5.659482215759621,5.594711379601839,5.942799375126701,5.648974238161206,5.66988092298052,5.87493073085203,5.58724865840025,5.560681631015528,5.91350300563827,5.631211781821365,5.6937321388027,5.541263545158426,5.676753802268282,5.41164605185504,5.602118820879701,5.3981627015177525,5.602118820879701,5.683579767338681,5.62040086571715,5.613128106388071,5.513428746164983,5.493061443340548,5.616771097666572,5.780743515792329,5.986452005284438,6.234410725718371
1.3862943611198906,1.9459101490553128,1.0986122886681096,1.3862943611198906,1.6094379124341005,2.079441541679836,1.0986122886681096,2.302585092994046,2.079441541679836,0.6931471805599453,1.6094379124341005,2.19722457733622,1.791759469228055,1.3862943611198906,1.6094379124341005,1.6094379124341005,1.791759469228055,1.3862943611198906,1.3862943611198906,1.3862943611198906,1.3862943611198906,0.6931471805599453,1.6094379124341005,1.9459101490553128,2.079441541679836,1.791759469228055,1.9459101490553128,2.19722457733622,1.6094379124341005,1.791759469228055,1.3862943611198906,1.9459101490553128,1.9459101490553128,1.9459101490553128,1.3862943611198906,2.302585092994046,1.9459101490553128,1.791759469228055,2.19722457733622,1.6094379124341005,1.9459101490553128,1.791759469228055,2.079441541679836,2.19722457733622,1.6094379124341005,2.079441541679836,2.3978952727983707,1.791759469228055,1.9459101490553128,2.5649493574615367,2.19722457733622,1.6094379124341005,2.19722457733622,5.905361848054571,2.079441541679836,2.302585092994046,2.079441541679836,1.9459101490553128,2.19722457733622,2.70805020110221
7.765993079407675,7.943782692458625,8.185628891147607,7.660585461703256,7.286191714702382,8.15507488781144,8.010027528481734,7.921898411023797,7.873978379604501,8.034631032923107,7.41336733569524,7.273092595999522,7.749322464660356,8.106514516255185,7.79934339821592,7.444833273892193,7.3632795869630385,7.491087593534876,7.498315870766981,7.367708572374371,7.203405521083095,7.22983877815125,7.175489713624222,7.048386408721883,7.1308988302963465,7.1770187659099,7.005789019253503,6.959398512133975,6.891625897052253,6.866933284461882,6.888572459565364,6.974478911025045,7.124478262493424,7.076653815443951,6.877296071497429,6.925595197110468,6.965080345601407,6.903747257584598,7.112327444710911,7.139660335964919,7.023758954738443,7.126087273299125,7.00669522683704,7.001245622069476,6.953684210870537,7.003065458786462,7.113142108707088,7.079184394609668,7.203405521083095,7.229113877793302,7.27655640271871,7.223295679562314,7.223295679562314,7.342131730584722,7.334329350300536,7.257002707092073,7.409136443920128,7.227662498728655,7.268920128193722,7.240649694255466
1.791759469228055,1.3862943611198906,1.791759469228055,1.3862943611198906,1.0986122886681096,1.3862943611198906,0.0,1.0986122886681096,1.6094379124341005,0.0,2.70805020110221,1.9459101490553128,1.791759469228055,1.0986122886681096,1.0986122886681096,1.0986122886681096,1.0986122886681096,2.302585092994046,2.079441541679836,1.791759469228055,1.0986122886681096,1.791759469228055,1.6094379124341005,2.70805020110221,2.9444389791664403,3.091042453358316,1.791759469228055,1.0986122886681096,2.302585092994046,2.4849066497880004,1.791759469228055,2.3978952727983707,1.3862943611198906,1.791759469228055,1.9459101490553128,1.3862943611198906,1.9459101490553128,1.6094379124341005,2.19722457733622,1.0986122886681096,2.19722457733622,1.9459101490553128,1.0986122886681096,1.791759469228055,2.4849066497880004,2.639057329615259,2.302585092994046,1.9459101490553128,2.079441541679836,1.9459101490553128,1.3862943611198906,2.079441541679836,1.6094379124341005,1.6094379124341005,2.5649493574615367,1.9459101490553128,2.3978952727983707,2.70805020110221,2.995732273553991,2.079441541679836
2.833213344056216,2.302585092994046,3.044522437723423,3.6375861597263857,3.8501476017100575,2.833213344056216,2.4849066497880004,2.302585092994046,3.970291913552122,2.8903717578961645,3.713572066704308,2.772588722239781,3.044522437723423,3.091042453358316,3.4339872044851463,3.1780538303479458,2.302585092994046,3.713572066704308,3.218875824868201,3.1780538303479458,2.9444389791664403,3.044522437723423,2.995732273553991,3.218875824868201,4.941642422609304,4.060443010546419,3.784189633918261,3.58351893845611,2.8903717578961645,3.091042453358316,2.833213344056216,4.060443010546419,3.80666248977032,3.218875824868201,2.8903717578961645,2.5649493574615367,2.833213344056216,2.995732273553991,3.688879454113936,3.218875824868201,2.995732273553991,3.295836866004329,2.833213344056216,3.091042453358316,2.5649493574615367,4.77912349311153,3.555348061489413,3.4657359027997265,3.044522437723423,2.9444389791664403,3.610917912644224,3.295836866004329,3.044522437723423,2.70805020110221,3.258096538021482,3.1780538303479458,3.091042453358316,2.995732273553991,2.833213344056216,3.5263605246161616
