2.944361062553222830e+00,1.951293729417264755e+00,1.946415938217631814e+00,1.610612133546499569e+00,1.387825709147311626e+00,2.485417023688823779e+00,2.197538753537124023e+00,1.945888345776152217e+00,1.792420447066187084e+00,2.197299395076718564e+00,1.609531647650835895e+00,1.792495184557505450e+00,1.792173503384493660e+00,2.397451183915088269e+00,1.948040751595309983e+00,1.792319955800987907e+00,1.793031465443255312e+00,2.096595435132261986e+00,1.612270807534131656e+00,1.945535627968292935e+00,2.079169688979698005e+00,2.996166310534520427e+00,2.398355391330378339e+00,1.387141444095973508e+00,2.079845853165309677e+00,2.638627714289510706e+00,2.485267319950299481e+00,2.396639890091347258e+00,2.079117023675900899e+00,2.397649350177746719e+00,2.945862764277896506e+00,1.945504946447460082e+00,1.945590953966582548e+00,1.793803186703892605e+00,2.197667323438559972e+00,2.078897406093814570e+00,1.609046345990807758e+00,2.397543956273147092e+00,2.707087705050736481e+00,1.944969832822903699e+00,1.606544745043403388e+00,1.946060621915260969e+00,1.388634222970319021e+00,2.076841069123572581e+00,2.564166740661284027e+00,1.790751803215310689e+00,2.301794048065571641e+00,2.081968783891373409e+00,2.300057194426232243e+00,3.176486023977201256e+00,1.945484207272017763e+00,1.945586750569646473e+00,2.482967563363490893e+00,1.612092903129279886e+00,1.945886138996260284e+00,1.793207276486256552e+00,2.078783844345672094e+00,1.945413762792146839e+00,1.946392153699135763e+00,2.304600825673189135e+00
6.120094914379602180e+00,6.059858529809511118e+00,5.725240882024069222e+00,5.852661450109079233e+00,6.060595963375818407e+00,5.910138937636617129e+00,5.819864056264552943e+00,5.673369107503465791e+00,5.884266189738169395e+00,5.650718588530723174e+00,5.897822071268415733e+00,6.281244575065714209e+00,6.099197595874710665e+00,5.966332679767822889e+00,5.725730577075870187e+00,5.840617292475810629e+00,5.720351662218738475e+00,5.944451076264865463e+00,6.087430094691387517e+00,6.076589916236842193e+00,6.063745595242809650e+00,6.574520496120817903e+00,5.975287287886865251e+00,5.817748674183929047e+00,5.957107965064457389e+00,6.161762986917135088e+00,6.046586742770663214e+00,5.755528452856296440e+00,5.836752481517430979e+00,5.630731534811869388e+00,5.849289554284172077e+00,5.772217512100283443e+00,5.773628122262260298e+00,5.724088212718033475e+00,5.691556170265286596e+00,5.525835825574218596e+00,5.502567947316318708e+00,5.784132742436896457e+00,5.660124473970298276e+00,5.881043998823081154e+00,5.960039684228073398e+00,5.825139305080183405e+00,5.592270884479453308e+00,5.681300854387113297e+00,5.539640498961419190e+00,5.574885549991013711e+00,5.813469177020878398e+00,5.723429795383571772e+00,5.721864481230389821e+00,5.554040209501247993e+00,5.446849627785648629e+00,5.407370946473647244e+00,5.264440127371899258e+00,5.439818860938258283e+00,5.818029189345056196e+00,5.758378727403465902e+00,5.780382570847540258e+00,5.593777869205152520e+00,5.307983276711739862e+00,5.246691916884940632e+00
1.386022756324143179e+00,1.945539849303620894e+00,1.098970051602254472e+00,1.609678227479227397e+00,5.681802372587573327e-03,2.564246927523974318e+00,1.791807367627308967e+00,6.655288775282524050e-01,1.098075698620120777e+00,6.739495166073832255e-01,1.790130210748922091e+00,1.100520007729941074e+00,1.790835632274942579e+00,1.385661306284845740e+00,1.099722004972672806e+00,1.611306712100952998e+00,1.610961943357479331e+00,1.389837657310360353e+00,1.788636787183496724e+00,1.791556100859647893e+00,1.610287026818274292e+00,1.944432924200914181e+00,2.196394029361351308e+00,2.078831700089948331e+00,2.486736595341807021e+00,2.198751680670463227e+00,1.793028365430082482e+00,1.790910756962250439e+00,1.786416924486343483e+00,1.790738410751242071e+00,2.298980604807405737e+00,2.076328560561214953e+00,1.791357070544319363e+00,1.384175317445289766e+00,2.197686921029129437e+00,2.403568770503873520e+00,1.390441504510379289e+00,2.085640991104818820e+00,1.787174394626370511e+00,6.930080537234136751e-01,2.065834992818515570e+00,2.202018525136781424e+00,1.947340414350708260e+00,2.076051691401146648e+00,1.794811695742172253e+00,1.105683864775445224e+00,2.372671637163353608e+00,1.952994471524618358e+00,1.798266109657646883e+00,2.402820578892091330e+00,1.944543935870689078e+00,2.082728958176125467e+00,1.613275809507857206e+00,2.195600417389631076e+00,1.095802136419933737e+00,1.610536926096430399e+00,2.301618230471901949e+00,1.607192072601867805e+00,2.485335518021078105e+00,2.570728217366625046e+00
6.705833675134800664e+00,6.558025981623636369e+00,6.879174561170080970e+00,6.315739763121195338e+00,6.646725331453823493e+00,6.627453512798017421e+00,6.409163049987612659e+00,6.026082479838603234e+00,6.107933845756284619e+00,6.130578434152133660e+00,6.029952043545287133e+00,5.856331816042597005e+00,6.133035366691879986e+00,6.296496853779080638e+00,6.076036012196015079e+00,6.087299917105014835e+00,5.875769121113223470e+00,6.398285713446385081e+00,5.908270396206596331e+00,6.191020457328152204e+00,6.145620129580151136e+00,6.142070393357203173e+00,6.206410118102669848e+00,5.969959469547593933e+00,5.853209825705811831e+00,5.853689913104101805e+00,6.129183947029488877e+00,6.071232428568104744e+00,5.988202499027776682e+00,5.949048214557735470e+00,5.933321649260544284e+00,5.729617175596127154e+00,5.795835913207283419e+00,5.961314219722329000e+00,5.878565835059804456e+00,5.815034739823124355e+00,5.711958491427057361e+00,5.909348273293689502e+00,5.548009371244952526e+00,5.900189751087983048e+00,5.988269880287389491e+00,9.213859019410611140e+00,6.039488975341697596e+00,5.969900958084273235e+00,5.869566764670994807e+00,5.751385297004325992e+00,5.926386338036655488e+00,5.761707326811978724e+00,5.927136970204291977e+00,5.647589255128989905e+00,5.732656340395095640e+00,5.689034595383112070e+00,5.884700099373902482e+00,5.324280648482783818e+00,5.781980032176451623e+00,6.084806108051206586e+00,5.849268478312069419e+00,5.704874316724854566e+00,5.727909176860206841e+00,5.358310057477222443e+00
8.625581324753991197e+00,8.488448464742898381e+00,8.659655528922447942e+00,8.613295212526191236e+00,8.724680361815391194e+00,8.665810478903502201e+00,8.207521421618109159e+00,7.994603461287641544e+00,7.930853400368079065e+00,7.892101063069675959e+00,8.149328014160355238e+00,8.184234375958098440e+00,8.130235313520493889e+00,8.149956903927133567e+00,8.245865230304723070e+00,8.982510696900105174e+00,9.267469389482423381e+00,9.036939553068716435e+00,8.830692857883260416e+00,8.672758925507563887e+00,8.515564805790464931e+00,8.563632957131416035e+00,8.548848757803574117e+00,8.336735157863033763e+00,8.283644758373345240e+00,8.286728907126020616e+00,8.154404902262442079e+00,8.156792353457085198e+00,8.076468437202789730e+00,8.030283598301654280e+00,7.991237564684571026e+00,7.983600999745198656e+00,8.026261399314439160e+00,8.027658837642180245e+00,7.991041764824752924e+00,7.981784011832039560e+00,7.928410148615019359e+00,7.966706436525528012e+00,7.858163731742915381e+00,7.880101092934188145e+00,7.795707324646759417e+00,7.853703494142804331e+00,7.918941050756914457e+00,7.853840213281237936e+00,7.929161564673002260e+00,7.856740043689389275e+00,7.766598575761761047e+00,7.767741006028554551e+00,7.779287443251661216e+00,7.749839282506410854e+00,7.766357537328940630e+00,7.716541361937345300e+00,7.709673477427275934e+00,7.644142507878444626e+00,7.953445374416807212e+00,7.856649291689562276e+00,7.847890725561470937e+00,7.762765933656804229e+00,7.772920567744503906e+00,7.677186374610381669e+00
3.524739459878138526e+00,3.582470973214229915e+00,4.109312474839024176e+00,3.584026287809510158e+00,3.931108429217600619e+00,4.850490705017064030e+00,4.174119112619100846e+00,4.316342453676417890e+00,4.331295557560519427e+00,4.024384403010634159e+00,3.714207555968787933e+00,4.233465747021791792e+00,3.849962918073431606e+00,4.660367415653504430e+00,3.786065406422329804e+00,4.275829527778753025e+00,4.075344124628157871e+00,4.572174369927770599e+00,4.844865624207006505e+00,4.317362270116671397e+00,4.024995700298154233e+00,4.024763197126512537e+00,3.662781641435476132e+00,3.950951976297931711e+00,3.972241925302134824e+00,4.059991227296845473e+00,4.204543611476288412e+00,4.158669738054173948e+00,4.430316815773527317e+00,4.079004842304605027e+00,4.204623893745320196e+00,3.991115446549394541e+00,4.316889569673771021e+00,3.870654266068335847e+00,4.318275446508913262e+00,3.761412503461725620e+00,4.191004067623564033e+00,4.356993193302608702e+00,4.103001338780379648e+00,3.851123519907318826e+00,3.737471386889413161e+00,3.583345199253597180e+00,3.872340022749519495e+00,4.093699339604523146e+00,3.870691141464276619e+00,5.406645740708873937e+00,4.369499639417706582e+00,4.232909781839504504e+00,4.342498506943915260e+00,4.476272466118406790e+00,4.110360046976428983e+00,4.097205244637796895e+00,3.407703452297743851e+00,5.422822382482916481e+00,4.270184744441134939e+00,3.911474352118033959e+00,3.520156785652544418e+00,3.950670740504462763e+00,3.528731384931869997e+00,3.664157812020382821e+00
4.380931231431356210e+00,4.602652512095115611e+00,5.123140088245955681e+00,4.884810631351397703e+00,4.533516534223276828e+00,4.094277893109232735e+00,4.078724642529746980e+00,3.839594380579084199e+00,6.330030377184122869e+00,4.908008597373987314e+00,4.790754104988834250e+00,4.175448344376459175e+00,4.586835915300940592e+00,3.852767771811845599e+00,4.146727641211067628e+00,5.550340481333554621e+00,4.493392552404727347e+00,4.461415135938100462e+00,3.948748351270026991e+00,6.360956771726182346e+00,4.287456517761460084e+00,4.248037514810365955e+00,4.443858639008031020e+00,3.956941332868044281e+00,4.358275455556506195e+00,4.203390527194797777e+00,4.220979732397496242e+00,3.877865136875195962e+00,3.851013211212791276e+00,3.988055873977403909e+00,4.574123379459319239e+00,4.920939004784468551e+00,4.317886468697597735e+00,4.462456777453017942e+00,4.020878871723167158e+00,2.903637955557826000e+00,3.688811074967967674e+00,4.732033173323188180e+00,4.377434833631197009e+00,4.304178951296526279e+00,3.974499150832304206e+00,4.144354984750493465e+00,3.807016363264098757e+00,3.841452109983466201e+00,4.395256051934497421e+00,4.155776307427306193e+00,3.889581708177646480e+00,3.898679475788506377e+00,3.436285217631896316e+00,4.826158501140517032e+00,3.988766137576076343e+00,3.981818119100068554e+00,3.447364380620873359e+00,3.680569058183624787e+00,3.089834174201692818e+00,3.272066874677392878e+00,5.770765041449433141e+00,3.949719970859604246e+00,3.975684656554868912e+00,3.820159843712809256e+00
2.564212082324930364e+00,1.385904689849427163e+00,1.386932003128720448e+00,2.397927677678179492e+00,2.197863183965190981e+00,1.962114152197452333e+00,2.303377609383183255e+00,1.791900763369494110e+00,1.946067419138167942e+00,1.387153773043513061e+00,1.946593299514849384e+00,1.608957291904464793e+00,1.943209862413515898e+00,1.385717575445792882e+00,1.387309641477137090e+00,6.918067317991536402e-01,2.303200689693885472e+00,2.079949829206038547e+00,2.300776978695882491e+00,2.153418672677489099e+00,1.944281865695045797e+00,1.099440829473516512e+00,1.609115463612013075e+00,1.099018135548323061e+00,1.793005100583940026e+00,6.877504797731286423e-01,1.793971036612260539e+00,1.608657030648795061e+00,1.791262571689441474e+00,1.612947211462304464e+00,1.791794568651539743e+00,1.391775170344750956e+00,1.791804567460107966e+00,1.387972504659025219e+00,1.948085527177615184e+00,1.374959833781707053e+00,1.099335564893064499e+00,6.990933900186492300e-01,1.388186393973163568e+00,1.703373238439032766e+00,1.948060357938565135e+00,1.099883532006901143e+00,1.103045531240955057e+00,1.945986465256192677e+00,2.081059889143970665e+00,2.193419650864358861e+00,1.608482031936057322e+00,6.932769694523900350e-01,1.789360382539433303e+00,1.385569741325875848e+00,6.903875374388753761e-01,2.080039401310833203e+00,1.387937750697039618e+00,1.943905486843656716e+00,1.790982656089615599e+00,1.790796841715760035e+00,1.877343947935721236e+00,1.943892085917021006e+00,2.197355232265484126e+00,2.298146184572974260e+00
7.131873308893483809e+00,6.608650820996063935e+00,7.370337944210363368e+00,7.111085348838007469e+00,7.377221104913924243e+00,6.669874855165369709e+00,6.460863558457942801e+00,6.394717447756082862e+00,6.706723019089046112e+00,7.004666737933424869e+00,7.641413763362767675e+00,7.521966133401937427e+00,7.059089576739591365e+00,6.972362793001530612e+00,7.381185636444093312e+00,6.855496173165157359e+00,7.386075237455724363e+00,7.326314046081458642e+00,7.486256182153168126e+00,7.264937744922017160e+00,7.172085413562364842e+00,7.038296232479919645e+00,6.753953402636840408e+00,6.908708331498815802e+00,7.059391230817626983e+00,6.973997898422496178e+00,6.744230975775108661e+00,7.066576081910379337e+00,6.741102643201069000e+00,6.673152836980291269e+00,6.967790599589292810e+00,6.920046050902502799e+00,8.798764162284699708e+00,7.800066307618412687e+00,7.016042596167007872e+00,7.087842446691506204e+00,6.733150066797885636e+00,6.810152215862863123e+00,7.118816906372639863e+00,7.007529123317156383e+00,7.049996915821624022e+00,7.177776543445745894e+00,7.606312871350987770e+00,6.897846200289930785e+00,6.931917272516372464e+00,7.095159341856970059e+00,7.157023593649536330e+00,6.980866772114731944e+00,8.360506895253600135e+00,7.291233061056646925e+00,7.424708641453602098e+00,7.065461902117542436e+00,7.196908393637835744e+00,7.091602239937675023e+00,6.956589389375143817e+00,6.800137768913506520e+00,8.124110369343854998e+00,7.332548110360050053e+00,7.527832207551466759e+00,7.114391295476586663e+00
1.094001893911649148e+00,9.556521619784688060e-01,6.932785785024163649e-01,1.089963095141976757e+00,6.902984427579870186e-01,3.286672794714246004e-01,-1.807525523411126220e-03,6.887450660099374566e-01,1.104703314422241123e+00,8.924149136450133524e-01,6.806541255056217654e-01,3.808069312321152311e-01,3.235567960135671273e-01,4.269770928648532193e-02,2.268268914198242892e-01,5.259478847402264678e-01,6.052610336398283053e-01,8.110107772752377375e-01,9.161661136226096902e-01,9.916159246758942114e-01,1.073377519197912244e+00,8.281951005578167546e-01,4.529411416087505415e-01,1.589445995645454197e-04,6.164919563341532127e-01,6.682775296502870832e-01,6.957223902407861926e-01,7.172412417022137887e-02,3.387042912883411749e-01,4.729388251503692797e-01,7.045382043251767756e-01,6.662408135958219901e-01,1.068111371058139358e+00,6.039823388309548680e-01,2.852418062289134235e-02,6.090868879989967677e-02,5.883149694580561834e-02,5.757434092555309135e-01,6.188299391348013323e-01,6.271575773788171659e-01,5.851858125743820693e-01,5.445755063767609983e-01,5.784353589312760668e-01,6.039679199117607977e-01,6.021867588692512152e-01,4.936139996593680301e-01,3.925799890960643412e-01,2.658684973675519148e-01,7.642793969217126504e-02,9.104001391930550968e-02,6.531589973115620174e-01,9.050265980511913444e-01,1.064339197324654984e+00,8.442991104910186895e-01,4.545110302927012902e-01,4.653107515144992712e-02,5.355720180946355047e-01,6.554467032977928653e-01,6.713216031494153579e-01,5.761938785224089976e-01
6.526907797540237866e+00,6.594200155764679216e+00,6.481251951173047310e+00,6.403385375601359897e+00,7.160523321483027281e+00,7.838343762218676680e+00,8.418831068795116224e+00,8.768628319204847088e+00,7.449836840823323314e+00,6.759100666770867960e+00,6.502443124031421995e+00,6.435144198016907957e+00,6.214103715124168481e+00,6.035868235517544811e+00,5.883157461357808593e+00,5.799636331453183580e+00,5.378201738332636594e+00,5.351096607916736581e+00,5.451592270757797287e+00,5.427284351831272780e+00,5.111068572587400105e+00,5.169033326487401325e+00,4.986262476517665299e+00,4.753347114484503422e+00,5.041479541414162213e+00,5.038310486128345644e+00,4.704632545676874500e+00,4.940298497882976037e+00,4.637757198423914318e+00,4.808203820409796769e+00,4.315855490670847061e+00,4.557507903066589705e+00,4.628746009178100529e+00,4.408221457180776071e+00,4.716266938660687913e+00,4.462028947333387841e+00,4.520935123206474948e+00,4.032194387879004083e+00,3.946609366189254509e+00,4.240403868952506983e+00,4.086509986954343532e+00,3.784185488856469881e+00,4.167483971703644485e+00,4.188874788360180901e+00,3.532482504578012161e+00,3.966206332853840610e+00,4.181780892041765618e+00,4.298188856811563596e+00,4.301016921075015986e+00,4.087641071393411707e+00,3.868653886070636094e+00,4.007754533476981962e+00,3.945383709733310873e+00,5.159986726618460473e+00,5.148886434114421817e+00,4.566097804953645145e+00,4.334924077237450213e+00,4.382619443919608671e+00,4.397070730473354061e+00,4.084113339913818308e+00
6.868463348086754294e+00,6.929109066928842431e+00,7.068152417265059384e+00,7.255602406487430045e+00,7.311994233212387506e+00,7.176065662802990630e+00,7.155131659191095395e+00,6.895259332667011520e+00,6.890531770419771718e+00,7.099263501352149675e+00,7.347896600609441720e+00,7.847825448798506187e+00,7.199702365811909033e+00,7.100091970319626355e+00,7.117284219788401423e+00,7.279670651727877306e+00,7.044477262065121259e+00,7.609475764161893530e+00,7.412550473191369171e+00,7.222388745050518644e+00,7.685775471737899878e+00,7.173676628420897927e+00,7.185371035932693218e+00,7.682217756332570424e+00,7.566637970478157449e+00,7.535229899616001425e+00,7.384817148968860323e+00,7.265099453881830094e+00,7.209251507228414901e+00,7.090763181465022491e+00,7.278003652442132321e+00,7.913091500628793185e+00,7.393033068021483523e+00,7.161345232292261720e+00,7.194061312157074894e+00,7.123242786492038015e+00,7.532054685629416824e+00,7.636629368238714299e+00,7.965453374188293800e+00,8.150985912420370738e+00,7.858498935864288271e+00,7.380206366280123831e+00,8.034479955548965435e+00,7.664947646826645311e+00,7.403559453067171781e+00,8.073779946560087240e+00,8.212331524163992924e+00,8.192931426976647558e+00,8.100765829168368626e+00,8.283495453394817076e+00,8.232012671247940006e+00,8.313578248881768218e+00,8.686523964153714417e+00,8.350880127425021726e+00,8.667636834424287784e+00,8.442671382713703210e+00,8.871855291203377902e+00,9.117316549040964446e+00,8.895155859373959473e+00,9.221309504371710375e+00
5.823071238851466269e+00,5.533490497486039494e+00,5.663897954310256999e+00,6.207734760481002034e+00,5.931694291284456355e+00,5.653415693544909360e+00,5.680803522228974778e+00,5.510153282777848105e+00,5.273944812012747008e+00,5.660763330230950352e+00,5.699184227432277261e+00,5.821106654997673324e+00,5.806918729890294451e+00,6.017819724410808924e+00,6.516412364254957623e+00,6.393477205842282629e+00,6.334983665622856641e+00,6.336883206880566277e+00,6.238460794604455018e+00,5.788552318306308564e+00,5.842630076207798062e+00,5.804775177779109896e+00,5.799348518981308764e+00,5.695842327956957440e+00,6.292369316541401858e+00,6.532280668286118974e+00,6.028484541986060208e+00,5.808931346064253098e+00,5.645989458215757040e+00,5.707017376575821643e+00,5.962351299801415649e+00,6.123227838336533502e+00,6.066416739530305691e+00,5.803222518476221836e+00,5.971247420556424323e+00,5.983658716983923931e+00,5.912957506935727636e+00,5.759574485657309673e+00,6.223813851979850043e+00,6.083664414335607340e+00,5.669957801768483741e+00,5.551637065235007107e+00,5.633615996425791472e+00,5.479976783940465168e+00,5.499988215331521602e+00,5.714410421269822571e+00,5.803715763316903420e+00,5.867856645882519651e+00,5.654591799119335960e+00,5.679613632385163591e+00,5.637401270018672861e+00,5.454190080389864193e+00,5.788312862407307691e+00,5.908706155918946656e+00,5.659176798475519909e+00,5.614889639474923477e+00,5.742099099905385806e+00,5.563940276992608958e+00,5.607787824851662606e+00,5.896874829325140510e+00
3.662860179853655751e+00,4.418825760442513406e+00,3.366453136294245585e+00,3.127743145635772049e+00,3.047221511000977934e+00,3.299453147397731545e+00,4.127534946062854537e+00,6.117549717271216103e+00,5.851193031772170983e+00,4.950240519923619686e+00,4.753647475105988285e+00,4.108401402272488845e+00,4.261536759214633818e+00,3.044572050868273649e+00,3.636490115196531647e+00,3.688708052153558459e+00,3.366483782905121735e+00,3.634684857911254507e+00,4.272448592946267887e+00,3.295765888161268364e+00,3.298206883176394655e+00,5.208630592382850644e+00,4.204493801116452545e+00,3.412243983000886161e+00,5.286353175058784437e+00,5.268597250657318654e+00,4.753259025514593894e+00,4.218411657320810804e+00,3.737840992856307665e+00,3.649371746399068694e+00,3.401687109271746667e+00,3.552350789730551295e+00,3.686786905821424654e+00,3.217965826552137809e+00,3.045463835320247892e+00,3.708448830930720863e+00,3.662959718792441866e+00,3.824548688382231720e+00,4.508703482823597675e+00,3.910289498168338262e+00,6.546421243233677245e+00,4.772216675408486708e+00,6.090051462583773834e+00,4.418816873821632463e+00,4.331166860303332200e+00,4.839688520365353241e+00,4.936318389579999355e+00,3.887020333177588327e+00,3.485937114736795905e+00,5.714991694160997504e+00,5.819880408597606802e+00,4.663653596512197019e+00,4.884767360255977131e+00,3.969310890993678953e+00,3.222941385849610096e+00,5.275757796251266285e+00,3.644576276927257386e+00,3.972642898036554904e+00,3.438330563174631926e+00,4.118808856932199447e+00
8.148093254301725707e+00,8.024498371948915576e+00,8.146038630201307029e+00,8.034410377483366617e+00,8.168052981378220778e+00,8.133580947290351304e+00,7.915261363991424659e+00,7.717173251148729207e+00,7.931476343886904701e+00,8.040159608262301916e+00,8.034073317815664694e+00,8.037915267937895791e+00,7.992218902846778938e+00,8.069876556583178484e+00,8.154827794355190562e+00,8.426606163754543743e+00,8.450994294717526500e+00,8.152577845362506181e+00,8.023253817685182199e+00,8.022381418360099659e+00,8.250475129771436045e+00,8.891810417698801317e+00,8.424083466386390384e+00,8.326552861056258692e+00,8.407636814669757541e+00,8.545047851638132741e+00,8.780683332737291735e+00,8.473622241912964981e+00,8.496673850163137587e+00,8.631283585002226033e+00,8.605138302010415075e+00,8.454528157433008673e+00,8.399651862377952583e+00,8.359535450332225892e+00,8.302132015825034017e+00,8.237709339410022480e+00,8.389498789952902769e+00,8.306105405545588738e+00,8.142903717110851147e+00,8.490682750860770511e+00,8.583492761289651440e+00,8.378466957576449659e+00,8.400250248081976068e+00,8.221853265716260850e+00,8.177037418835555016e+00,8.127493543779591434e+00,8.119812255842235871e+00,8.276161191226716340e+00,8.253338547718751528e+00,8.167664995933938243e+00,8.112036329825489389e+00,8.014826256877070065e+00,8.003187424633509295e+00,8.347567613394518915e+00,8.367514709068805345e+00,8.233361992436620369e+00,8.224881244373698053e+00,8.301962318157924514e+00,8.299232867738636443e+00,8.029337940091590298e+00
5.706575675063310982e+00,5.802900418592060738e+00,5.957888957948886066e+00,5.753374434075672283e+00,5.852737034013360429e+00,5.928812480394334727e+00,5.835174903078420350e+00,5.680413498326336352e+00,5.482815251931151934e+00,5.693727848714725148e+00,5.825915147377579650e+00,5.970392432508156766e+00,6.067573584278514787e+00,5.624060850566357850e+00,5.770153543835870202e+00,5.722795378607728800e+00,5.744159906142406236e+00,5.715220317359510638e+00,5.764431437807907344e+00,5.590033896474348118e+00,5.612303026794870142e+00,5.573514118208933610e+00,5.563503999332473526e+00,5.560213183274862914e+00,5.666180739183657167e+00,6.307558896005607707e+00,6.100340718427813336e+00,5.807885305600732018e+00,5.789817502690630668e+00,5.510707291784593842e+00,5.928875344349537890e+00,5.826070093946516870e+00,6.157158780857682423e+00,6.121286324122350742e+00,5.663041096538284691e+00,5.947891340049404008e+00,6.354718365052324458e+00,5.769381542724320688e+00,5.642902906937441898e+00,5.923681035465945932e+00,5.549770477741637897e+00,5.905010909281048548e+00,5.845004022115594999e+00,5.912676831722744275e+00,5.600259328268750281e+00,6.935368945980138200e+00,6.640178152016298796e+00,6.056536710181079641e+00,7.006278844201641931e+00,9.453178070787215503e+00,8.524660436099301464e+00,7.024037168655787866e+00,6.431621835207947058e+00,6.393607298412302242e+00,6.144841938489330246e+00,6.150400942472984411e+00,5.981082057829714138e+00,5.901929809107202551e+00,5.865078797098717267e+00,6.018287691428390040e+00
1.687887501151785319e+00,1.791431917912237992e+00,6.929940063166452058e-01,1.092703049871852405e+00,1.385872519885360976e+00,1.095242721704341005e+00,1.097169954272773973e+00,9.171428112397542742e-01,6.919245280864531056e-01,6.938413087902146614e-01,6.912630706553211102e-01,6.971620898682175937e-01,6.949809354107459036e-01,7.014712998396838151e-01,6.866428141504273830e-01,1.097191834251062259e+00,9.307795044493786252e-01,6.895783214353007340e-01,1.103563185515820777e+00,1.386276533203765871e+00,1.097903428134843651e+00,1.121485275994203556e+00,1.106107323131369391e+00,1.097392941700211511e+00,1.109697327542955358e+00,1.094775407714051685e+00,1.091775158362558562e+00,1.000909198170061076e+00,8.481370151312799255e-01,7.047233778035374430e-01,6.796215710716144720e-01,1.090810172820445567e+00,9.367215988811233851e-01,7.029924893244190454e-01,6.872246428167128052e-01,6.824087464481352061e-01,6.985521891120949345e-01,6.962974362254941152e-01,7.168269932338582340e-01,1.112686559255262164e+00,1.117090941202947274e+00,1.094244430226948728e+00,1.115645694873211191e+00,9.246347337879589068e-01,7.052713710381672829e-01,1.111477380409340077e+00,1.393171383677622721e+00,6.880668041700789272e-01,1.391821647100577097e+00,1.389247893225975750e+00,6.923077676171062178e-01,1.112125073214289550e+00,1.381418524858692987e+00,7.005876398665076277e-01,6.787454756165086645e-01,6.879124128117777293e-01,1.097543233396933715e+00,1.000767484142043751e+00,8.705774697914820948e-01,6.890901532648431305e-01
4.201348860015365894e+00,4.441446780423368601e+00,3.862806660838061568e+00,4.300189884092682213e+00,4.908169859911425625e+00,3.605112557577199173e+00,4.103772542625820030e+00,3.497605198258028292e+00,3.800632860018984260e+00,4.272449566347028771e+00,3.467592033464599766e+00,3.759276567476884434e+00,3.504509875914910033e+00,3.956566176124689971e+00,4.324700709634727858e+00,6.178434547146446576e+00,4.637202132194077286e+00,4.160073528747295413e+00,4.260517038113471600e+00,3.958667071036323204e+00,3.828937946600433406e+00,4.359072064018380210e+00,4.203685771103844893e+00,4.077944609544585930e+00,4.920110737012454827e+00,4.427120461431111487e+00,3.869840415900516195e+00,3.874380294838369654e+00,4.217039242472565341e+00,4.497405291680284023e+00,4.238934369356798904e+00,4.155680726554729532e+00,4.244664779075491445e+00,3.828316483263459080e+00,4.218091056279882345e+00,7.009194632937784775e+00,4.787714327341621612e+00,4.420755056168707675e+00,4.553260329253917327e+00,4.642952800023676829e+00,3.798651831559497261e+00,4.451798407100587163e+00,4.523680651221580362e+00,4.370237560916240049e+00,4.366510739997048418e+00,4.463326247042462391e+00,4.679559929325552758e+00,3.853123139678898745e+00,5.495374231014096722e+00,4.222489059089169494e+00,4.041457518220952672e+00,6.982881912530213064e+00,5.350187871719868760e+00,4.849783059688085984e+00,4.331326237603431828e+00,4.230810727767009283e+00,3.983740242830085876e+00,4.305469045642434267e+00,4.231371878718420909e+00,4.170784745641396896e+00
5.552709183235206680e+00,5.503004294295021914e+00,5.609328134744484551e+00,5.888336067702968357e+00,5.946915858271642819e+00,5.768990133663021602e+00,5.607546797231448110e+00,5.446176020405907536e+00,5.627264018447895921e+00,5.240285935733458800e+00,5.601023733750901457e+00,5.973968108531832577e+00,5.625506545022063598e+00,5.773654288732281259e+00,5.577386088751350002e+00,5.540993886068984686e+00,5.591118166642333520e+00,5.575842155363940122e+00,5.863498708261710490e+00,5.789558978727439964e+00,5.392700898648067565e+00,5.450214037362752784e+00,5.499375716161966743e+00,5.475885108325083905e+00,5.687343797622557595e+00,5.707026931946350246e+00,5.606861268481701188e+00,5.542828089038539296e+00,5.442474898794761984e+00,5.444867817440386837e+00,5.410199349491687570e+00,5.553879376397645729e+00,5.955235336897883869e+00,5.595755267339648675e+00,5.395212406158798935e+00,5.381059672922302362e+00,5.271653130647870888e+00,5.268640074717410471e+00,5.621390545618913492e+00,5.772773641320555704e+00,5.653449106681514458e+00,5.385109103049383172e+00,5.443673157072054458e+00,5.403189957361406393e+00,5.344082582278594451e+00,5.354319219894321691e+00,5.471947093826503128e+00,5.287818909698735581e+00,5.378170955437800771e+00,5.448546002054786008e+00,5.339150064392434558e+00,5.346135810780674014e+00,5.311821402574897988e+00,5.491781459483283889e+00,5.386329527211984214e+00,5.476180292099201985e+00,5.408793862079089187e+00,5.303306816832948911e+00,5.397748739527900241e+00,5.408224206732612060e+00
6.261014001772736981e-02,5.256476900673493630e-02,4.362254552276192965e-02,6.650578377417341869e-02,5.932827977286777438e-02,4.269763917374833073e-02,2.995621729301321812e-02,5.849712809044632471e-03,8.846326769761988368e-03,1.013437474388757809e-02,2.228687759451524614e-02,5.427673327797351288e-02,2.129149593096498969e-02,8.066577971966188212e-03,1.061823994235998672e-02,2.642848763577634874e-02,-4.005942011165804575e-03,2.564594612637637744e-02,2.003911437556966935e-02,1.460074192648726406e-03,6.862612918905984863e-03,4.498828165793038875e-03,7.648296219135092625e-04,5.788975007325260647e-04,2.151218802157992341e-02,2.784035513663948858e-02,2.318110242423260942e-02,4.752450157093841138e-02,2.708651866822114201e-02,2.420327307938095057e-02,1.805692836461180936e-02,3.789229962792518142e-02,4.818436884814665533e-02,3.989999531581461811e-02,3.931166963899274808e-02,1.366832751148139118e-02,3.459183429486635541e-02,2.001305073782935068e-02,1.750316061571932647e-02,2.028950183114527558e-02,4.264205727949660352e-02,2.353279134268541906e-02,3.626304595941007985e-02,4.224869729416038527e-02,4.120496973215483777e-02,3.371182913614269305e-02,3.671208056839486700e-02,2.101112043721645867e-02,5.950850332799877823e-02,4.468710443292295970e-02,4.903789583666196689e-02,2.925112908956854080e-02,5.718285348154453912e-02,2.393019258481331527e-02,4.715437919984745430e-02,5.759830932899054345e-02,5.282695941245044852e-02,4.915595959235770362e-02,9.498292431569822780e-02,7.151554529559782380e-02
3.687173326075508850e+00,3.640452389501828367e+00,3.664503281903679355e+00,3.179119632126039541e+00,3.850761651536254604e+00,3.913189973758758988e+00,4.744556338557255337e+00,5.758926374612943988e+00,4.634166370922758738e+00,4.226431154891788111e+00,3.556208993672476115e+00,3.554170435359820246e+00,3.827506777663857385e+00,3.995724862385514609e+00,3.583973946648054909e+00,3.742461431569106711e+00,3.869692521239135985e+00,3.329177681438882708e+00,3.635889477403143832e+00,3.939400902078312505e+00,3.599508523756216771e+00,3.044455700081898364e+00,3.784496110823257542e+00,3.771137244508436570e+00,4.084094551382623450e+00,3.553718793938506426e+00,3.621231974815450450e+00,3.665400758188004815e+00,3.826995686860390933e+00,3.740985433544692373e+00,3.860411139452339047e+00,3.792739965437130767e+00,3.374047772314501703e+00,3.895971071812319497e+00,3.788670789764398528e+00,3.721041846210766835e+00,3.825416737140636236e+00,3.971247608105164417e+00,3.101365147949541434e+00,3.413674807814458312e+00,3.976678333839960278e+00,3.924300163737726166e+00,3.695233839591020697e+00,3.879963673262774027e+00,3.694434638668893989e+00,3.770385527661968883e+00,3.466501816468451569e+00,3.952263271016534851e+00,4.119395885556200732e+00,3.869689818875677201e+00,4.707356387457982905e+00,3.869548023600889675e+00,3.226177174997847619e+00,3.719233149080124701e+00,3.763586126492031170e+00,4.243707601923775385e+00,3.630590767660538010e+00,3.397435106147103312e+00,3.132838428414009169e+00,2.705048000972783306e+00
2.141026463155874197e-03,-4.772054077533831101e-04,6.916904577627159822e-01,-1.511644629568954443e-02,1.100957850123331694e+00,1.094498028396017064e+00,1.096515273717098671e+00,7.026381274529575061e-01,6.922402776404084079e-01,6.890117451530034520e-01,2.407870964871652517e-02,6.984908527246659338e-01,4.074686249973858559e-03,2.377094105436845795e-02,7.803712735724620958e-03,2.294615399330793629e-02,1.235252866455583548e-02,6.141748221696977789e-02,-1.547067360217694492e-03,1.255056084880735090e-03,4.493220675111297968e-02,1.033653423514154346e+00,2.890643934666445314e-02,7.363958248148396238e-03,1.611958531234347403e+00,6.396291019262897448e-01,5.513011639340863190e-02,6.815806159443814627e-01,2.154105585728821950e-02,6.452362445291176529e-01,1.799190669039724827e-02,3.297883749756307104e-02,5.712588413561476841e-01,1.012584882678087217e+00,1.128660964220246261e-02,1.045995572484111763e-01,5.534465431181207623e-02,6.340868656590286090e-01,4.207562091862247083e-02,5.806129874575582939e-01,2.570010105698785491e-02,6.478100177001568927e-01,1.394529845438051252e+00,6.407477666835524888e-01,4.363857210152982669e-02,5.807477259182710627e-01,6.239029026806989231e-01,7.301889443045549155e-02,3.018541433180134750e-02,1.425102413786016875e-03,1.061033594638536748e+00,9.621059632018244545e-02,3.220423771976713145e-02,3.343340604680007655e-02,3.047615208881828200e-02,9.889479928928210373e-02,1.108984812136776243e+00,3.091165116898971985e-02,1.390615522405594273e+00,5.301196003174566407e-01
5.684578308273543712e+00,5.331983247339771914e+00,5.035397512962425104e+00,5.630256697209221173e+00,5.586620996445483378e+00,5.332666893045767686e+00,5.022586898441922187e+00,5.143309693040642117e+00,4.848041325448603445e+00,4.830924922564317825e+00,4.716572759138829340e+00,5.576857946616450512e+00,5.280564113013611838e+00,4.793696742881936146e+00,5.040817209046961622e+00,5.321417007187499770e+00,5.269474588940500581e+00,5.881341487634630383e+00,5.446948632521430689e+00,4.919946267962128417e+00,4.633560868299311686e+00,5.603628050559133378e+00,4.892627420396847171e+00,4.466903120274503536e+00,5.215785175927099893e+00,4.726861301237166302e+00,4.570148280723365097e+00,4.635478729335449799e+00,4.592654641307014174e+00,4.526382103015815339e+00,6.100760784435488304e+00,6.094591594995581119e+00,5.195822371537315298e+00,7.177484368183882246e+00,6.554139042393452463e+00,5.394986230403787886e+00,5.083439548845600342e+00,5.421104046741989535e+00,5.420436317932945336e+00,5.677115369691492219e+00,5.035373284307532948e+00,4.966497965871941034e+00,5.018335930704295400e+00,4.746782252971882166e+00,4.512943531565853483e+00,5.026550772063388628e+00,5.233872641940955361e+00,4.652436339481844207e+00,5.354934851527356265e+00,4.836327823137319015e+00,4.500316463858970550e+00,4.758439349235764837e+00,4.853557458156512183e+00,4.802592501292103577e+00,5.562886258907309589e+00,5.270790676349147219e+00,5.691215541817529200e+00,5.610251198888451363e+00,5.260479268724449042e+00,5.105368543298099304e+00
6.164229796870229094e+00,6.050688123529222473e+00,6.264005212319532667e+00,6.597247128025024665e+00,6.388602848738312190e+00,6.209791307056120147e+00,6.060651367014232349e+00,5.891529089198197511e+00,6.149429371311209813e+00,6.461644984713994511e+00,6.517598096569598098e+00,6.382043406928661788e+00,6.242628666485278366e+00,6.255729863973657601e+00,6.342551009358542657e+00,6.268271215469519042e+00,6.242802875727557321e+00,6.337441508506111099e+00,6.358302434561884375e+00,6.259100811273309084e+00,6.168391678766655950e+00,6.266046392780975083e+00,6.307829655316510298e+00,6.248205911577100480e+00,6.291944950600965925e+00,6.332907511810577539e+00,6.143890131579334835e+00,6.144640687178047678e+00,6.112247191105705468e+00,6.118286044242053912e+00,6.347232806986252918e+00,6.388074757344470278e+00,6.282301203786240684e+00,6.169942394216493042e+00,5.965214068232215894e+00,6.112650416506227202e+00,6.102204915268570673e+00,6.301039311521200226e+00,6.410397426286547962e+00,6.422571902423135803e+00,6.246132447452992231e+00,6.169509823928964742e+00,6.076509821994608096e+00,6.177967744434950781e+00,6.188682605420844141e+00,6.268476642412315059e+00,6.234728898101812966e+00,6.210539346445301589e+00,6.120605085859000205e+00,6.173641404688612333e+00,6.185064991828062908e+00,6.190338690792804854e+00,6.064693250699940030e+00,6.269663591730433083e+00,6.335244947638259738e+00,6.209703576949303638e+00,6.172068804354950977e+00,6.158469493233694081e+00,6.246229805472125918e+00,6.707048105344042277e+00
5.218525419132642895e+00,4.931239625893967471e+00,4.898344911478730523e+00,5.180596581103677600e+00,5.494343835247858188e+00,4.953346327774985625e+00,4.849252538322679662e+00,4.842474140035557539e+00,5.333239562350684082e+00,5.664296630890555129e+00,5.823191468201745380e+00,5.486515025006934998e+00,4.996190865546964233e+00,5.069818762853281591e+00,5.129848039206734711e+00,4.955792668519768185e+00,4.990358046857485519e+00,5.132484421346048542e+00,4.915846465697446099e+00,5.187259524426034218e+00,5.619149520582009671e+00,5.302136316449272968e+00,5.493759025979470856e+00,5.205095220016198176e+00,5.171059968294465570e+00,5.605669249953614042e+00,5.195962040715565777e+00,5.241309940972527670e+00,5.295967909131047868e+00,5.076910457472203930e+00,5.047466117137743957e+00,5.267632425953698849e+00,5.370569056107349581e+00,5.385029710730463215e+00,5.316055356263873932e+00,4.995817300603198063e+00,5.404092818699827383e+00,5.352202410141674527e+00,5.265906652232143159e+00,5.276940343816599821e+00,5.196282386931758701e+00,5.327296342758596204e+00,5.379291923836369449e+00,5.387606178722109895e+00,5.409476327464271428e+00,5.351724500836898102e+00,5.361585383482947442e+00,5.229161151047994061e+00,5.525720260491224778e+00,5.195142834960519984e+00,5.165508023730212450e+00,5.175181817653999872e+00,4.834923836502094119e+00,5.472705394398330370e+00,5.479100783379411865e+00,5.840437717445766452e+00,6.265878735864983895e+00,6.481542983106410638e+00,6.350357912593957543e+00,6.548997744879706318e+00
4.820285392744585451e+00,4.519638703867695284e+00,4.563444539933657396e+00,4.819377556548563923e+00,4.835393269454107745e+00,4.831194179342634065e+00,4.007072687358341767e+00,3.807469771431613914e+00,4.206279427662827253e+00,4.044381362505080624e+00,4.290691382854911140e+00,4.701433871053450453e+00,4.008644237514029207e+00,3.977774572850264256e+00,4.024768779734257507e+00,4.024215772924224055e+00,4.127446166592438459e+00,3.624610934101712978e+00,4.510009906771049515e+00,3.972233761074372538e+00,4.625542502745457085e+00,3.889036956825479230e+00,3.807025199236112822e+00,4.551870033065583243e+00,3.809903862001467356e+00,4.095933950420943326e+00,3.737200430777755766e+00,3.785005680212347290e+00,3.952418583540083130e+00,4.024509869400782591e+00,4.204590353032995331e+00,4.060005946610397487e+00,4.595089542286649120e+00,3.871593562929910970e+00,3.638511007905854022e+00,3.713436342641040611e+00,3.466321933547553691e+00,4.063289200585213479e+00,3.975035724478020782e+00,3.988111255000422073e+00,3.396615091682803733e+00,3.527799769176522826e+00,3.587353696312353790e+00,3.782973063313395556e+00,3.891453835535720884e+00,3.400146220990605705e+00,3.256964900105677074e+00,3.849707197411883719e+00,3.548195850777394522e+00,3.714812095565772854e+00,3.715418598783398529e+00,3.564012230296333072e+00,3.707653831142575296e+00,4.248775055389905297e+00,5.063582537763492653e+00,4.560089283366358437e+00,4.355396854058297684e+00,4.031919484444421720e+00,3.639654228770821121e+00,3.044420430509839015e+00
3.936850172438757678e+00,3.868473438936747222e+00,3.868699033915784291e+00,3.861979848125739245e+00,3.871371488857613841e+00,3.919083485140095746e+00,3.909272830255415165e+00,3.913087649544315205e+00,3.902754023652288407e+00,3.900425150066018087e+00,3.905498710758075642e+00,3.883322548666862772e+00,3.871489413628510068e+00,3.921088148647100535e+00,3.947364528280131957e+00,3.857777690547091520e+00,3.779939932966597471e+00,3.896199547832341015e+00,3.899064651813294979e+00,3.914370600739489614e+00,3.878546027307677058e+00,3.865426054185433280e+00,3.891418084571747649e+00,3.935568287505704532e+00,3.897134023428876937e+00,3.890240239435905689e+00,3.901683974778519914e+00,3.845249960238524167e+00,3.881415588058522825e+00,3.887856912286306699e+00,3.898592771444316707e+00,3.901110357623295943e+00,3.904562344373507798e+00,3.887871848970762656e+00,3.950060325582677390e+00,3.889225543609723168e+00,3.874737114902722546e+00,3.910864274443242916e+00,3.897931738167140114e+00,3.904485412825051682e+00,3.903760736147033672e+00,3.971470639833635463e+00,3.901148779732971139e+00,3.932319700471118118e+00,3.871963811922057630e+00,3.914511301898331741e+00,3.900618089755477857e+00,3.926347509208001796e+00,3.939597447768030669e+00,3.356718735990653180e+00,3.785350929402389930e+00,3.872310754385393405e+00,3.936774060666220265e+00,3.913859479854787882e+00,3.916164131400592829e+00,3.850254327826617917e+00,3.793769021518299756e+00,3.904889320387759266e+00,3.900037500002239366e+00,3.937669810410344695e+00
5.236052543103610901e+00,5.364081417310647026e+00,5.775202154001047639e+00,5.497306800165000062e+00,5.668518074270027185e+00,5.301917099684217760e+00,5.075398713003875351e+00,5.116307780510508607e+00,5.238333997913272810e+00,5.289358526976783992e+00,5.066028432903300960e+00,5.323745073663840088e+00,4.934696863383019938e+00,4.835580497742504313e+00,5.368390452547991742e+00,5.129554698268260715e+00,5.669283856824687717e+00,5.430266075895964661e+00,5.649368585196670622e+00,5.121392010698677666e+00,5.006153741817957581e+00,5.182718689287746372e+00,5.582823766776829899e+00,5.337536003696959241e+00,5.247228883410454792e+00,5.338672654434843956e+00,5.002834486048369556e+00,4.861169143572622531e+00,5.590744905635070872e+00,6.139808711143543540e+00,5.778481172071892047e+00,5.622608291316008255e+00,5.748685863868927548e+00,5.242679241118805678e+00,5.034238953271893635e+00,5.169804526166124958e+00,4.936892950129309732e+00,4.836047069893347761e+00,4.754392057651875447e+00,5.266209418108815044e+00,4.718098624675001851e+00,4.719258359630700284e+00,4.727419951088703165e+00,4.740137248606617781e+00,4.779588616796068834e+00,4.713799759288002988e+00,5.030314761221386988e+00,4.903097496374665631e+00,4.634444990800669295e+00,5.056920670385305350e+00,4.910635151744682680e+00,4.745212679064628070e+00,4.328084741174335726e+00,4.746605414746259299e+00,5.000617043697781483e+00,5.290779891109477440e+00,5.181206283414288905e+00,4.795171025362276573e+00,4.656112054624157892e+00,4.275850159240627946e+00
2.348149021875424403e+00,2.122817935405040046e+00,2.510547044545471174e+00,3.225360292404827245e+00,2.840409934312172258e+00,2.718494918809671201e+00,2.742174974994262104e+00,2.078271591136082730e+00,2.589891081896320113e+00,3.058405303102905037e+00,2.907581016069649138e+00,3.310266509942015212e+00,3.067384304383612648e+00,2.651795980719480639e+00,2.830245696689226875e+00,2.153209847527002729e+00,2.485400893363758357e+00,3.274256011825944057e+00,3.044218461036143353e+00,2.484727575376995290e+00,2.889809987637056654e+00,2.195786827800947361e+00,2.641644180112244555e+00,2.303748576771142087e+00,2.657298680642347755e+00,2.944917898008598378e+00,2.566812953320418256e+00,2.639536867241650153e+00,2.889691772799127367e+00,2.404363346160451442e+00,2.396297007095908871e+00,2.896164287613967048e+00,3.093873037833307027e+00,2.303012321254867434e+00,2.563411825611313866e+00,2.081653022359988725e+00,2.397687175376464364e+00,2.327778776124713289e+00,2.312560984911779194e+00,3.235936555415654503e+00,3.193917425937303101e+00,2.892870988792641818e+00,2.411541372600210842e+00,2.773412692505606625e+00,2.833648706494161562e+00,2.772258181839208468e+00,3.090310181444905435e+00,2.403089943584302723e+00,3.138637544962463721e+00,2.398567520024987409e+00,2.943965039318551913e+00,2.946446857713330481e+00,2.941450467361847565e+00,3.048534603921730923e+00,2.772876087619138286e+00,2.479385169842916792e+00,3.178762206068544760e+00,3.043119909216353669e+00,2.397321949158849108e+00,2.889874221922350106e+00
8.786353116274508324e+00,9.028153073514260996e+00,9.057302787013263412e+00,9.062769075907953109e+00,9.265954935335484421e+00,9.010679466377656155e+00,8.628770432211373631e+00,8.249838769764172852e+00,8.474531913044570430e+00,8.332484835147322855e+00,9.132577002776240960e+00,8.968508563871910866e+00,8.590464381022883344e+00,8.884705300174585929e+00,8.495588542982929425e+00,8.707104920968847139e+00,8.785046400146342194e+00,8.912890053119037148e+00,8.876586500688219417e+00,8.726451628661926918e+00,8.645596033330503971e+00,8.873484615972582645e+00,8.987721808024820902e+00,8.947397711689760058e+00,9.001583216985507008e+00,9.007556310585966841e+00,8.862597614292587522e+00,8.832613000620956001e+00,9.043053460046682090e+00,8.783747011110090597e+00,8.587626789782856207e+00,8.824419816800585181e+00,9.094389004481016059e+00,8.755374121142441624e+00,8.600218182029847114e+00,8.537775527604280157e+00,8.675349139422591449e+00,8.614500613214930880e+00,8.743049627186156414e+00,8.904743899324879308e+00,8.783983827371214304e+00,8.878457583918127227e+00,8.926975605642711642e+00,8.894678055574861020e+00,8.873655039243983467e+00,8.972789138005072829e+00,8.938441141684588587e+00,8.869052719641850047e+00,8.841690212415787897e+00,8.915081385046210727e+00,8.860297057634152651e+00,8.748642892774014967e+00,9.034999895448429186e+00,8.871291498891570981e+00,9.040306272899837126e+00,9.202781655099862235e+00,9.325257133539750498e+00,9.320815009509383131e+00,9.183488969240192645e+00,9.192455129218236820e+00
2.564607222670131748e+00,3.090700023347037639e+00,3.043966713511395916e+00,2.832778360573379395e+00,2.945169626352083014e+00,2.302490187228798391e+00,2.198573876397657223e+00,1.946202609517616144e+00,2.484050934543740485e+00,2.832875293342121292e+00,2.082312134106074630e+00,2.708260038682061221e+00,2.707989013915330645e+00,2.638560350863668802e+00,2.944914657787200518e+00,3.402983387460482234e+00,3.294820942671886854e+00,2.483675980008614115e+00,2.303887582450695692e+00,2.564535630111937969e+00,3.135422420354796014e+00,2.832531789282088042e+00,2.708767751753590414e+00,2.302321955498496830e+00,2.890494522466043215e+00,2.890440552228456195e+00,3.332043217066628760e+00,3.217369462249509038e+00,3.219055494205592893e+00,2.943466078463463642e+00,3.134404440163083283e+00,2.945704218301025801e+00,3.042447317992163835e+00,2.772031329903192454e+00,3.464587570784332105e+00,3.683995187315892927e+00,3.970070034455459140e+00,3.550907067623474411e+00,3.551521339136365807e+00,3.557317638828557005e+00,3.177945412577260598e+00,3.176737230494974806e+00,3.134712198851924203e+00,3.294674724269970323e+00,3.219301656587275851e+00,3.332157158200766300e+00,3.178208618706879207e+00,2.833222835891366920e+00,3.399024809511321799e+00,2.638494518388601495e+00,2.708227581826550878e+00,1.793283317085970996e+00,2.708551064510782869e+00,2.302910945895038974e+00,2.397759220209432218e+00,2.707466512008275927e+00,2.397881380299243581e+00,2.303262822857338854e+00,2.890792224147724188e+00,2.639236527357129880e+00
2.565249801581924061e+00,2.486187560971672372e+00,2.639392784701208416e+00,2.080586618787692021e+00,2.398563516192433021e+00,3.091786008276591780e+00,2.833179040414556482e+00,2.484566998486664957e+00,2.564200022639718135e+00,2.302145245447538624e+00,2.707503549500239082e+00,2.889448325903829495e+00,2.944052160277105923e+00,2.564929279151539454e+00,2.638787599547150808e+00,1.947298431197804547e+00,2.399407650651020241e+00,2.707697854148333860e+00,2.564729055424518123e+00,1.791199379862692176e+00,2.484595122848951121e+00,3.044240985460073379e+00,2.477618059496441649e+00,2.772534432812132188e+00,2.890252776817410663e+00,2.890070614434852470e+00,2.832278887406850298e+00,3.497593044200419499e+00,2.994539636357373968e+00,2.889249854727648614e+00,2.943922662261796219e+00,2.708092494708325582e+00,2.943308725641665013e+00,2.708656761771476518e+00,2.888506617462019754e+00,2.887876351896407456e+00,2.304491489188850384e+00,2.947463395291767263e+00,2.713846655924105011e+00,2.943390156478972397e+00,2.942808960425955522e+00,2.572016911273829809e+00,2.564648563324801067e+00,3.090271530043751103e+00,3.258650799178445467e+00,2.707729076586790296e+00,2.486328816470837033e+00,2.713203438369899967e+00,3.610426565596207116e+00,3.432826036270471892e+00,2.638828003802064615e+00,3.297129745315979132e+00,2.707577638256990493e+00,2.833717890481516122e+00,2.997326221251438660e+00,3.090127375429616574e+00,2.397498327798836648e+00,3.219191572841004767e+00,2.304388697268780373e+00,2.945344446553164630e+00
4.095488318837379182e+00,4.110382817043547021e+00,3.891597744144818183e+00,4.370795158232630762e+00,3.936268287065446625e+00,3.762171231637745361e+00,4.025961801395099293e+00,3.889758669490168685e+00,3.711207705702844972e+00,3.893767981266210931e+00,4.945437188919123095e+00,4.778372046596647493e+00,4.263080531249556770e+00,4.356139317311139791e+00,4.290647904313614092e+00,4.570691158930729081e+00,4.465873877514109580e+00,4.392393688950512853e+00,4.110481054945481993e+00,4.085474836011620425e+00,4.499762386531855007e+00,4.547628336391333903e+00,4.477525651113792193e+00,4.289170383351458504e+00,4.221808562192913783e+00,3.831493235310467593e+00,4.480281287572982940e+00,3.924779682031349193e+00,4.487715500853853179e+00,4.368969854070145153e+00,4.273788537141282262e+00,4.210864951369634568e+00,5.936582799576550329e+00,4.348723953006611076e+00,4.388917333885776983e+00,4.183733689872095596e+00,4.473752942066877125e+00,4.436332191124062518e+00,4.025370456222589155e+00,4.009194931225448677e+00,4.477429638416030144e+00,4.239967280149070206e+00,4.366307909853873070e+00,4.416200445247566719e+00,4.020373430894492728e+00,4.418873854027181913e+00,3.741933341930528290e+00,3.806965741971862993e+00,3.742518611916383353e+00,3.896544555189512593e+00,3.689783691649933139e+00,4.019144666973676117e+00,4.430866805485832671e+00,3.783349455233147918e+00,3.780132422317855845e+00,3.914051808478631767e+00,4.155305321672584817e+00,4.173664746068994624e+00,4.092856934307128824e+00,3.526529666500899829e+00
2.403991965194404834e+00,2.071573720142696917e+00,6.963364565291597641e-01,1.604397978674753533e+00,1.108111361616226587e+00,2.834505487846696425e+00,2.556249952078442078e+00,1.387702127642750138e+00,1.939128155074363979e+00,2.303023981964662514e+00,1.796552412960081835e+00,1.395202049830877478e+00,1.618895979819511499e+00,6.882623796852662679e-01,1.384514479633473183e+00,1.607964345054510025e+00,1.095972791500670951e+00,1.382002659018095381e+00,1.388260738204269984e+00,1.383974879295164717e+00,1.098946139479645367e+00,1.391221675251521628e+00,1.793050017684300279e+00,1.387184578848630334e+00,2.198423015542698700e+00,1.098042363623169759e+00,1.791937464399491642e+00,2.400265052680710109e+00,1.098959560411828740e+00,1.401767858691284063e+00,2.828610183579590487e+00,2.947394391644611922e+00,2.195667690661557536e+00,2.081379268688640316e+00,1.792003225604313688e+00,1.384238658043315695e+00,1.790130849910018584e+00,1.604783270469899881e+00,1.792506166530145162e+00,2.832607839580493003e+00,1.610649861047958264e+00,2.552591401056103049e+00,6.600879645188213463e-01,1.946881979581799316e+00,2.205254264408807785e+00,2.197124785620691245e+00,3.462121935807334960e+00,3.734202864380822717e+00,2.205961888548367167e+00,1.793552010468268954e+00,3.787380704031984457e+00,1.948903413633176873e+00,1.820535302633228936e+00,1.948474555260942154e+00,1.603335699039984519e+00,4.279468539738704891e+00,3.003162453430696655e+00,1.791171386196935611e+00,1.950476027522347611e+00,3.218685212462205847e+00
4.483753681042977668e+00,4.316952382605125038e+00,4.493219191073619001e+00,5.031950000553773172e+00,5.159252813110751568e+00,4.593337057777424626e+00,4.575006671818697690e+00,4.542422428436476700e+00,4.482660005625557886e+00,4.488690341002280704e+00,5.081705047749328408e+00,5.405974672498095046e+00,4.819614509639036370e+00,4.827573159013023307e+00,4.753278941404842861e+00,4.614945882672106592e+00,4.874365300815098223e+00,5.207194750505934167e+00,5.301653363300261823e+00,4.640752399295807074e+00,4.564893148425648306e+00,4.436905634882666760e+00,4.367776344350064122e+00,4.501413876916833701e+00,5.495030896356935202e+00,5.447714043118649485e+00,4.754404223892246151e+00,4.616652327732641226e+00,4.729582899005866814e+00,4.524767829592962975e+00,5.106895165066709374e+00,5.194668765909483454e+00,5.441968207540090141e+00,4.692178855205524357e+00,4.836924581523502020e+00,5.431428767267839852e+00,5.631663392035314075e+00,5.607507121223356705e+00,5.357975995882652498e+00,5.365565910745225153e+00,5.343772996969697431e+00,5.528744232038854456e+00,5.688084676008853258e+00,5.671167474771070083e+00,5.729229287169014917e+00,5.749039179016363299e+00,5.746145238047743575e+00,5.815283138235152194e+00,5.305326194334913481e+00,5.657694938833298437e+00,5.594178836763719076e+00,5.623662406150665483e+00,5.483767999749635358e+00,5.510619818781385071e+00,5.538839061684472931e+00,5.392811802390010456e+00,5.387437849025835668e+00,5.486403060719799996e+00,5.524462729894564106e+00,4.969344760267992100e+00
6.554236500539198040e+00,6.527324423570465051e+00,6.332321628443875028e+00,6.073027872654424897e+00,6.310945121553912074e+00,6.580631468649310811e+00,6.633891029733695710e+00,6.579522300021999115e+00,6.541816778372197660e+00,6.295543852091860515e+00,6.199276614963505239e+00,6.327848698486627121e+00,6.557197474321569075e+00,6.652103846298204282e+00,6.583387288326313147e+00,6.630786649506843489e+00,6.374808441381877522e+00,6.058940567968678081e+00,6.374663429584100705e+00,6.559327700893929247e+00,6.753034970255018088e+00,6.676519578824802181e+00,6.438469909001137026e+00,6.302469579422465884e+00,6.199312650839463146e+00,6.241822482707516606e+00,9.814202256464527707e+00,6.484033666534626761e+00,6.284003571692881707e+00,6.161022862111138920e+00,6.095485327227059713e+00,5.871522959103758765e+00,6.179173181934254799e+00,6.367374264311382426e+00,6.270424463165647389e+00,6.079781105404751251e+00,6.200684283996053203e+00,6.129480058835826028e+00,6.147798677626131081e+00,6.243536641310237556e+00,6.212576690404056912e+00,6.198651210957764057e+00,6.251544574248544706e+00,6.232269038304941944e+00,6.022412485855249464e+00,5.964139699140422302e+00,6.048635740630343705e+00,6.167513193485367751e+00,6.177147924558657799e+00,6.036766218535251305e+00,5.970950164426283457e+00,5.929215047760101776e+00,5.906106628683340354e+00,6.026890677771371330e+00,6.338504543840848271e+00,6.364211830551559146e+00,6.388950423728666728e+00,6.479488341326050005e+00,6.122638238098349284e+00,6.038274203207059543e+00
4.934310873925512375e+00,4.597045893522377469e+00,4.512618490065404053e+00,4.917117397259854528e+00,4.951015009593889182e+00,4.654050230492628337e+00,4.531458609884341904e+00,4.464054267755848571e+00,4.205664361597164280e+00,4.250569496214162690e+00,4.604031370333552253e+00,4.735078982070851872e+00,4.795405864182022526e+00,4.175840454917177702e+00,4.356479362003906175e+00,4.770913164978034082e+00,4.886123303144796814e+00,4.830867003338285670e+00,5.207074844736859554e+00,5.283418976327739713e+00,5.152790502000072159e+00,4.904132051792102764e+00,4.858772565634300378e+00,5.028964838404111681e+00,5.030143565186323329e+00,4.889123042158225019e+00,4.643698601321436747e+00,4.596620144995501533e+00,4.417594373469489355e+00,4.465130396949328784e+00,4.491396406059837254e+00,4.859202625621970029e+00,5.068922906976002452e+00,4.647272750330703417e+00,4.859958277343260136e+00,4.881736703953939660e+00,4.478654197418286742e+00,4.689161011622392294e+00,4.876762133699415358e+00,5.855392621112012641e+00,5.552927896545964082e+00,5.122719060299847804e+00,5.073964122773838348e+00,4.454907414044488867e+00,4.671914567812773811e+00,4.761616694530527383e+00,4.889170556048930472e+00,4.972983179231275308e+00,4.510583736984701275e+00,4.718338128549627086e+00,4.803865427193405147e+00,4.896868465469301768e+00,4.512525686394739388e+00,5.095756437685580842e+00,4.709503653320070704e+00,4.653994744039327891e+00,5.135757821859115779e+00,4.957062816681292894e+00,4.701523683587055302e+00,5.278676577357592770e+00
2.822103512962869321e+00,2.989239813589490424e+00,2.975642426051435141e+00,2.874792820979634289e+00,3.347608682227880106e+00,3.546571354367444862e+00,2.398718461602731722e+00,4.837394899565622630e+00,3.329165876601635432e+00,3.400040709001359129e+00,2.996947249671639835e+00,2.976315284500622660e+00,2.771878523632435254e+00,2.728152056489987931e+00,3.046155746503076855e+00,3.296156428287257523e+00,2.939001862958126932e+00,2.682860107888682677e+00,2.986019779589010437e+00,3.494999167762705916e+00,3.217241503072777231e+00,3.279232736927290226e+00,3.308269986859172285e+00,2.833402691422596487e+00,2.944341945484715062e+00,3.042563997372612405e+00,3.294273549580492677e+00,2.879803331429136026e+00,3.219470534503932502e+00,3.044414389391274955e+00,3.040982905528184066e+00,4.445004287913516983e+00,3.834078777052958742e+00,2.981003381960363185e+00,3.604399274874956038e+00,3.490640730645032885e+00,3.075644177109347233e+00,2.974404781313850776e+00,3.032952040536184057e+00,2.995593011520963689e+00,2.994018247868758031e+00,3.159102922812365932e+00,3.085591421756532782e+00,3.394236355564447027e+00,3.083539275809724867e+00,3.397527672929384845e+00,2.997898380976240063e+00,3.279364869857141151e+00,3.084153204582956054e+00,3.449883739723018206e+00,3.297969551561330981e+00,3.222272101203364159e+00,3.296155943697216095e+00,3.570054081117749245e+00,3.553048823883224294e+00,3.258710526516297445e+00,4.434874838706416078e+00,5.816029148017832107e+00,3.805844465447395741e+00,3.956088023634508399e+00
5.448445482574249432e+00,5.132695343728304493e+00,5.276789495189939672e+00,5.801521084980333143e+00,5.630977409850212112e+00,6.264175267520735169e+00,5.866878042393520509e+00,4.902490123373278053e+00,4.828402971260556953e+00,5.598626874492061312e+00,5.956061728727749305e+00,5.972683039917565218e+00,4.949405814937258619e+00,4.933885418817390622e+00,6.619167808347470761e+00,5.964688268661774373e+00,5.466396449816116387e+00,5.618792707714885815e+00,5.589723113801581711e+00,4.990473643843300167e+00,5.084079018283403251e+00,4.989915752939563021e+00,4.831250648651193025e+00,5.104610567130434262e+00,5.560973578206044543e+00,6.648026040362704059e+00,5.450824996220537066e+00,4.962191099284216200e+00,4.912712269539882826e+00,4.883201198398683829e+00,4.976959274309155745e+00,5.525536415629411557e+00,5.536390398249012357e+00,5.515037823082762358e+00,5.169434238203659326e+00,4.813503887354684707e+00,6.425025393544491870e+00,5.703314002355104329e+00,5.662383454615952161e+00,5.762306975272617926e+00,5.214599838490055816e+00,5.262775392901025029e+00,5.103922233481593018e+00,5.122824444876912686e+00,5.573669800535089536e+00,6.613985158107052342e+00,6.519435531103392911e+00,5.679890270803622521e+00,5.213963844465402175e+00,5.201594806967094975e+00,5.647611818874207046e+00,5.977951775583176364e+00,5.783455663284060577e+00,6.299724513795164960e+00,6.345868212626170290e+00,5.982739121697136397e+00,7.074048793256418222e+00,6.249517887356021539e+00,6.039136408640144893e+00,5.746187325332291707e+00
7.470752618011401225e+00,7.421666311743360112e+00,7.168184712985239848e+00,6.699793121093355452e+00,6.816909061204659004e+00,7.270208634934948400e+00,7.287610945560161646e+00,7.269302108759075232e+00,7.329691602322764510e+00,7.002511089578256076e+00,6.556596479872770722e+00,6.795421889004902738e+00,7.329611389958451184e+00,7.262835685760007820e+00,7.268601326822168751e+00,7.217975575220483719e+00,7.148084539267361315e+00,6.764285814584912515e+00,7.347390742031326916e+00,7.486241077480845441e+00,7.334047683374518734e+00,7.202012628438677844e+00,6.985641099400301535e+00,6.776887262212837548e+00,6.547357750695528722e+00,6.661474884167526866e+00,7.151805660699681155e+00,7.220894935402539794e+00,7.242833298850043455e+00,7.231201227506038443e+00,7.041275856985400594e+00,6.610287441850783985e+00,6.847218592196614217e+00,7.275839662819626241e+00,7.273277280817679546e+00,7.234273047027381054e+00,7.217897168416111064e+00,7.163592246061996960e+00,6.820614781329102705e+00,7.081223910508284369e+00,7.488635958460624131e+00,7.422591189653514832e+00,7.338185187061191606e+00,7.298239708435158235e+00,7.051571313270369679e+00,6.681563734886178274e+00,6.626304923071188568e+00,7.002316631049483320e+00,6.969445947212338233e+00,6.875546174924997089e+00,6.760307114725440769e+00,6.447494869936513773e+00,6.104111600803385329e+00,6.034236058751315745e+00,6.273288213710745964e+00,6.524140866177758014e+00,6.448560331517085409e+00,6.431629784434918840e+00,6.451182428193812157e+00,6.262085485493274817e+00
8.066513652303427762e+00,8.140462861971611730e+00,7.985501153748475467e+00,7.875537559325114678e+00,7.879919059045447760e+00,7.739183247708933067e+00,7.541039104057017717e+00,7.337291740076089752e+00,7.401575055526588898e+00,7.418931618927298466e+00,7.537051950475885498e+00,7.496626832627722337e+00,7.544789785146138072e+00,7.337573586268494985e+00,7.341349018878992716e+00,7.243966337778217301e+00,7.332309380085153983e+00,7.429757599557801129e+00,7.421428148215531984e+00,7.320570353969833022e+00,7.202434077470194040e+00,7.232318901868003636e+00,7.029916677482781040e+00,7.074960269168649951e+00,7.134264644673704581e+00,7.327299542940719057e+00,7.294947885630010731e+00,7.172939310653218214e+00,6.951071327996779736e+00,7.015429844055543818e+00,7.152518695205705157e+00,7.261780253974329469e+00,7.291547347706036852e+00,7.230377436256062218e+00,7.093603253676072917e+00,7.012733448844091555e+00,7.028306704072089239e+00,7.361222037254673722e+00,7.059640049965651976e+00,7.238312971716911015e+00,7.097409534042588675e+00,7.084465453728486573e+00,7.121872822509798695e+00,6.862545354479607340e+00,6.976064357328291443e+00,6.965489755326359500e+00,7.121208611836140179e+00,7.278482098689846858e+00,6.999177752065739000e+00,6.841648728749974318e+00,6.995596454298379285e+00,7.212024096076254942e+00,7.239826272588482325e+00,7.302959382054662996e+00,7.532321621430811298e+00,7.681857152524097287e+00,7.262646176766840433e+00,7.351290872726972125e+00,7.576877651177655437e+00,7.324459501729946531e+00
1.945262548932061408e+00,2.199434168948569468e+00,1.942461312809649954e+00,1.387773292665062774e+00,2.485994772889192017e+00,1.792935726068890068e+00,1.792403287012088953e+00,1.643780831789484198e+00,2.205164756601916576e+00,1.945724619710046177e+00,2.196536602336618849e+00,1.791240468774747407e+00,2.197649280975499941e+00,1.790782668958515345e+00,1.792316486418643384e+00,2.399231252603728937e+00,1.793090556179974593e+00,2.389859669361201089e+00,2.638178222384373939e+00,1.608773331289181430e+00,2.399049370319241703e+00,2.302035431459018788e+00,2.828270626916462582e+00,1.972285363933183877e+00,3.658951564458259309e+00,2.767844360759347033e+00,1.614600122421217421e+00,1.102977061049529306e+00,1.390648848350263478e+00,5.540686675189978594e+00,7.149739633586917442e+00,4.678297461266950563e+00,3.219253471343574091e+00,3.090768112962821501e+00,5.251615518730236687e+00,3.610573921309954137e+00,2.705385339169962933e+00,2.484567693252278886e+00,2.090675401736425965e+00,2.898861201379916874e+00,2.391886163986944869e+00,2.192270899737879919e+00,2.191445913021721648e+00,1.946304419583936518e+00,2.078266232495512789e+00,2.395350330428762220e+00,1.790412986604821288e+00,2.475244611128134320e+00,2.107253327055493841e+00,1.111365575601582778e+00,2.303582590441314082e+00,1.957450106365644871e+00,7.317808779309070033e+00,5.368162737544452945e+00,2.887060402927758673e+00,2.987468251323916135e+00,2.226194529605323158e+00,2.433570062811633683e+00,2.393006252082890750e+00,2.471085405632577725e+00
6.436949149275442039e+00,6.596829606223500342e+00,6.543997841122968673e+00,6.615048516791921962e+00,6.722793197427836986e+00,6.568260850798592898e+00,6.568511001412192130e+00,6.883472310485392320e+00,6.684831098926133919e+00,6.768853542881013929e+00,6.727784280470703315e+00,6.672793588052599922e+00,6.702541022474354904e+00,6.602533858045646298e+00,6.502453523973622751e+00,6.594695240220733723e+00,6.524072305676485328e+00,6.728939231119750453e+00,6.653625841882027991e+00,6.498085588413998082e+00,6.387542833242147111e+00,6.597820191278781721e+00,6.641460232159861476e+00,6.442382726469144671e+00,6.573688640471960554e+00,6.657310287445343810e+00,6.428540417319375422e+00,6.661474599146475661e+00,6.547998421926368273e+00,6.394742271118476928e+00,6.493725356463972531e+00,6.620266210167919496e+00,6.576958218636240083e+00,6.505107164495655958e+00,6.622912555790602340e+00,6.473310185979126885e+00,6.543216258308447664e+00,6.479872316509626806e+00,6.671895454173549567e+00,6.651981872275657182e+00,6.511061612992251391e+00,6.839208901267275209e+00,6.410156808764353009e+00,6.459379072300341029e+00,6.426737838089602306e+00,6.737436838763098734e+00,6.569564754082898084e+00,6.562366100204219954e+00,6.353814906464299916e+00,6.204428811828723411e+00,6.387619691232615970e+00,6.498424682371156891e+00,6.626330132665619210e+00,6.674201015672080572e+00,6.451041500048438238e+00,6.350636601880287557e+00,6.422575051692615666e+00,6.499877660489813636e+00,6.405809802758331450e+00,6.319466795135004311e+00
6.530127082663105043e+00,6.527304647584569963e+00,6.424648942723455214e+00,6.251751431278813165e+00,6.464527785738957810e+00,6.029144172047367078e+00,6.355044603238179768e+00,8.703074711674299024e+00,8.204437420260735081e+00,7.327978732967967090e+00,7.124515289267301377e+00,7.048636149292011766e+00,7.216788107344877190e+00,6.132695762825282948e+00,5.546782005695435558e+00,5.642503237960434959e+00,5.502567664010727277e+00,5.173098117157596931e+00,5.335215866174556787e+00,4.581469504506793022e+00,4.225348503821336088e+00,3.768050350961921424e+00,4.017065422678816944e+00,3.828010845458203804e+00,3.870314080919392108e+00,4.165271503920245699e+00,3.694195069401549958e+00,3.887019591858414724e+00,3.965889045807570401e+00,3.617135564241604762e+00,3.686485350865948529e+00,3.869861451117239337e+00,3.949205583546392617e+00,4.578594820729370518e+00,3.799005517524018050e+00,3.765071995531549032e+00,3.925920975694228154e+00,3.906646432930287016e+00,3.675241410115843266e+00,3.633133595921778536e+00,3.933037335120224576e+00,3.915299069927218767e+00,4.073521266252588369e+00,4.343039252880136480e+00,3.581833414257448833e+00,4.109738961184219441e+00,3.933223803861294776e+00,4.313862054165612747e+00,3.777552375393987472e+00,3.978568713486278607e+00,3.639035253646883294e+00,3.435374332834460365e+00,3.836374015066955412e+00,3.611932421809141758e+00,3.525560053321753706e+00,3.474927713062375467e+00,3.596795871853147641e+00,3.869310621789533666e+00,4.159219505093112446e+00,2.988805431967620052e+00
4.804365710679974200e+00,9.243510898585407531e+00,9.053853637624394324e+00,7.673987084411652226e+00,6.698710658322291067e+00,6.519273825278422585e+00,6.276837153374614786e+00,5.783468208861578752e+00,5.186774844531402806e+00,5.353254346154989740e+00,5.241260222838768357e+00,5.261829551649187309e+00,5.048476440528947506e+00,5.259757691448453620e+00,5.062798044200477854e+00,4.854295677279630183e+00,4.833330202255758046e+00,4.538929418475222022e+00,4.906640425184179755e+00,4.983849957025335620e+00,4.607010967604936447e+00,4.750660074094322560e+00,4.811932376177741055e+00,4.602095908153619241e+00,4.791202105666485522e+00,4.274962344001692394e+00,4.768377614686430732e+00,4.393236048694430629e+00,4.673298915389922925e+00,4.555022693677092782e+00,4.062012507551192364e+00,4.379204552248260995e+00,4.444820621127369087e+00,4.494980396163522407e+00,3.770649233614080220e+00,4.410917575189238882e+00,4.213953746069251771e+00,6.865275038631080129e+00,6.125566807825256532e+00,5.365096984796111634e+00,4.922225229647074762e+00,4.882831605514865281e+00,4.803261468634178577e+00,4.160024315954409246e+00,4.411864010476659992e+00,4.272689596803608936e+00,4.177060378205138313e+00,3.894700207301465600e+00,4.679488185444703241e+00,4.126416279909257412e+00,4.302437679057613096e+00,4.771337112087964627e+00,4.431480696232397598e+00,3.927520562764720946e+00,4.050063311312605663e+00,4.159811064065014996e+00,4.060845079165574134e+00,4.289134479384445697e+00,5.285300054826720384e+00,3.871982839122930287e+00
7.175756450399122244e+00,6.714309531987120216e+00,6.783253728474731403e+00,6.942233838528681034e+00,7.148950557258540783e+00,6.615863437528970437e+00,6.570199885830750652e+00,6.717987182540386293e+00,6.601121147798582278e+00,7.041411011928895292e+00,6.869957010573370049e+00,7.242289215945619141e+00,6.868345525488757097e+00,6.863934581821212966e+00,7.119979832813831067e+00,6.893373934122410951e+00,6.985318554068912889e+00,7.126269427918951571e+00,7.449991943369505876e+00,6.885435615089352979e+00,6.841320920670370676e+00,6.740082118704736835e+00,6.630747102138220939e+00,6.897973442199283767e+00,7.095675499219140647e+00,7.260635880167304101e+00,6.842135158783389848e+00,6.724954615349134635e+00,6.814198391072469718e+00,6.580835432241398664e+00,6.710396728020857182e+00,6.925290250775084644e+00,7.673819393945739975e+00,7.027352937103987784e+00,6.588902873252213688e+00,6.744158581650419926e+00,6.493454939287269134e+00,6.536037925708312102e+00,6.816509374784526010e+00,7.132984510015611512e+00,6.639953606234850980e+00,6.491867945514800731e+00,6.707490565625183976e+00,6.427101297346319519e+00,6.536468023244976777e+00,6.778690194169550765e+00,7.178204419208298326e+00,6.815937506438618065e+00,6.663221730135324705e+00,6.611891379541126490e+00,6.625879001376731914e+00,6.707672152206510141e+00,6.549256998435266652e+00,6.987256641151707193e+00,7.042072479200381707e+00,6.981856314988523771e+00,7.083714573519998225e+00,7.118442858778164961e+00,7.038350477178613396e+00,6.803300441989328817e+00
4.910127312714852366e+00,4.681878147755329067e+00,4.574044665723497438e+00,4.442682892518099003e+00,4.417027265391086921e+00,5.454093935495657242e+00,4.809617558157726513e+00,4.736157594349343469e+00,4.234765516356712389e+00,4.652640221691373590e+00,4.613168107078775115e+00,4.763750883912520884e+00,4.441638866010080733e+00,4.709209439916537399e+00,4.369592840032169967e+00,4.564589163879269051e+00,4.252361970857771567e+00,4.523335876099221053e+00,4.634042920749714689e+00,4.370925734836848875e+00,4.604980925868224162e+00,4.919761858294316781e+00,4.418983958761833364e+00,4.343257351110589859e+00,4.642594787594005901e+00,4.370960859355449202e+00,4.204656834069957938e+00,5.295749065308664960e+00,4.760953286410683383e+00,4.511123490202421316e+00,4.190078486526494395e+00,4.530503586170810948e+00,4.498817013048939550e+00,4.394320259595292377e+00,4.576939980999425117e+00,4.603271482478191068e+00,4.661405215380893807e+00,4.357278684803048030e+00,4.205413884028371463e+00,4.770927334918456886e+00,4.391440064063360182e+00,4.557015766070475316e+00,4.368692989315580810e+00,4.580430945906731388e+00,4.803286753008968013e+00,4.626694181214808133e+00,4.315078520800553541e+00,4.381136246870634743e+00,4.343566330652854468e+00,4.419844878351779194e+00,4.343466331932324564e+00,5.529277605977232390e+00,4.955549834124735931e+00,4.719697016506435361e+00,4.542212145226694808e+00,4.649273731145943778e+00,4.586395091426024528e+00,5.145413632368284418e+00,4.797812153069667573e+00,4.857454672453524580e+00
1.947181671623133381e+00,1.097052405145229059e+00,1.098736541763386754e+00,1.792472035826057075e+00,2.078788278644383425e+00,1.606392706794009806e+00,1.609812458699510396e+00,4.183108701360838816e-03,1.791402989664022893e+00,1.100459512079593249e+00,1.792572915243731968e+00,1.607552585443142057e+00,1.383833355091107942e+00,1.379748731433706688e+00,1.097414760937382994e+00,6.938779872037077467e-01,1.789673705816165361e+00,2.299218834711580062e+00,3.806726271196323591e-02,1.943995681938748277e+00,1.384988311091001290e+00,1.385806174951099701e+00,1.606703167690948231e+00,2.472388328872960006e+00,2.994679577485010125e+00,2.486396968643612482e+00,1.098873145597702106e+00,1.943895326970479065e+00,1.946892725664284951e+00,1.385725030703523819e+00,1.938431234718273721e+00,2.281815254754169242e+00,1.609926631372637917e+00,1.795634742291364550e+00,1.384039900334322004e+00,6.581956306936856960e-01,1.375168759566715249e+00,1.095600321243604736e+00,2.560475873868420571e+00,1.609486726711559790e+00,1.380660941844604750e+00,6.895613333139902767e-01,1.794599051835561010e+00,1.604765019030404360e+00,2.390455478888827479e+00,2.084424268600864494e+00,2.399280704114372664e+00,6.875344702446609668e-01,2.567419594049438203e+00,2.075889928635555215e+00,1.946193917266116902e+00,1.944095794305270131e+00,1.932486389510444047e+00,2.078246341655900498e+00,2.705543943436891641e-01,1.376690790038576973e+00,1.789613710759219822e+00,2.395506801481124270e+00,2.570266990136810481e+00,2.637146358982345618e+00
4.605483763999388636e+00,4.672267169853366653e+00,5.284603831977425337e+00,7.473929482532530422e+00,5.733759013082595501e+00,4.631080709516114169e+00,4.461296017680044024e+00,4.286880806090078266e+00,6.320195028248358327e+00,5.144414920129937840e+00,4.882384489644524095e+00,4.470326009940562173e+00,5.031845501261262399e+00,4.532265496976581431e+00,4.398978207740690038e+00,4.338550382186264542e+00,4.589957519723063761e+00,4.625750579452078348e+00,4.768351285474965451e+00,4.690170933565715572e+00,4.467765005923432398e+00,4.073332001850035411e+00,3.663481343221474784e+00,4.082589266249789794e+00,4.289008723668153777e+00,4.274506242251087329e+00,4.429703072728381485e+00,3.940017140126269357e+00,4.871114148944623246e+00,4.110289477270735681e+00,6.023927434834932093e+00,5.199009786885161688e+00,5.014166528441468706e+00,4.514868827962059683e+00,4.299030000677827701e+00,6.284201657238464023e+00,4.318800376675494768e+00,4.446825996016666949e+00,4.344131239664963395e+00,6.547256004035316934e+00,5.146742019564016779e+00,4.918855862276184432e+00,4.874402659718287012e+00,5.128897243514778381e+00,5.734605089141553869e+00,5.723704863655649788e+00,6.059653499285855283e+00,4.515284475737134429e+00,4.821663060754139529e+00,4.284528890087043074e+00,4.807363932389034034e+00,4.785638887974025479e+00,8.288753085660907516e+00,6.282428263482906949e+00,6.223331322303878643e+00,5.607160910888436156e+00,5.373485043658290827e+00,5.406629771051783884e+00,5.109474279263729990e+00,4.690522925349010386e+00
3.135465737743289072e+00,2.300844151001498528e+00,2.198360493150088413e+00,1.946107313378084180e+00,2.832742912999104856e+00,2.890644503915243746e+00,2.947139273925358349e+00,2.397777316818936022e+00,2.638596011097866789e+00,2.773015008992616881e+00,2.196878836108573374e+00,2.197070253252800143e+00,2.564654191142083928e+00,2.709143162402300575e+00,2.485365820557612349e+00,2.302890350614514858e+00,2.303764738965659031e+00,2.566455132742622602e+00,2.079972485894992840e+00,2.485083953874923424e+00,2.397577777994354342e+00,2.888349145913136073e+00,3.038563581754216258e+00,2.706904483953027629e+00,2.195843292193554230e+00,2.301626663376858062e+00,3.044418017274226340e+00,3.217016343721692540e+00,2.637928137766876180e+00,2.301318976666471006e+00,2.638483224017579509e+00,2.306268480822407430e+00,2.782457777260008758e+00,2.397503422009514384e+00,2.404822090500695619e+00,2.482867216312961922e+00,2.083032100112928831e+00,2.564472790433318217e+00,2.641388180546992981e+00,1.790696539387304220e+00,2.298711051751264556e+00,2.079532013076780927e+00,2.565945557216013917e+00,2.639647659743936448e+00,2.641942891868542809e+00,2.640360506706965538e+00,2.397754906351356574e+00,2.484471424366909709e+00,2.773883819982370547e+00,2.562488111659048329e+00,2.304685354409738984e+00,2.397583984047312988e+00,2.398046863736591483e+00,2.082019021571298367e+00,2.564705105425494569e+00,2.569842118605448977e+00,3.213547152941153673e+00,2.197442372261326771e+00,2.076611352489356133e+00,1.610162949497877527e+00
1.400372405945165433e+00,7.163211266075069084e-01,1.958059778851582999e+00,7.143302243796126882e-01,7.024595093961596426e-01,7.000529612699696314e-01,3.346952785495121985e-02,6.935431919791693600e-01,1.110461415317459233e+00,2.647467196953196683e-02,1.108398951951075961e+00,6.937869094933571956e-01,2.069259561212450027e+00,1.366110502210600597e+00,1.383607708824468263e+00,6.735721873032547435e-01,2.369001456402069494e-01,6.934846395668058383e-01,1.100089522441280998e+00,6.896130545528783573e-01,1.607096862714288088e+00,1.381704901334820823e+00,1.532573341166802994e-01,3.252742242762649699e-03,8.212476679866771712e-02,1.363642387073475737e+00,1.105342691760903495e+00,1.369994311873157233e+00,6.773508977082629556e-01,1.083908819783492072e+00,1.097839616053590150e+00,1.952368680044993088e+00,3.390451109179377226e-02,6.813983946960979754e-01,1.388706873316165824e+00,1.779681949747934588e+00,9.839266771928170674e-02,1.386994974801810665e+00,1.101087645449720487e+00,1.092181332806267280e+00,4.517314558926466272e-02,1.368622603937325932e+00,1.364307989631880158e+00,1.076345110387228743e-01,6.851752614699351263e-01,2.075720048505102611e+00,1.350326987569963055e-01,6.775361506835846370e-01,9.152752169306478669e-02,1.066482324652919145e+00,1.091766210549955707e+00,1.104032042503144906e+00,1.659082523141024446e-01,6.513633687071724854e-01,1.095657708158154220e+00,6.659858629687331888e-01,6.878839458211094549e-02,6.922084705028743734e-01,6.816825703871871589e-01,1.926127762100924429e-02
8.078507048743883701e+00,8.017435087171300268e+00,8.288970882988785149e+00,8.375057602425195924e+00,8.666500043526658814e+00,8.860662660166356730e+00,8.148426034096903692e+00,7.860344072580107699e+00,7.946593721631396434e+00,8.091947409219157450e+00,8.362005446757512672e+00,8.531894975304362916e+00,8.214371297773690017e+00,8.121403800231302483e+00,8.069816976027080813e+00,8.026801396885375084e+00,8.306291264893211235e+00,8.533392898028528961e+00,8.674182083994120163e+00,8.245086820080356205e+00,8.241640434736591914e+00,8.330497508577924037e+00,8.323893533243037268e+00,8.277249697282325513e+00,8.290757130644225370e+00,8.600077533888134340e+00,8.255775441612426491e+00,8.111975714907901036e+00,8.159084871373128323e+00,8.137802633694697363e+00,8.091884736046148774e+00,8.337756544884332044e+00,8.516475374802441323e+00,8.173787800123632152e+00,8.125594905811308166e+00,8.065537454001514561e+00,8.089045474153341075e+00,8.130361468429173399e+00,8.291748988303218937e+00,8.403990918312679526e+00,8.214497908761137168e+00,8.159738944629793878e+00,8.181851123869705589e+00,8.202759516501201276e+00,8.236760771817332127e+00,8.506211834698508056e+00,8.659101095952483007e+00,8.423145791195210563e+00,8.436064357668325187e+00,8.850965095957976203e+00,8.920354287506381041e+00,8.946184654733523089e+00,9.326653175263134088e+00,9.608226079893098515e+00,9.737164888340339886e+00,9.387492652855128128e+00,9.169067971443887188e+00,8.902590620444941649e+00,8.931224263190731705e+00,8.839856646059999434e+00
6.753253002758044410e+00,6.543094919280115107e+00,6.713238514828373305e+00,6.869941337848350038e+00,6.553418460680600077e+00,6.668119116950880887e+00,6.434049748399663926e+00,6.218964798767318669e+00,6.217712370298974278e+00,6.769281492544744872e+00,8.962398972724324508e+00,7.586536106502235199e+00,7.067709040784417418e+00,6.816159238916982943e+00,6.448316194329445139e+00,6.239993167730179202e+00,6.605511565693011455e+00,6.743790320377056169e+00,6.591828983203051884e+00,7.483531545597338130e+00,6.173431452429749555e+00,6.115217996535362133e+00,6.051839514436573531e+00,6.159788248024980817e+00,6.403713050201973012e+00,6.162595183232149054e+00,6.615493963263935129e+00,6.106681360505442413e+00,6.289858819994249117e+00,6.059944680359810043e+00,6.248695628774050270e+00,6.561025636439159037e+00,6.479245073697309287e+00,6.216511350458332252e+00,6.115198362296097478e+00,6.131719888476217406e+00,6.261486886390670747e+00,6.666528985000003793e+00,6.815151506463025477e+00,6.895964097827458339e+00,6.558997790286498208e+00,6.476288757535287210e+00,6.395934924048966685e+00,6.373946870345059246e+00,6.728534706542192545e+00,6.809096773442350425e+00,6.577748362747962041e+00,6.291637113073169196e+00,6.243087247326294609e+00,6.207544579056123446e+00,7.916111609761449230e+00,6.814224423475880421e+00,6.931353219208251204e+00,6.942206569654000070e+00,6.424505270003983526e+00,6.341302945062124330e+00,6.397689226746615887e+00,6.470160206823297067e+00,7.254542078495489044e+00,6.786555234587189567e+00
7.950592764788836142e+00,8.052829451788046100e+00,7.437222028596217172e+00,7.125513556340015597e+00,7.037011772417529620e+00,6.885948931982879273e+00,6.571751239125421584e+00,6.238184558826481485e+00,6.234296901577451422e+00,6.293484782158096813e+00,6.051510082231492227e+00,6.337028768996708195e+00,6.246629169826316996e+00,6.291282158645148392e+00,6.316302830922330358e+00,6.233359688881002114e+00,6.381587916501220370e+00,6.305216142183753369e+00,6.204497915864223501e+00,6.221410405447443281e+00,5.902713838185403183e+00,6.044798118796232522e+00,6.226104679012116172e+00,6.088085696049533091e+00,6.000034701991263653e+00,5.843333879240621087e+00,5.662851390917102989e+00,5.968503903496247709e+00,5.894754308560255396e+00,5.865708019630390346e+00,6.203426755124072933e+00,6.118650608498175103e+00,6.155421591613051469e+00,6.022525749514492155e+00,5.854927013899272836e+00,5.709223707543292115e+00,5.962126378543497474e+00,6.103226732701537038e+00,5.900996432981230555e+00,5.779891819274901366e+00,5.894621342791173113e+00,5.726684454199208574e+00,5.655313302198189618e+00,5.558086870107134203e+00,5.852237854281244545e+00,5.772100216622794377e+00,5.523302973393833248e+00,5.420788961118867988e+00,5.520403996104677802e+00,5.745988119164841201e+00,5.468928470183065826e+00,5.559061595297387193e+00,5.356928281936824021e+00,5.482326357771342806e+00,5.576451039695039746e+00,5.470338225764174389e+00,5.349067451356754432e+00,5.730216100016654934e+00,5.704769338837886394e+00,5.685310633589753415e+00
7.287158382329720574e+00,7.140266600187382018e+00,6.941862834394266990e+00,6.736834761556872664e+00,7.196269127018801726e+00,7.394392377433066876e+00,7.397800965599703460e+00,7.498297114113589679e+00,7.469585388962470596e+00,7.175573893227649158e+00,6.773792382417822111e+00,7.150123307677680451e+00,7.470805561761958202e+00,7.522499165849866110e+00,7.453332890511137343e+00,7.393139539374122826e+00,7.125912857846627979e+00,6.758977995486288748e+00,7.131153173518900878e+00,7.446354780231755122e+00,7.439312384942550871e+00,7.356665154097825621e+00,7.595385787427967550e+00,7.203368604249413387e+00,6.683422172908463743e+00,7.261182529042831568e+00,7.426950119548547669e+00,7.483211909959547548e+00,7.416061049263482197e+00,7.385317211098279877e+00,6.931029561187250998e+00,6.756391452419730825e+00,7.164657649693006114e+00,7.541200972311002282e+00,7.349263082685688175e+00,7.362993575410278879e+00,7.190627776169817409e+00,6.937129929176935050e+00,6.642680375978319063e+00,6.998758475697501424e+00,7.319402548422275778e+00,7.323287264813869157e+00,7.236021248962924091e+00,7.232657826677572288e+00,6.718066362312431927e+00,6.488257877375393612e+00,7.619830129170710897e+00,7.122007116986162956e+00,7.023901144789786777e+00,6.779490984523651065e+00,6.607160222484928624e+00,6.172738389906944789e+00,5.757665976409247044e+00,5.801239060978931050e+00,6.014657925672212357e+00,6.463773239396451764e+00,6.632923631754977123e+00,6.631631286781463963e+00,6.513239029957454740e+00,6.039977009772973915e+00
3.303524740098468193e+00,5.162589876463801630e+00,4.939944785558225249e+00,2.995458508947467902e+00,4.037470005643676529e+00,4.246310756789204000e+00,2.708233826311897907e+00,3.189611353717695774e+00,3.047731022611603002e+00,2.569142302911992193e+00,2.899757459867792875e+00,3.558264578950594448e+00,3.332462536107159590e+00,2.641397285156587671e+00,2.708386366389723854e+00,2.887469591421641280e+00,2.302784377987840969e+00,2.551046829400598348e+00,3.502261509350960811e+00,2.639597393543599679e+00,3.047682739296558196e+00,2.891303852742549640e+00,3.572537676969855802e+00,2.776031906250087555e+00,3.531160952504912132e+00,2.559168872388493554e+00,3.295440339215278680e+00,4.047435890240657308e+00,4.126691970458654879e+00,2.789030415547406161e+00,3.290497171394294540e+00,3.247606742898797805e+00,3.867323954914149375e+00,4.199625510015455809e+00,2.884766695487976040e+00,3.036422970163031643e+00,2.638979768294212214e+00,2.992230303832438487e+00,3.252278283042750573e+00,3.257448150213702487e+00,3.706660946805294898e+00,3.213393591306449526e+00,3.177881083170681187e+00,3.897393923532703308e+00,3.991408853107567101e+00,3.714907269828710223e+00,3.583223058061087318e+00,2.949887684381733433e+00,3.191086480637270739e+00,3.178618090895100945e+00,3.331333287721730319e+00,4.142858660157807904e+00,3.137320640031751484e+00,3.660706168133526006e+00,3.334148216840394419e+00,4.344273564178293690e+00,3.734799602515098904e+00,3.530137209135967069e+00,3.796628604348472269e+00,3.635357334571921673e+00
4.894312514577727313e+00,4.588229401059674473e+00,4.787822036276425663e+00,4.721996754307734356e+00,4.760103731374397462e+00,4.832322740389616733e+00,4.964712013773725729e+00,4.712366786446995803e+00,4.668308162222570168e+00,4.505308240454822588e+00,4.777290697115376794e+00,5.126904119403322468e+00,4.780417047089758675e+00,4.749124623587462679e+00,4.878948766009251869e+00,4.939784008887579070e+00,4.803143853320789525e+00,4.649835574604582078e+00,4.751410492113853579e+00,4.889538245679200479e+00,4.750352914149508443e+00,4.821224818129799417e+00,4.790682221647865724e+00,4.528331910250351200e+00,4.558079184261003114e+00,4.848445771715208963e+00,4.719342509825019683e+00,4.761555814700584754e+00,4.641197322248579837e+00,4.570020954994200579e+00,4.758871343804459642e+00,4.624277235437222799e+00,4.864343006267054292e+00,5.128590511089957893e+00,4.823758755617499894e+00,4.626838516114506916e+00,4.867214713926165004e+00,4.732345156230899796e+00,4.423744322407671348e+00,4.709963553007938231e+00,4.549031725982136010e+00,4.813469042579274770e+00,4.878693593707200016e+00,4.619308113941399618e+00,4.727167052830950844e+00,4.312265562369033134e+00,4.691028937750433947e+00,4.743918225535865396e+00,4.832022594005288774e+00,4.782221964936018921e+00,4.775516709259259862e+00,4.589560114579214201e+00,4.668085147090619280e+00,4.545647250655274085e+00,4.702854247070845872e+00,4.674401941073955236e+00,4.750319851447775577e+00,4.731811622636925563e+00,4.862041417323315962e+00,4.784226600188541845e+00
2.079715504319059605e+00,2.564391692222779184e+00,1.793164350822079367e+00,2.301060957734307966e+00,1.795251350526767098e+00,3.090776630644398004e+00,1.100867955634433182e+00,2.397125490953027072e+00,1.791870501509035263e+00,1.947772097328831720e+00,1.792410054049083490e+00,1.945446978572107133e+00,2.079836183945098060e+00,2.480865680667352802e+00,2.079417064091443113e+00,2.397500725199821936e+00,1.608296709374010813e+00,1.610087391904169385e+00,2.195834766818607786e+00,1.608337045942858756e+00,1.947909369383083789e+00,2.708792439072373881e+00,2.299944148405352884e+00,2.304982271827220153e+00,1.949346460388625024e+00,2.484623353025948056e+00,2.564190633420805554e+00,1.790360877014493646e+00,1.609445979377182478e+00,2.080743513599939920e+00,1.105654569089125516e+00,1.104493217439223240e+00,1.597576066633805913e+00,2.565581196934357155e+00,2.392798803872242974e+00,1.107814212682898702e+00,2.298385161777906305e+00,2.565066627971445801e+00,2.075549577020746828e+00,1.384934958305888086e+00,2.295032259004878394e+00,2.563445931829663404e+00,2.070506637364931457e+00,2.559978423363601596e+00,2.561954529417427739e+00,2.625655240478194319e+00,2.200820198974519748e+00,1.786880598549109189e+00,2.416210132503277652e+00,2.631595509678358979e+00,2.082337610309497933e+00,2.396199133273467119e+00,1.116244033187413054e+00,2.301816132034638862e+00,1.793808609908519980e+00,1.940119241355332980e+00,1.942450284119046966e+00,2.639085162395633510e+00,2.480956085769379538e+00,2.700563705210492049e+00
7.757565314101187326e+00,7.917172139730469738e+00,7.901747296953412381e+00,7.699367712583572221e+00,8.086531721462941746e+00,8.656677662846655963e+00,9.340879836502637090e+00,9.910178312504308806e+00,9.635232174104384484e+00,9.550478796909812829e+00,9.014258781649777674e+00,8.775278863589640821e+00,8.883858301873258867e+00,8.778568298072583431e+00,8.437901190310043376e+00,8.349265852318941583e+00,7.974254679792901257e+00,8.022253445096177771e+00,7.941955519169002997e+00,8.115154955283745863e+00,8.089186125454181919e+00,7.977046809235275759e+00,7.816233644766975353e+00,7.585492593371911063e+00,7.542984737935660711e+00,7.585502210096548126e+00,7.762847503128496029e+00,7.581748097503655082e+00,7.528062451527212318e+00,7.407194783903773505e+00,7.237577114066243489e+00,6.980235827283478578e+00,7.097580092617518766e+00,7.235796757147283209e+00,7.256110454118949171e+00,7.208668054979996853e+00,7.128636452876839336e+00,7.119436760314915347e+00,7.050065873220863644e+00,6.917806095919351250e+00,7.171690239065616090e+00,7.157671992421834162e+00,7.156340481632041950e+00,6.955641839865710274e+00,6.938308255651514322e+00,6.840425454249757564e+00,6.923969623605109369e+00,7.175248630119940074e+00,7.194756955068676518e+00,6.935876197384849284e+00,6.795315301988382295e+00,6.744833972207232797e+00,6.365548519731971666e+00,6.325439316880000717e+00,6.861325400933040441e+00,6.913183195830503003e+00,6.996768814240092560e+00,6.904500612821017569e+00,7.042731848316591936e+00,6.512009643574906192e+00
3.446408216855229689e+00,3.146086938122320653e+00,3.511936732948552908e+00,3.149877595921884765e+00,3.673671639335551742e+00,3.735541231688911612e+00,3.293429885216651254e+00,3.427918609219137824e+00,3.501383631312610323e+00,2.713537942395253477e+00,3.063487570195650544e+00,3.262308416707402348e+00,3.529130247373691631e+00,3.362306524485698223e+00,3.403879058669816882e+00,3.588902044645824851e+00,3.407772583314658821e+00,3.164821311553415395e+00,3.337876938072635635e+00,3.466213942025742067e+00,3.433347721699374855e+00,3.305489541680257215e+00,3.496113944441836541e+00,4.125445060012276066e+00,3.258153540646217650e+00,2.894565189560120988e+00,3.295455241169571892e+00,3.742675004572130426e+00,3.712427357700264885e+00,3.043691298496436826e+00,3.330668432763993714e+00,3.305224024919069414e+00,3.296755955010866490e+00,3.768253498053705020e+00,3.292344493708905251e+00,3.467562947148731034e+00,3.645017763279578826e+00,2.783681569712089132e+00,3.092589285786086606e+00,3.308668470528632888e+00,3.467272176160707708e+00,3.555271323246943282e+00,3.219896354694720575e+00,2.994659221427276474e+00,3.184334735261642457e+00,3.175503023187115303e+00,3.366190122431443221e+00,3.768868277717719817e+00,3.608931052535681694e+00,3.773808303880028525e+00,3.639301261214725081e+00,3.060167013759637289e+00,3.280389377665470008e+00,5.954868159989980647e+00,3.694045709596072147e+00,3.510693859963341712e+00,3.670857196624662588e+00,3.519543764925002538e+00,3.344038683319838778e+00,3.376618743811258039e+00
1.945523642047629842e+00,1.948806514207753304e+00,2.302595926607602372e+00,2.302531932096625766e+00,1.791335137884143336e+00,2.483924927639074465e+00,1.792076578372523654e+00,2.397641508548825851e+00,1.103632513113854241e+00,1.611406274312551234e+00,2.083821261400757852e+00,1.944966561736254373e+00,1.099228774602829972e+00,2.197391964718624635e+00,2.079267052262095739e+00,2.302682030836339599e+00,1.946042873855823307e+00,1.946142885384555488e+00,1.946155050969347267e+00,2.563470806716583450e+00,2.564815667262702270e+00,1.104217841423511537e+00,2.197396301864784629e+00,2.301734453600231767e+00,2.079095548105141411e+00,2.197174308339570725e+00,1.945868136961038886e+00,2.079816056967020543e+00,2.400210788921731453e+00,2.637158799586923674e+00,2.397244911782706822e+00,2.196548034664037807e+00,2.565863905347427476e+00,1.792771085388996211e+00,2.194297862336815008e+00,4.056849232842401065e+00,3.760702322053537827e+00,3.716031032555029423e+00,3.005325768659826480e+00,2.890460989865985653e+00,2.303878585458129180e+00,2.299293431734976245e+00,3.498566108887077863e+00,3.366068874084104934e+00,2.834456486099818040e+00,3.296832652465544022e+00,2.707628436421842810e+00,2.889692554020920845e+00,2.786536846320041949e+00,2.888681507989222297e+00,2.565237424921547049e+00,3.091650970353759131e+00,2.394676135093618097e+00,2.826802635729432911e+00,2.301963132220894881e+00,2.305345318796559795e+00,2.563344578435295062e+00,2.484960532535184896e+00,2.833407558083051558e+00,2.486288579312759150e+00
1.606676419297929703e+00,1.794267908404506784e+00,6.920933099119601639e-01,8.870254260958171030e-03,1.095440860603251298e+00,1.095679284440122192e+00,1.093779381865446210e+00,1.099015527267728887e+00,1.613949980345558144e-02,1.621886678562323852e-03,6.927840723432728831e-01,1.607360864438358350e+00,3.142033633457907028e-03,1.382248308840664519e+00,8.334696638177154296e-03,6.853970728299144111e-02,1.782713620689404310e+00,4.914988511125697318e-02,1.095079146757789168e+00,2.432963008996468293e-03,8.863641008797110143e-02,6.872518141245751444e-01,1.094532299126100838e+00,6.982142354515962213e-01,1.388870694273130590e+00,1.094478691565983874e+00,1.781642964516192862e+00,1.383549721766357488e+00,8.939281846453625557e-02,7.070909624738881405e-01,1.107365451517078547e+00,1.377303164314076067e+00,4.875821494217390251e-02,5.548899847500886329e-02,2.330912903894089006e-02,6.660738099780594279e-01,1.099032463974345619e+00,2.285568858390232480e-02,1.370734083401178305e+00,3.526761392083120228e+00,4.260087950402796864e+00,4.145197181465230862e+00,4.696902616117125895e+00,3.217429387915139660e+00,3.742443837770293324e+00,2.496987387342478826e+00,2.192252991799790163e+00,3.986578490387816309e+00,2.298595668659883184e+00,2.213177857043441055e+00,2.195224444821995302e+00,1.373202202952648499e+00,2.081929993728778960e+00,2.076699256824682038e+00,1.927162450776042313e+00,1.133003868796949920e+00,1.379849738227253209e+00,1.107075554591480104e+00,1.386076601931832464e+00,1.100751512854126091e+00
2.887731176180465376e+00,2.964195480005631378e+00,2.399046441322229217e+00,2.302931695842486803e+00,2.890557690955513515e+00,2.398369159492092617e+00,2.396988280641919822e+00,2.079702481630276711e+00,2.302081775851177348e+00,2.566047396078338760e+00,2.197793457246135063e+00,2.565042695505118431e+00,2.771984910274966740e+00,2.944868487684804581e+00,2.947241612742421246e+00,2.943595770437011261e+00,3.367435847651143010e+00,2.485368348306263631e+00,2.198490277528823533e+00,3.039756693410374577e+00,2.708917906258406560e+00,2.704674308207247968e+00,4.791251535041340048e+00,2.919952420572871965e+00,2.889012180222127135e+00,2.707924463414339122e+00,3.444114877173857892e+00,3.090228358631857741e+00,3.294205056231301221e+00,3.289287933426232602e+00,2.886539087468329434e+00,3.042894768810471717e+00,3.610391568240882254e+00,2.994857211835151301e+00,2.995030620686098821e+00,2.949565464067290588e+00,3.088043799068151962e+00,3.528939317487453486e+00,3.043904937928851417e+00,3.213347684685916583e+00,2.890085784101716904e+00,4.058900407276643030e+00,4.251845507921999001e+00,3.042322675081505334e+00,3.214662330146706548e+00,2.708508775063726670e+00,2.709278064846586620e+00,2.489468368827663092e+00,2.832757714656303882e+00,3.255375789225908534e+00,1.793859179859868647e+00,2.833922569032214511e+00,2.891542994107918929e+00,1.947159930174675813e+00,3.398231392061437983e+00,2.774489880659773533e+00,2.831938803265530158e+00,3.828466391649399725e+00,3.291447143065300729e+00,3.217919768542826464e+00
6.690529456724786606e+00,6.432588095290824981e+00,6.546052059097185349e+00,6.652079676754760307e+00,6.799182364993831662e+00,6.649501536161620763e+00,6.853293004680407918e+00,6.619162702459727932e+00,6.523004299998468980e+00,6.745650806007153832e+00,6.630254047098597781e+00,6.617818271571125344e+00,6.337908166853543079e+00,6.362193637743965624e+00,6.435058867913412861e+00,6.314770701279790899e+00,6.577296121243588978e+00,6.621301945942340339e+00,6.770933423568604503e+00,6.390158647945901826e+00,6.444834999585615343e+00,6.379869936296319821e+00,6.280236905488437493e+00,6.229434569573486513e+00,6.277072288862937555e+00,6.539410619258745783e+00,6.203682281973521562e+00,6.317968694687999154e+00,6.513979140651572131e+00,6.403077535082937644e+00,6.304343659475462047e+00,6.676224729420460413e+00,6.917673590252800153e+00,6.672156869896049614e+00,6.630822682205355534e+00,6.506038520414041848e+00,6.486973130662410547e+00,6.392675258882649203e+00,6.512512780689080572e+00,6.662022181489176020e+00,6.454082567638734780e+00,6.402637485395935357e+00,6.379167806224813830e+00,6.467889234776468044e+00,6.565066245346491414e+00,6.607737851282743158e+00,6.682179484175869710e+00,6.570598594285478988e+00,6.540308361083440047e+00,6.529820067424603636e+00,6.703892168053336320e+00,6.945026934166430799e+00,6.846093336583754407e+00,6.882308386467522965e+00,7.641850318729820124e+00,7.250392259411362339e+00,7.262898592594003055e+00,7.286524506810218682e+00,7.428930979716985128e+00,7.043438673119243987e+00
7.092603784182677451e+00,7.163719838837828924e+00,6.906063472961356808e+00,6.501653659927925766e+00,6.654708495120756240e+00,7.147706147540136001e+00,7.273567717229679985e+00,7.076742893007169855e+00,7.026911903033576934e+00,6.878609101423345251e+00,6.304511002431609334e+00,6.611590693573881516e+00,7.134698382927785687e+00,7.138527296343672113e+00,7.254685075141264150e+00,7.154798847944169538e+00,6.830099882256917887e+00,6.493267622842428644e+00,6.723032808894768841e+00,7.150328387985501521e+00,7.121813060376233295e+00,7.103030901374020267e+00,7.076421612259154337e+00,6.820320196561188375e+00,6.216504499085865554e+00,6.593486539232677579e+00,7.039672552251349025e+00,7.054671184866481148e+00,7.104545928110578501e+00,7.012292074063269709e+00,6.750282113588639277e+00,6.243096242267245799e+00,6.507329029413439159e+00,7.060552321911809592e+00,7.040167853487015570e+00,7.117406286488248135e+00,6.957128622967946541e+00,6.746492106053380233e+00,6.448631186624021794e+00,6.708179373436121473e+00,7.358826628866334651e+00,7.218035827388675330e+00,7.174518538709984128e+00,7.168015967024816248e+00,6.826022268697861328e+00,6.361426366295367174e+00,6.642431281505173146e+00,7.008094275299314724e+00,6.969563377601098786e+00,6.946093839651513946e+00,6.884131191814016226e+00,6.531206675148305330e+00,5.851459131541203895e+00,6.226742140561858818e+00,6.283259509397737475e+00,6.807717099100926816e+00,6.832798850517408873e+00,6.783889330503978243e+00,6.678402471279339281e+00,6.174830307704258558e+00
5.916328540016906778e+00,5.652139890874111394e+00,5.574047989549922200e+00,5.676303131719709683e+00,5.974522316041368519e+00,5.467064543686874778e+00,5.462584334526034979e+00,5.222615610856573554e+00,5.427126511622745397e+00,5.785583635119894375e+00,5.790960879260508065e+00,5.861418455216795387e+00,5.675708031444908208e+00,5.424232867696328952e+00,5.483481178337672901e+00,5.136881811380340501e+00,5.269196163819335865e+00,5.444962449203509358e+00,5.408281433837316854e+00,5.595668983828662846e+00,5.438181599401492150e+00,5.329981334734879006e+00,5.253889322401733786e+00,5.242055708176186712e+00,5.412540622995188677e+00,5.468676197311891585e+00,5.271904278730724869e+00,5.223878408279735375e+00,5.172297331953852328e+00,5.093829844597447476e+00,5.204860560352352117e+00,5.510381907763022724e+00,5.573318687554060347e+00,5.238391527745879017e+00,5.224654166693345481e+00,5.089114547050789028e+00,5.393306300370689144e+00,5.077356237576130304e+00,5.355254155845293518e+00,5.383442545070394658e+00,5.249618441161896243e+00,5.253039014550327401e+00,5.333636180541121874e+00,5.123758383902099034e+00,5.130664418393712012e+00,5.236399939039749540e+00,5.371482704686771470e+00,5.539052812206273657e+00,5.237640132531582893e+00,5.500046465522607342e+00,5.506513946425316774e+00,5.290768632029814178e+00,5.102950560536410052e+00,5.271703907656658750e+00,5.260435212493559831e+00,5.342688186732583944e+00,5.393674762141047907e+00,5.423651925157817466e+00,5.398450281892084313e+00,5.323052025788207686e+00
2.707142351319639761e+00,2.398774602799507161e+00,2.944749109451213709e+00,2.890142003369307488e+00,2.991450816628046017e+00,2.564827682938127129e+00,2.304318709473687665e+00,2.398382747109246704e+00,2.487432446417949361e+00,2.996206907793283580e+00,2.998031423683854779e+00,3.493375282258879277e+00,2.565862948643614860e+00,2.763827305505459186e+00,1.945926277028802387e+00,2.890980961000133131e+00,2.890581372574918984e+00,3.133304931076781763e+00,3.688219694479145883e+00,3.331025586970651098e+00,2.079509580823091675e+00,2.708304909483058243e+00,2.885031003640059488e+00,3.218886605956697178e+00,3.257020085848395752e+00,2.998475618536503795e+00,2.996366848058707344e+00,3.134549963760663971e+00,3.175602995326341382e+00,2.193271805981781064e+00,2.398664706556932202e+00,1.792648053385114570e+00,3.254091244648458670e+00,2.833432259749079751e+00,2.482484266234070258e+00,3.216411304696205953e+00,3.583241749571866031e+00,2.394894243732993644e+00,2.638930622536113102e+00,3.400685733571878533e+00,2.638208703817828127e+00,2.638663216696950808e+00,3.174880996865392824e+00,2.485042206861935554e+00,3.216345239854243143e+00,2.708088615028110713e+00,3.090775029277899488e+00,1.389485695819036470e+00,2.638960311098129008e+00,3.045664399521601506e+00,3.091572560597708907e+00,2.771233652716851736e+00,3.090791597937063262e+00,3.403050445252145284e+00,3.971202987937196838e+00,3.589015128610758332e+00,3.253202297527735265e+00,3.402720602980756404e+00,3.432986490539266633e+00,3.643873884359896120e+00
2.772371152149424173e-02,5.256476900673493630e-02,4.362254552276192965e-02,3.895942299531857805e-02,-3.145386684551462406e-03,6.811944764718131165e-03,2.995621729301321812e-02,5.849712809044632471e-03,8.846326769761988368e-03,-4.029625918189223550e-04,2.228687759451524614e-02,2.790748836668898586e-02,2.129149593096498969e-02,1.883715195736209574e-02,1.061823994235998672e-02,2.267487642070622686e-02,-4.005942011165804575e-03,2.564594612637637744e-02,-1.437126429578997229e-02,1.460074192648726406e-03,6.862612918905984863e-03,4.498828165793038875e-03,7.648296219135092625e-04,5.788975007325260647e-04,1.929252139524444479e-02,9.847830435236413008e-03,2.318110242423260942e-02,4.752450157093841138e-02,2.708651866822114201e-02,2.420327307938095057e-02,1.805692836461180936e-02,3.789229962792518142e-02,4.818436884814665533e-02,3.989999531581461811e-02,3.931166963899274808e-02,1.366832751148139118e-02,3.459183429486635541e-02,2.001305073782935068e-02,1.661382144992270063e-02,2.028950183114527558e-02,4.264205727949660352e-02,2.353279134268541906e-02,3.626304595941007985e-02,4.224869729416038527e-02,4.120496973215483777e-02,3.371182913614269305e-02,3.671208056839486700e-02,2.101112043721645867e-02,5.950850332799877823e-02,4.468710443292295970e-02,4.870678226147758666e-02,2.925112908956854080e-02,5.718285348154453912e-02,2.393019258481331527e-02,4.715437919984745430e-02,5.759830932899054345e-02,5.282695941245044852e-02,4.162388592058092335e-02,9.498292431569822780e-02,7.045733625662599364e-02
2.079118896479385192e+00,3.294905956342591757e+00,3.527425559121442511e+00,2.833102242494272005e+00,2.772067387076842859e+00,2.485434828931607054e+00,2.772312602995408160e+00,2.580425867155685005e+00,2.638694524524668683e+00,2.398228522699039189e+00,3.089438342132085236e+00,1.946418298804761360e+00,2.398638474266771681e+00,2.079959728121465012e+00,2.707232122078479630e+00,2.080711767855312644e+00,2.080707871454106961e+00,1.950117057282639621e+00,2.080173216035952066e+00,1.386306366325714245e+00,2.641001650575542037e+00,2.303779896291782592e+00,1.946584193155241005e+00,2.303563387878849955e+00,2.944532800051507415e+00,2.197066156498719725e+00,2.078683772844731603e+00,1.608423101946537370e+00,1.610799721079141378e+00,1.610861764907126181e+00,1.799235831267741004e+00,3.043403170002852320e+00,2.650291713067918220e+00,2.833153395575755962e+00,2.406515046744424513e+00,2.564696246660728818e+00,2.562655079245582890e+00,2.638954344976891075e+00,2.401270611306021596e+00,2.994562180639882776e+00,2.713368821214471094e+00,2.305621499999399138e+00,2.486763388741678238e+00,2.303777996669306383e+00,2.890306005296615854e+00,2.995032222953529999e+00,1.944885426791097993e+00,2.890593514543879472e+00,2.398876712286396096e+00,2.773187847883614054e+00,3.557543894246698368e+00,2.832188359744904016e+00,3.131233013549810540e+00,3.612874805574054271e+00,1.609749562200194051e+00,3.370676053114911142e+00,2.884029903876443868e+00,2.638519131339037038e+00,2.076075334642462966e+00,2.484854232321044520e+00
8.913361532631411066e+00,7.351217231496445237e+00,6.796681104008855279e+00,7.572435854481020634e+00,7.703974141313175927e+00,6.443154008048689541e+00,6.480999065685991489e+00,5.992610988749103029e+00,5.746503940796668708e+00,6.209479316445649211e+00,6.900302173680985085e+00,7.057206927590849332e+00,6.542891100412560057e+00,6.325316452713262372e+00,6.018345727428690672e+00,5.779310360701008342e+00,6.063856659516226877e+00,6.247088951598763096e+00,7.531840177407590708e+00,7.856394313532223173e+00,6.858095049154433909e+00,6.410189471519479376e+00,6.362951767593199470e+00,6.392123583503600770e+00,7.728341497309762609e+00,7.706120630513740188e+00,7.358552567949916856e+00,6.565929913131521189e+00,6.499206123979345939e+00,6.340556712669408235e+00,6.412278633504834957e+00,6.634457685771041113e+00,6.881034036086759009e+00,6.649114578804566911e+00,6.724331638935453270e+00,7.045293954914495949e+00,6.649671050816364115e+00,6.555789149748096456e+00,6.594293777997209283e+00,7.559302512033247545e+00,6.802923738711078805e+00,6.563623425212437468e+00,6.977116671679501891e+00,6.301094749919515792e+00,6.606255709689564881e+00,7.556291687813374125e+00,7.110128230399711313e+00,6.887293461647954196e+00,6.769748818612161045e+00,6.555765294411446398e+00,6.072225734195786373e+00,6.582341938812543702e+00,6.338575628604311341e+00,7.463539780352272501e+00,6.173671469207969942e+00,7.106644365430404342e+00,7.684140968710264197e+00,7.478714793213232959e+00,7.857713698879108755e+00,6.738700923083652761e+00
2.197926160944422502e+00,2.197082635978202525e+00,1.608183287624834756e+00,1.790274445129326208e+00,1.792312188040156018e+00,1.609068372324373719e+00,2.398097305166182025e+00,1.884784201395328429e+00,6.915957530726567493e-01,1.099462573940658272e+00,1.608092507727738596e+00,1.388056952048269954e+00,2.196866238452227726e+00,1.105541107322928873e+00,1.099183664531556470e+00,2.078435709924112196e+00,1.097676894118089219e+00,1.387459593641326983e+00,1.792321014163822612e+00,1.099433081757295039e+00,2.079485307576734776e+00,1.100903956893681590e+00,1.100955309644876756e+00,1.104451074685936396e+00,1.945578443294653459e+00,1.794765896911260983e+00,1.610893319335301666e+00,1.609071945860505171e+00,1.603531084997836587e+00,1.096554574314217545e+00,1.604317304011203982e+00,1.784760679783326420e+00,1.386087947073394888e+00,1.606393110444750638e+00,1.102272549943871027e+00,1.096849366532013814e+00,1.095905051886052695e+00,1.382963231694974704e+00,2.196376403316711468e+00,1.609820647908990487e+00,1.101462322366298263e+00,1.381546904295651856e+00,1.610419127724813659e+00,1.386737645234338068e+00,6.886033646191296320e-01,1.790049349258953093e+00,1.610739831242627762e+00,1.942527047181909605e+00,1.116463323719391054e+00,6.911349630227565655e-01,1.790904651635012446e+00,1.607568872279160122e+00,1.793799325056608884e+00,6.868095427080234128e-01,1.389016873662376694e+00,2.314671661583377560e+00,1.616965887035361815e+00,1.619715041779876685e+00,1.606824711616192003e+00,1.097944414789084666e+00
5.470795815726857469e+00,4.862251138428584696e+00,4.614092910463125641e+00,4.796949680731720456e+00,5.180814438794574706e+00,6.281397978331779264e+00,4.718850919152807855e+00,4.563610989988693412e+00,5.030266843456497661e+00,5.142223848062718261e+00,4.972990756055575723e+00,4.892186042281807978e+00,4.578588794316011068e+00,4.708691025765524785e+00,6.313137819804138573e+00,6.291632309168759818e+00,4.846876939857748035e+00,4.964868510615117358e+00,4.893896104050154960e+00,4.669222341061733061e+00,5.143552332705544572e+00,5.257208300034911908e+00,4.646220008686877456e+00,5.017350164283329583e+00,5.349100555128432966e+00,5.996877934620196804e+00,5.521635817489166875e+00,5.668253103932226367e+00,8.688826759049952386e+00,6.654909237466255512e+00,6.046436825992652864e+00,5.399161025023503591e+00,5.525330822264066022e+00,4.754612488582451668e+00,5.000824864485895915e+00,5.366947810511376815e+00,4.672039362591912770e+00,4.455252082080781939e+00,4.746381675095249442e+00,5.039661145016447463e+00,4.228162766974192799e+00,4.580734853325708400e+00,5.407523324721416280e+00,5.219496544546188055e+00,5.072166835589853484e+00,4.783593904087031667e+00,4.760923542626525062e+00,4.633236598235331627e+00,4.891454172117836841e+00,5.912219268164415453e+00,5.610194759880560156e+00,4.543886024451214034e+00,4.443013459634395090e+00,4.682878139169790899e+00,5.039586058843566363e+00,4.510944202539429071e+00,4.628964671312092882e+00,4.588803417032259802e+00,4.816513507892053347e+00,4.740140442637626350e+00
4.321781776538844433e+00,5.152662676854745882e+00,4.604506200960529760e+00,4.357707888101268523e+00,4.130830782357552522e+00,4.521334665368287986e+00,4.649701293130783064e+00,4.794766787750766923e+00,4.358569550285620764e+00,4.234973237513130151e+00,4.007981673777205600e+00,3.991767875618785766e+00,4.026195757610405934e+00,4.702496583800370722e+00,4.948391832087266629e+00,4.249778817363363714e+00,4.738201383133916700e+00,4.508616878724065913e+00,5.153761705221341138e+00,5.614062556262701342e+00,4.867378451335699907e+00,4.693503744904788277e+00,4.466824039318962214e+00,4.786530697783998534e+00,4.453050261994005332e+00,4.494002891006529943e+00,5.453593117178498595e+00,5.528682793595848466e+00,5.479774446490427664e+00,5.391180462205459101e+00,5.005976528045023244e+00,5.461551383179125807e+00,6.225389009314450384e+00,5.847096042863427101e+00,5.676247531869840657e+00,5.953394138994020146e+00,5.812643138731588444e+00,5.801306527401352220e+00,5.641305224212371350e+00,5.523139090055712686e+00,5.505088277661224438e+00,7.105696997328435849e+00,7.852163975447299826e+00,7.732760491391250213e+00,7.488065136426799384e+00,7.369401743634735880e+00,7.207046978405528215e+00,7.795944356001768050e+00,9.121146020985952063e+00,8.103904600652851897e+00,7.533341011716283120e+00,7.392131535956941057e+00,6.816862925464420186e+00,6.606306666903382308e+00,6.318193619873438749e+00,6.340348073404146412e+00,5.949643412918318219e+00,5.700697031999256481e+00,5.720219333966547914e+00,5.711575889352019431e+00
1.108070346980289722e+00,7.107278765296501932e-01,7.054676080504277413e-01,1.805273826019458738e+00,7.226816882598203762e-01,1.562355753274162207e-01,1.116507492627357045e+00,1.107590014898876207e+00,7.169054262575068615e-01,1.108336546100228803e+00,1.395917253940907266e+00,7.045624974420302555e-01,1.383135459266829681e+00,1.381915103387320043e+00,1.610566427154884961e+00,1.155545930765073358e-02,9.221181879152546071e-03,1.378273419736700811e+00,4.682675860859741857e-03,-2.914406074761319667e-04,6.855176983994398787e-01,1.392970297745649955e+00,6.808861104468668657e-01,6.940496981137610488e-01,1.393029208945908426e+00,8.262535205855917053e-02,1.108856522346771234e+00,2.330606358225570940e+00,2.155572942780282109e+00,1.620928641768155654e+00,1.039021522808002695e-01,1.782014967177694587e+00,1.098542143943515154e-01,1.422783357173000862e+00,1.391010805730803046e+00,1.086597564683271289e+00,7.027016133270813647e-01,1.397171186676769317e+00,1.379211025145201663e+00,6.973719003080275369e-01,6.210670070907510221e-01,2.317335191313616566e-02,1.116541988782761008e+00,1.114412106888845289e+00,1.385721157457715957e+00,1.415963486819435291e+00,1.078993001763888515e-01,1.136485159660127975e+00,1.381674674594606911e+00,7.143467972917597053e-02,7.092066546508152269e-01,1.814331989779438770e+00,1.409954933024069046e+00,1.592718089085575495e-01,1.385669209223769682e+00,7.011038700722793671e-01,1.606722157212762125e+00,1.609197111451788453e+00,1.092416780474569915e+00,1.380268872628692911e+00
6.393757574911561825e+00,6.329431801609666230e+00,6.286633033548888250e+00,6.101456152675199363e+00,6.465796553818160319e+00,6.413715466693028056e+00,6.281356009610534308e+00,5.987454082716843651e+00,6.320103382178470675e+00,6.329577388864404242e+00,6.164897451949335583e+00,6.224973983520946774e+00,6.315655411912511674e+00,6.312965352667810670e+00,6.283020949773336916e+00,6.483200592066587831e+00,6.354410599886938016e+00,6.117395678454314201e+00,6.178895262140303046e+00,6.245752680788384303e+00,6.348584954493278865e+00,6.167592350843414728e+00,6.049678933352282684e+00,6.161315465536441494e+00,6.101264613989807017e+00,6.233922963117890070e+00,6.372267815090300935e+00,6.295468938323928398e+00,6.291642641707555939e+00,6.171005481768493617e+00,6.203359266836165453e+00,5.924992232657452007e+00,6.121776990144047303e+00,6.414813203185411261e+00,6.397956301792070199e+00,6.294093459603979923e+00,6.406239777274644887e+00,6.247986584590215386e+00,6.040841438797856178e+00,6.213646149980848854e+00,6.604261790922659081e+00,6.444426193337738695e+00,6.459399897397293699e+00,6.342746354709569268e+00,6.308124691490299973e+00,6.205036222422650738e+00,6.212882764996235707e+00,6.521640702166539683e+00,6.475226982098096329e+00,6.457646274051245250e+00,6.306341101162731277e+00,6.215382189393850787e+00,6.099066366543908657e+00,6.026092338579110752e+00,6.358277354933665748e+00,6.528202579317692766e+00,6.471584530602475738e+00,6.557487361170721840e+00,6.537107466440075676e+00,6.248723175117946838e+00
6.838785028059350068e+00,7.469550530836960966e+00,8.586089826538630732e+00,7.963607288789943617e+00,6.943112947950948133e+00,7.875283662204791924e+00,7.633599934147354382e+00,7.161848938975885481e+00,7.088084988885742455e+00,6.724671364388113304e+00,5.787819078072788948e+00,5.799316733085182030e+00,5.801562289737862699e+00,5.589282231518629018e+00,5.520124364589473309e+00,5.424670220112648877e+00,5.412854045182225349e+00,5.718866041558879232e+00,5.960894675869252701e+00,5.502312722188799299e+00,5.474668774883527433e+00,5.655630253130546237e+00,5.498343161435917281e+00,5.581165153600227136e+00,5.379521298638324289e+00,5.633083680289288075e+00,5.399097818247731162e+00,5.392856865117392040e+00,6.056804857114924445e+00,6.046412929787617685e+00,5.502549381221792046e+00,5.593353264734640895e+00,5.486527976993553324e+00,5.157345943553939271e+00,5.356592666668786862e+00,5.348682970178749052e+00,5.651321323015190856e+00,5.521374271588406657e+00,5.386662818233115324e+00,5.512294034088477623e+00,5.372878415625153004e+00,5.297403849713824719e+00,5.225166442713960357e+00,5.328955678453676903e+00,5.338680738914512780e+00,5.722853568696811166e+00,5.565536391848433517e+00,5.541065275482530694e+00,5.360965734272858718e+00,5.241817831307526099e+00,5.502826994974618913e+00,5.705158046061927557e+00,6.056974793987245143e+00,5.616255042504358919e+00,5.273127896019989436e+00,5.425370142369112969e+00,5.292907205695770223e+00,5.798601101759148335e+00,5.343373409240868455e+00,5.361209423488588754e+00
3.989108484109775699e+00,4.219147861839922520e+00,4.391250693685733175e+00,4.407581023046540203e+00,4.532383793251720583e+00,4.159103015485377419e+00,4.343877483966070763e+00,4.159315496898819298e+00,4.532342535338697687e+00,5.640885680644077915e+00,6.028110258182927339e+00,5.286977005334410507e+00,5.036834252822545821e+00,4.990038625052958920e+00,5.648185623464117455e+00,5.098454407286969747e+00,4.829304392688004377e+00,4.693668504876103320e+00,4.780875826798721029e+00,4.433661786299925467e+00,4.248330339624978080e+00,4.317059028023290779e+00,4.471023966907702984e+00,4.006194336886381713e+00,4.458497685236539887e+00,4.747405206449927029e+00,4.114005523185590540e+00,3.956537167402433663e+00,3.931400948944077101e+00,5.134975067308800156e+00,4.311856640377304650e+00,4.125359804039915090e+00,4.583414839935419316e+00,4.236116684469823923e+00,4.053961857630866028e+00,4.130791389107669076e+00,4.337098401874648346e+00,4.152602034296147160e+00,3.952256784761613240e+00,4.126993305560454850e+00,4.095593688394471243e+00,4.356915656558213001e+00,4.013766228570330163e+00,4.062906608269496900e+00,4.303343882908299278e+00,4.710689864853971898e+00,4.584465762276533241e+00,4.264388025147349381e+00,3.701963766065614614e+00,4.007922061478681464e+00,4.193426260227102631e+00,4.184248634847077319e+00,4.203207201555449579e+00,4.511486561196212719e+00,4.357958363202139473e+00,3.987952891679752199e+00,4.212952157033384992e+00,4.405753292987170333e+00,4.059483338898783877e+00,4.533295821392846925e+00
2.772705450963604434e+00,2.080915712927895012e+00,2.197893331304967557e+00,2.564692991152830892e+00,2.771884455108537981e+00,2.569615002419687766e+00,2.708867570090601529e+00,2.081436004101620441e+00,1.947637225367558456e+00,2.889474338993442082e+00,2.640361451994223341e+00,2.302881110059146419e+00,2.079227313684005818e+00,3.524924883876408899e+00,2.772383229082515221e+00,2.303287105577610738e+00,2.397988877112879891e+00,2.078771764936894417e+00,1.948452717591784511e+00,2.638945558471513131e+00,1.791670427560386969e+00,1.943388259224773540e+00,2.397889250868795674e+00,2.893039447438616740e+00,3.402820386156862220e+00,2.772581034425166457e+00,3.180476244785469309e+00,2.892691722993349313e+00,3.088265552957749183e+00,2.572143469701433816e+00,1.615459163247263019e+00,2.890670324153232329e+00,1.402287280498854205e+00,1.948925048254102954e+00,2.564998672908557431e+00,2.891005590715865825e+00,2.890844656608441365e+00,2.708738228239893964e+00,2.564165144405437857e+00,1.944999568383402710e+00,2.312216521821423676e+00,2.399128379123574906e+00,2.567563007937224473e+00,2.080441554190773257e+00,2.648360053169359407e+00,2.396472883453615754e+00,2.771898460054635471e+00,3.050826006343514862e+00,2.707375111315072136e+00,2.485413761464701832e+00,2.304536308010336043e+00,2.831365973535219016e+00,2.397594283871565146e+00,2.486208878549021950e+00,2.994925292340753220e+00,2.194565875746345096e+00,2.770689687480497376e+00,2.636955481107210009e+00,2.709331695638820481e+00,2.889031352978463030e+00
2.400300835474286743e+00,2.078205035732389128e+00,1.792814436763865871e+00,2.301997796819398978e+00,2.197234483200092736e+00,2.074944097439916035e+00,1.946385394248511203e+00,1.944483615484875916e+00,2.195322860554439703e+00,1.388237210603555427e+00,2.303413518931222370e+00,1.384896282561323799e+00,6.940480614527670955e-01,1.791069061913959537e+00,2.194969506425976213e+00,2.566386789980930949e+00,1.794061947986750116e+00,1.789489155683092081e+00,1.100426504074804468e+00,2.302280656206522558e+00,1.946321483858533430e+00,1.389072733544817195e+00,1.606668172198759459e+00,1.793287096706701389e+00,2.076443561559562223e+00,1.792448838494467012e+00,1.606944545020553949e+00,2.079825627998516779e+00,2.300768504887513277e+00,2.077110944623104860e+00,1.102269539762399164e+00,1.610997135947784598e+00,2.070114800255131726e+00,1.789674310948183411e+00,1.609613241280005269e+00,1.790368587696385960e+00,1.609424352120017776e+00,2.304880927445874139e+00,1.790032500792243297e+00,2.074806949180178606e+00,2.571756083808455440e+00,1.941242673695916743e+00,1.796176650173620271e+00,1.945777827722452669e+00,1.384719983376707653e+00,1.388236152760244924e+00,1.387886731582125055e+00,2.394830863852497327e+00,1.946717801518837554e+00,2.297548410972132693e+00,2.478608431132458989e+00,1.947367517699609252e+00,2.771183291279231131e+00,1.386550974213722975e+00,1.795879070854780712e+00,1.599300755056558332e+00,1.943603921303348470e+00,2.077239670875328237e+00,6.911093645374430938e-01,2.396082781694896191e+00
4.541198425679917605e+00,3.472766657756034103e+00,3.348256235706543738e+00,3.304129323711553656e+00,3.072395421176657759e+00,4.034892809439729611e+00,3.916066971484346571e+00,3.135782382311679051e+00,4.727115069104200096e+00,3.263841818527869698e+00,3.258445387314618635e+00,3.450998588654079935e+00,2.893799942963820815e+00,3.371192455882887629e+00,3.334716829361405122e+00,3.693515370841724543e+00,3.902336427890984449e+00,3.975047616366854886e+00,3.832725200402816501e+00,3.912861207536625585e+00,3.704899866851872670e+00,3.820911131023927876e+00,3.581595872126156266e+00,4.231980945198986710e+00,3.680695435448764652e+00,3.976197156266101818e+00,3.736964197426698497e+00,3.918280701106698682e+00,3.736512704417224384e+00,3.733215257902106288e+00,3.950671613179448372e+00,3.635009780553562830e+00,3.482667476599985434e+00,4.025286897016058241e+00,4.007224445271945434e+00,3.713294449046167234e+00,3.136665618745845485e+00,3.435087626869721689e+00,3.809158314043497917e+00,3.522182997564503371e+00,3.762916587359891540e+00,3.525929049636772117e+00,3.910893713843655473e+00,4.044555286030397490e+00,3.782609136140616446e+00,3.967643790608307075e+00,3.979868671836795713e+00,3.578937498562516861e+00,3.433030975794117534e+00,3.495487042224059149e+00,3.496456283501529150e+00,2.943747796436488429e+00,3.046127155378697271e+00,3.363043090099883337e+00,3.292020850428962309e+00,3.046170522253580870e+00,2.943422733117861512e+00,2.583232523967908367e+00,2.831233579098924036e+00,2.890739044915093370e+00
1.060751203445787529e-02,1.057672307901589594e-02,1.727805008299619031e-03,9.379334079617262024e-03,-7.682174575474770215e-03,2.385783255081364365e-02,9.278237590330506643e-03,1.590903047533295464e-02,6.447488369408781672e+00,7.136594642681803435e+00,8.104326739027966298e+00,7.970930913753599967e+00,7.490050844169706679e+00,6.997119944370451705e+00,7.782776588496769676e+00,7.610627170184369739e+00,7.100480718422181425e+00,6.969490095577726585e+00,6.542922980363232277e+00,6.191099429187222114e+00,6.160973341395211911e+00,6.015713137689391310e+00,5.816635444236358587e+00,5.588008643336301873e+00,5.599468186431363570e+00,5.913754965914219675e+00,5.760519786073718507e+00,7.160935710796610287e+00,6.188767496341755603e+00,4.947544700060274359e+00,4.753075645283798778e+00,5.091911137805282372e+00,4.675589268787843977e+00,5.642107146092931735e+00,5.517626233703477823e+00,4.522256418528598054e+00,4.309962388594141380e+00,4.430619191005579438e+00,5.286808852953215343e+00,5.292312378071596157e+00,4.750214542926523897e+00,5.036564363028220193e+00,4.611135102030657684e+00,4.975580890182397020e+00,4.613775774722263634e+00,6.282408301349595270e+00,6.351866510005008237e+00,4.818177934838483445e+00,4.261344826293831822e+00,4.531132871261720929e+00,4.585461997545002610e+00,6.611281430268921788e+00,5.977032058966024408e+00,5.378211739029270078e+00,5.512105654135542210e+00,5.023362487850953073e+00,4.914006870814136008e+00,5.279171169309786471e+00,4.784016100989547660e+00,4.834361340357191672e+00
-3.857293079587577767e-03,6.816599288199587381e-01,2.043104579345850387e-03,-5.387810239631949522e-03,6.849194498952799748e-01,6.826018770690845949e-01,-3.962350243562861619e-03,-3.067838536350861543e-03,3.505345313652418263e-03,1.505628529214722740e-02,-2.028733398939642617e-03,3.587271342457540424e+00,7.431580775771688074e+00,6.071522258291597751e+00,4.179451936473958185e+00,3.544748598654208660e+00,2.920220297033664814e+00,3.135305358094473860e+00,2.965146904264533756e+00,2.221780779585305954e+00,2.326043350289430656e+00,1.383704175767713096e+00,2.163677850610671083e+00,1.942383071865384281e+00,1.996257222792893637e+00,2.036454163471030920e+00,1.335554673236410084e+00,1.096296431566193830e+00,2.222021381851386757e+00,1.569983230837071586e+00,1.082983029145986542e+00,1.587302441367862249e+00,1.904707097790087733e+00,1.122565547987791623e+00,1.627193369690028923e+00,1.055210549589617131e+00,1.941743990938014086e+00,6.755840372537299521e-01,1.396428778684395411e+00,1.888140923545070793e+00,1.695157282778281260e+00,1.319303121610850615e+00,1.343224527125318479e+00,1.069706794243445058e+00,6.428677716273105691e-01,6.704348810771909584e-01,1.561790490457825253e+00,6.023438968418277223e-02,1.094236330383613787e+00,3.110930416122386966e+00,2.067265312749568817e+00,7.021282184594389575e-01,6.266943814511144462e-01,1.110158216256195152e+00,1.367379613316769271e+00,1.131453172787608485e+00,1.126844830103471029e+00,1.810622384455101930e+00,1.148867473767173575e+00,1.111186342417290307e+00
2.079046312221047632e+00,2.302461509507731652e+00,2.303160130563944197e+00,1.793044851223149161e+00,2.302330091692295966e+00,2.483704071355798515e+00,3.709628065258400831e+00,3.090143755385388769e+00,2.945656964652273224e+00,2.395588758850146327e+00,2.770593711982929808e+00,2.834550514214837946e+00,2.564985635695400834e+00,2.301086471313396054e+00,2.194548040124411958e+00,2.774006578176478666e+00,2.194156454272105261e+00,3.043312311394209324e+00,2.303178750957785237e+00,3.331273568496313509e+00,3.401587423320680870e+00,2.397726510414338819e+00,2.482368730781179256e+00,2.772385293516657523e+00,3.090126506663448680e+00,2.832143049150460445e+00,2.197786212214452028e+00,2.833405583832367292e+00,3.219153477852088496e+00,2.636881974430361986e+00,2.771999415516734011e+00,2.831765976969929710e+00,2.656355637610542164e+00,1.949660374291157128e+00,2.406207353551358175e+00,2.773479428832091198e+00,3.291860352501653431e+00,2.706422845627674878e+00,2.083528581203760499e+00,2.636533164282189201e+00,2.398990789415516467e+00,2.080125388823382160e+00,2.078669110913232032e+00,2.485311792275046727e+00,2.643900324106326583e+00,2.772262178812811229e+00,3.525236952721969796e+00,2.705213138881160884e+00,2.830417804895555278e+00,2.562781880379721322e+00,2.565748234982597964e+00,1.946111219961178751e+00,2.653540010728792975e+00,2.640797196270819214e+00,2.198520124457963298e+00,2.300875643971231899e+00,2.561468944658234381e+00,2.564269486512189999e+00,3.087710284953879558e+00,3.136579139686045181e+00
5.638179369695178522e+00,5.246562291673591005e+00,5.250045904919247164e+00,4.972622153306310189e+00,5.154456092875709494e+00,5.196166083740999753e+00,5.168988375168223293e+00,4.708421230356628406e+00,5.304225938666171203e+00,5.231672816883289556e+00,5.120034685369417637e+00,5.093625960639104555e+00,5.186870272358437894e+00,5.308562004926651312e+00,5.099233765452403588e+00,5.220735391807844294e+00,5.387912366455548607e+00,4.989110709280693001e+00,4.968455526826891067e+00,5.293386605775903142e+00,5.297095547532800097e+00,5.119271377673731749e+00,4.750482912042709671e+00,5.120133062860506179e+00,5.094964619729142719e+00,6.118661610354405589e+00,5.426224876518895179e+00,5.389104909105182806e+00,5.496644286654078115e+00,5.515704206901586026e+00,5.321526254319476124e+00,5.020833603538674694e+00,5.169897054869189823e+00,5.296498745667544306e+00,5.182041481240483805e+00,5.357125321792993944e+00,5.423847067736307537e+00,5.238239874524237116e+00,5.312105900164662664e+00,6.165794026026744312e+00,5.516898945231458740e+00,5.408266826760259605e+00,5.394804484260189881e+00,6.304549340028347437e+00,5.761773871464197505e+00,5.179928140033519313e+00,5.022925422736308043e+00,5.313730318959153820e+00,5.196222049497951190e+00,5.209994061015363442e+00,5.823972646268941844e+00,5.220327086961028762e+00,5.141736351972062025e+00,5.082867821588343382e+00,5.624571532575425081e+00,6.001565270116268280e+00,6.573203574039093944e+00,5.863465601179001396e+00,5.768085460698000766e+00,6.666940550209107030e+00
5.401069455135598218e+00,6.186060605100843546e+00,6.058634554285254659e+00,5.188927510785256381e+00,5.235645423010337751e+00,5.751831188638252712e+00,5.648221312795029370e+00,5.576832652223260745e+00,5.623354680632869140e+00,5.723169982264082911e+00,5.134219478358263977e+00,4.329484972969036782e+00,5.506841132667765315e+00,5.940272884841193424e+00,5.703701902894686704e+00,5.529424774234424689e+00,5.883646549685986216e+00,5.151014471990460031e+00,4.753463144450779332e+00,5.593882171704753326e+00,5.578490437944130242e+00,6.019564029648603487e+00,4.941006370575413698e+00,4.852607425785941508e+00,4.009347331238506840e+00,4.124839446653505881e+00,3.916864657819349116e+00,3.761581041810356574e+00,3.294603739181214408e+00,3.134985723083008491e+00,4.565196791547101007e+00,3.178254128496432518e+00,2.397761028933110161e+00,3.556880785924964261e+00,3.259065700408968702e+00,3.497034483299051644e+00,2.995930155938156592e+00,3.139613573531440327e+00,2.945068812603507613e+00,2.708231190370081976e+00,3.402545963505907434e+00,3.804849143580676163e+00,3.219775781500466394e+00,2.640651507662359787e+00,2.484602777641709004e+00,2.639478994493662523e+00,2.833884205529634048e+00,3.556002180090089837e+00,2.962499560695146084e+00,2.711178946960418390e+00,2.773259894170746254e+00,2.484842591773876563e+00,2.485726602961960019e+00,2.197792955821156635e+00,2.399124604733599675e+00,2.945329662026779260e+00,2.400347231347561561e+00,3.257063918249204715e+00,2.994846126564283395e+00,2.199799135748970347e+00
3.584978213088388710e+00,3.867819570155490716e+00,3.665107598073401363e+00,4.007221669058332658e+00,3.662931993232018790e+00,3.870425593124786179e+00,3.873390539005055366e+00,3.869961018780313289e+00,4.165891168588252924e+00,3.720467311810390143e+00,3.582877749045279892e+00,3.931216943859575430e+00,3.337060638618228214e+00,4.004591655131233274e+00,3.499772849885334658e+00,3.712675381696843413e+00,3.501324270552819140e+00,3.761533505423613644e+00,3.949304119676130487e+00,4.005360321307365190e+00,3.761396974261735693e+00,4.027481228025304283e+00,3.781812017633964462e+00,3.663106254231475400e+00,3.712418934609366783e+00,4.020712642596342867e+00,4.024908525418370075e+00,3.368679410790846873e+00,3.854028533612088747e+00,3.610908854511899246e+00,3.635898253176479411e+00,3.809428051639554891e+00,4.124796410372341349e+00,3.954250622128955506e+00,3.870765607396055685e+00,3.564721252639197147e+00,3.526775917993603571e+00,3.331102638548906647e+00,3.785985905780848704e+00,3.689283897770830656e+00,3.622776296690007669e+00,3.784580910740801940e+00,3.688783449926789526e+00,3.732727010268757972e+00,3.585148261232580236e+00,3.760538258071160822e+00,3.912724849386124859e+00,3.218887690024841319e+00,3.870321554455966595e+00,3.497114731800090137e+00,3.831281821942161159e+00,3.917241234701678732e+00,3.739138629199405095e+00,3.716279653915001369e+00,3.850542074752884680e+00,4.370049478900614126e+00,3.966877304772820523e+00,3.909091152623663579e+00,4.098132810096174694e+00,4.044916385911523804e+00
7.059365761497004010e-01,7.004264965418321998e-01,7.086560551429509358e-01,6.803638904088357142e-01,7.010414040706096639e-01,7.299794023515246977e-01,7.016630402474011152e-01,7.419748593460833153e-01,7.140746349749318433e-01,6.912077826528981728e-01,6.946998986765459128e-01,7.069251354852554847e-01,7.002262292564948032e-01,6.720441519140617492e-01,6.886237962812716829e-01,6.813610720605454141e-01,6.779985190680500873e-01,7.033458674703976232e-01,6.745958639886705521e-01,6.922209848747392646e-01,6.951196498790704892e-01,6.989451923353917628e-01,6.839333704670906844e-01,6.997332819358287326e-01,6.777030442684430778e-01,6.978017934950057066e-01,7.057671523930895141e-01,6.862976216839828947e-01,6.733120104717453813e-01,6.965231871989520096e-01,6.703341317832848256e-01,7.043968954616595113e-01,7.134927085605647923e-01,6.875911773987473108e-01,7.053580507284644696e-01,6.928994313734370136e-01,7.510608874928647039e-01,7.279945052772111014e-01,6.759333134254160713e-01,6.830296723281386040e-01,6.755609379658614744e-01,6.903772533876303408e-01,6.962290758188681705e-01,6.676700020408550262e-01,6.685962295450440518e-01,6.864064680414033726e-01,6.981266845683605782e-01,6.917544011601087783e-01,6.929615751301775317e-01,7.026196689944791407e-01,6.886872220744000295e-01,6.620024914963604790e-01,6.607835247700382109e-01,6.799117656255542208e-01,6.734679503122319444e-01,6.959121830406262976e-01,6.968125847073141088e-01,6.884054820463935132e-01,6.427799104918480166e-01,6.486713268657109399e-01
5.461056348087956813e+00,5.427555029619847815e+00,5.405775503465234166e+00,6.443759160916849638e+00,5.804737378150795379e+00,5.666955890012953745e+00,5.537181772263521928e+00,5.574937894200798105e+00,5.054409997828879675e+00,5.251841914782188425e+00,5.371558381002715876e+00,5.971557508115981072e+00,5.865590527312013691e+00,5.728827024330814588e+00,5.129496844050485116e+00,5.235434495657632858e+00,5.244725900952238007e+00,5.845749322977625617e+00,6.500508448135533968e+00,6.696510052679911951e+00,5.520442751663802383e+00,5.224236990954246984e+00,5.475591929657362300e+00,5.390327283596328733e+00,6.253405887500457894e+00,6.101650746872728348e+00,5.538311699787088926e+00,5.286577959374275437e+00,5.327114606114355944e+00,4.935687523865210480e+00,5.032724920835444316e+00,5.389130854074503318e+00,5.442175851467972336e+00,5.555892975842301240e+00,5.479198143346575733e+00,5.205172348788495107e+00,5.134548894461877566e+00,5.417492692928380649e+00,5.686622329059543013e+00,5.698154771270798058e+00,5.419180394770003240e+00,5.263809460124911688e+00,5.389399819885080767e+00,5.069241085421536397e+00,5.225055161866367648e+00,5.370261720994079724e+00,5.637673381310809084e+00,5.338346091977691721e+00,5.284492397686144649e+00,5.297921353959710089e+00,5.581208491977478481e+00,5.772030883752218067e+00,5.499373284642702586e+00,7.009410674251886242e+00,7.209557156982745241e+00,6.873560320163067949e+00,7.455175104388198193e+00,6.792789765885442144e+00,6.290656487158767796e+00,6.030044528725675868e+00
3.178230577194292916e+00,3.331592535829637658e+00,3.737758954305691272e+00,3.367913963499414187e+00,3.295964866787624459e+00,4.316519126347623470e+00,3.261912737654305783e+00,3.136687881441861059e+00,3.403215103868587832e+00,4.303251191627056826e+00,3.807096446580557014e+00,3.738118397532598447e+00,3.849460776458765388e+00,3.526819500068774538e+00,3.524408050711812290e+00,3.367342843322446821e+00,3.088227127648525805e+00,3.431606044814473844e+00,3.219649725361987791e+00,4.109198336346011615e+00,3.366019310417792010e+00,3.258969289174971529e+00,3.581186242154808852e+00,3.091562391988024849e+00,3.555201581690595525e+00,3.713781642657795423e+00,3.734804376879955257e+00,3.930402406107576407e+00,3.402052669288706532e+00,4.671799760355959563e+00,3.824276200527415348e+00,3.400988248020194948e+00,2.998460418323077636e+00,3.177653231774260956e+00,3.176158347753243572e+00,3.302993734584055652e+00,3.331923125099634841e+00,3.663202466032404736e+00,4.038614324870057004e+00,4.173214692423260708e+00,3.584949345057304892e+00,3.759542829262287444e+00,3.783457960594481140e+00,3.331480693854831809e+00,3.134460165722082525e+00,3.257641002233432559e+00,3.177552083734671129e+00,3.257001036594167509e+00,3.218144407567014476e+00,3.333444933897098839e+00,4.357542743888555670e+00,3.433919345057773853e+00,4.246769253476148087e+00,3.177460019579032569e+00,4.275073378863844198e+00,4.424849367254276800e+00,3.294777199991927308e+00,3.296431558869028056e+00,3.134642098470810545e+00,5.233798171627355167e+00
7.142885917440881194e+00,7.343927375218047615e+00,7.212669812258231339e+00,7.219397262754895905e+00,7.240961365099368940e+00,6.977043886050518395e+00,7.017301939845729031e+00,6.865573817539517343e+00,6.866337637205902844e+00,7.002344866619552022e+00,7.222107920600593367e+00,7.313440720126363814e+00,7.029651763632147166e+00,7.041715177485393440e+00,6.997018245653537249e+00,6.938736759582789126e+00,6.885812473090092034e+00,7.085521970410231241e+00,7.049814157894977562e+00,6.906863229776013746e+00,6.766571895150039317e+00,7.104902077799465587e+00,6.879240823255692305e+00,6.870525611246148578e+00,7.086797247966652336e+00,7.119034809633382643e+00,6.899774860029368462e+00,6.849618540819477630e+00,6.838960749851436205e+00,6.847648902455625297e+00,6.974995227407293719e+00,7.111319796791282677e+00,7.262436204633931247e+00,7.132223843643456185e+00,6.980884753092791328e+00,6.970521260355256210e+00,6.981663461053472020e+00,6.996115030450114070e+00,7.139364800676810674e+00,7.245870178410982909e+00,7.050750072084523090e+00,7.091248396027443945e+00,7.025990358563714011e+00,6.962726016426859843e+00,7.062041579027538596e+00,7.124275122398044502e+00,7.376088995894811262e+00,7.207426711545204867e+00,7.126479452227279410e+00,7.235425599143225917e+00,7.219385068730340471e+00,7.298971785169661608e+00,7.247284609496812635e+00,7.400087565534493983e+00,7.245707941734559121e+00,7.326076389226574115e+00,7.316467606166691340e+00,7.258864670260850360e+00,7.288306705642876082e+00,6.956257457676834122e+00
1.607915117049234288e+00,1.388845485948680070e+00,1.602259270711160699e+00,1.610220353009157446e+00,1.789621995699326673e+00,1.609515097021146479e+00,1.790529051348564105e+00,2.300823553473061445e+00,1.610759219416928678e+00,1.391864742605083416e+00,1.791128637688589986e+00,6.894518612572521077e-01,1.103882719759446296e+00,1.392532392808080832e+00,1.603004377897254917e+00,1.606459182541414954e+00,7.041272827265271372e-01,1.099955409693232022e+00,6.893553365147786494e-01,1.610027867140403579e+00,1.388533893842491818e+00,6.927524381874439197e-01,1.385892131011799977e+00,1.100712504329488528e+00,6.857429895987471324e-01,1.782322943690226369e+00,2.071593815481084899e+00,1.382725459671361179e+00,6.875129763125433779e-01,6.797589618454574767e-01,6.704189896479030297e-01,6.719322016715187917e-01,1.951650587668836145e+00,1.093155171320656205e+00,1.379946980730963668e+00,1.388961472050281643e+00,6.951555330030483315e-01,6.861991680879876432e-01,6.945595181492337788e-01,1.098148939722339845e+00,1.613172186560523746e+00,6.915985335915338927e-01,1.085390636872862524e+00,1.390920904446251827e+00,1.098932048287909247e+00,1.096880188339330653e+00,1.389706646646053922e+00,1.611060005031701881e+00,1.936287585201375450e+00,1.373601184595697244e+00,6.576760937462483581e-01,1.109059795762761924e+00,1.390376726194814339e+00,1.616785562953316768e+00,1.265968725002038830e+00,6.912140412932202826e-01,1.934081452258022749e+00,1.788099861754931963e+00,1.093614410795348268e+00,1.600310993435994256e+00
2.079495250155827701e+00,1.608675691392496665e+00,2.299864549107039302e+00,1.944359246238955841e+00,1.100159667868258584e+00,1.607677181190190208e+00,1.099229989101299765e+00,1.608451390385822855e+00,1.608223472329013415e+00,6.944481130667922164e-01,2.077645147264583159e+00,2.889556423893380188e+00,1.097671864899449901e+00,6.914174145454383691e-01,1.942501768245444627e+00,1.383154269713349427e+00,1.607151213441391890e+00,1.942153333047439423e+00,1.606954826103879075e+00,1.609105979288095289e+00,1.791290434576107815e+00,1.386761975633910238e+00,1.947043102646019541e+00,2.197954882813999422e+00,2.396913971294302836e+00,1.099232650101602760e+00,2.081002305546085118e+00,1.944473600903127819e+00,1.943853739273089021e+00,1.936243673657521702e+00,2.198356070831689824e+00,1.610595159688330780e+00,1.103439765178160004e+00,1.791777804686115028e+00,1.383699383729957155e+00,1.105593177048616926e+00,1.387226084999841458e+00,1.608969896795709342e+00,1.944937829981242539e+00,1.609056209371639179e+00,1.386598822613200443e+00,6.920074643741905840e-01,6.655514702800664484e-01,1.605671496038582502e+00,1.938049078556514759e+00,1.363690877417619296e+00,1.596087710120034808e+00,2.357268933197498306e-01,1.378824111055623414e+00,1.101282008903858189e+00,2.298097150428062285e+00,1.789357817378449900e+00,1.945478709587254329e+00,1.597262414188600488e+00,1.780869529584830024e+00,1.784493296317188893e+00,2.397578802272594345e+00,1.795291761443438272e+00,1.789040602655064038e+00,1.797735811360490210e+00
1.791087727668148499e+00,2.401213875630677563e+00,2.080332796680937957e+00,2.197014539630413044e+00,1.945160034943437255e+00,2.077556452612862703e+00,2.302875825276720079e+00,1.609941794945265237e+00,1.944801565638791585e+00,1.791785652543846030e+00,1.385337411281699405e+00,1.609512469798488832e+00,1.608504230506031307e+00,1.383520642350593688e+00,1.790590458206343216e+00,1.793615335873662620e+00,1.387016313801857637e+00,1.943987182821366622e+00,1.944257193179738774e+00,1.608743827722750597e+00,1.386662156432543425e+00,1.606368401547203950e+00,1.610061706089069400e+00,1.608568956457279153e+00,1.385554392565021553e+00,2.077065022607139433e+00,1.097152576518068079e+00,2.395788955309667401e+00,1.384358321542559223e+00,1.383627323371480644e+00,1.786080364931799336e+00,1.098587364265788846e+00,2.077487981430999664e+00,1.607965497722165127e+00,1.945535425817876973e+00,1.381779238135980137e+00,1.101099284411631185e+00,1.384936028416944742e+00,1.100392298594278229e+00,1.093721663530313526e+00,1.608412926192799741e+00,1.792698737577710588e+00,1.389006450562285222e+00,1.099132084732570291e+00,1.385581391033385401e+00,1.382603190333699494e+00,1.606200416854608903e+00,1.794188476989566405e+00,1.107895647493369662e+00,1.101034076472763745e+00,3.029223139251562835e-01,1.791540765703179883e+00,1.386387753066921746e+00,1.390938983225612935e+00,2.087862923484861355e+00,1.793311765664653112e+00,1.605277165763936642e+00,2.078628033589263513e+00,1.096577476968999987e+00,1.942353941375946080e+00
6.945181102879542046e+00,6.984747406782092938e+00,7.038465802803509419e+00,7.157374607565145652e+00,7.231329862447354984e+00,7.012628033304173947e+00,6.963548931328233493e+00,6.834653706377455507e+00,6.985154165117650749e+00,7.192806339653023961e+00,7.200617519962104751e+00,7.232941880642988153e+00,6.916013252270554190e+00,6.847399244946282160e+00,6.999330969227581356e+00,6.990316191256839673e+00,7.200831887464958392e+00,7.495991782919124269e+00,7.562030046736211375e+00,7.194451059161256268e+00,7.255008211761333925e+00,7.270348535843079496e+00,7.284761256124164142e+00,7.326821412622948948e+00,7.517917975883398718e+00,7.563113426018301944e+00,7.334718056706799771e+00,7.152973586760462688e+00,7.071455891674450989e+00,6.989532019659693063e+00,7.015612968601391941e+00,7.188781908432249068e+00,7.185018875530052362e+00,7.067961192975064755e+00,7.093288523072565965e+00,7.124050657767498684e+00,6.836339612193389925e+00,6.873215184957595980e+00,7.040788002917489408e+00,7.230745768266540807e+00,6.888637654303821023e+00,6.814151286472490021e+00,6.899926250483614076e+00,7.083518888396616475e+00,6.989773962664465046e+00,7.196099897962387359e+00,7.297548260965443845e+00,7.218646930863163114e+00,7.159505526038820733e+00,7.080587698621219062e+00,7.094755860953321225e+00,7.108655223828348468e+00,7.340562245592377799e+00,7.488689703980268675e+00,7.313216956397254442e+00,7.216157163330383817e+00,7.237956866920968402e+00,7.406080909947073465e+00,7.234229110039262167e+00,7.206574353705049951e+00
1.946253700845184786e+00,1.609316005516382209e+00,1.792087274777042216e+00,2.079970090754948764e+00,2.079245458505442290e+00,1.609999352241083592e+00,1.791852328604832234e+00,1.945018313508717123e+00,1.384076981055416544e+00,2.196874136476421491e+00,1.608732619439596778e+00,6.937381956783362780e-01,1.098228451275918616e+00,1.097497265964556101e+00,1.945475394622780962e+00,6.868377283945281686e-01,1.095599832974224697e+00,2.301133486031258446e+00,6.905888588173106912e-01,1.792054763005115126e+00,6.972795634193050818e-01,1.098532821689272021e+00,1.100893007904218956e+00,1.098282980875727066e+00,1.101406275715656191e+00,6.913364630780421960e-01,1.609636444091507856e+00,1.096012958923188840e+00,1.103116281813549371e+00,1.098748563051878513e+00,2.079933076997591890e+00,1.388868720162224957e+00,6.782565431496686559e-01,1.098522313978872678e+00,6.748595358429864133e-01,1.092478082942397677e+00,1.097112259575631965e+00,1.946408480001923014e+00,2.194557151975519371e+00,2.078188828072972782e+00,1.938734094873975522e+00,1.789624548117375591e+00,1.704070243908906823e+00,1.598242741453638649e+00,1.793671433998333953e+00,2.080573038015549159e+00,6.911131244943157226e-01,2.306162237131448745e+00,1.787795821391149564e+00,1.609944526123616271e+00,6.918409653399298920e-01,1.100205928822779899e+00,1.789338865995769856e+00,1.387421723392652240e+00,1.606038169666370363e+00,1.944793257585579971e+00,2.301034151898117219e+00,1.096994703562072404e+00,1.386965684502787344e+00,1.783401967981351532e+00
4.082366222589362437e+00,3.974666261566663028e+00,4.288996282917740821e+00,5.058409620926194172e+00,4.258512738873936776e+00,3.974289398272436102e+00,3.767427828230095699e+00,3.091619462104768790e+00,3.807134386553746808e+00,4.228875300800367221e+00,3.847873016074180974e+00,3.891894744322737854e+00,4.341952644663725991e+00,3.866496692118564393e+00,3.333165359035711539e+00,4.111929326152944597e+00,3.641965562368452147e+00,3.941696760232110908e+00,4.290322572917713018e+00,3.566394921192621137e+00,3.401944918295391140e+00,3.043466132653941170e+00,3.584907539056524151e+00,3.435075487040667230e+00,4.360178545796814298e+00,3.762244084295012225e+00,3.306095682027946125e+00,3.052707945285884072e+00,2.944881185560168646e+00,3.470454690690431665e+00,3.246703760619140677e+00,3.295522661992968061e+00,3.618979506318978245e+00,2.690387083851729422e+00,3.181146745941259013e+00,2.714414924570979437e+00,3.140313900561909399e+00,4.238238351591172126e+00,4.461218507086855745e+00,3.827831196636715561e+00,3.836696701147092270e+00,3.148409208158377659e+00,3.024165927743204030e+00,2.716266758306081552e+00,3.322547827436546974e+00,3.811413296192837308e+00,3.138659419313992061e+00,3.038403972387663021e+00,3.562491352635555497e+00,3.097032308349894070e+00,3.298364928347355285e+00,3.734236976669903285e+00,4.253306360250977747e+00,4.515322332718674225e+00,4.145132745318796275e+00,4.040385120696422305e+00,4.861104887445277356e+00,4.146081771530158555e+00,3.826805258640200158e+00,3.854692925567935191e+00
1.385601534739589136e+00,1.098379735071123520e+00,1.099281928943465880e+00,1.098497532647294328e+00,6.939393986522355284e-01,1.096371933310197555e+00,1.384955772872131119e+00,1.098848992969889693e+00,3.495531258626308896e-02,1.099376123701990782e+00,1.308058588069175611e-02,1.385584533378890093e+00,6.936412767807487167e-01,1.385362113126686889e+00,1.610235621633625769e+00,1.096736298159618261e+00,1.092451385408693243e+00,1.098963356778132061e+00,1.384152775882324882e+00,1.384444514332525689e+00,1.094461888115695780e+00,1.096758260408644770e+00,6.664750621634125682e-01,2.398658764722783499e+00,1.609947533313773826e+00,1.393500315938887013e+00,6.881893405255293805e-01,1.104447768536887642e+00,1.393792645762142346e+00,1.789600626302198849e+00,6.773732360458062374e-01,1.432676279642732253e-01,6.964315646973044949e-01,1.610117990780616237e+00,2.505447732267932284e-02,6.679698474192458102e-01,1.106177216013504605e+00,1.104606126901862551e+00,6.883789054977742516e-01,6.914404841510725097e-01,1.601770382499447809e+00,1.382722301252040209e+00,6.785086459472903231e-01,1.608070441203063750e+00,6.812915886538204457e-01,1.095402743573969051e+00,1.090111620010081772e+00,1.605250838075426012e+00,1.379360956717218922e+00,6.715158425087107696e-01,1.097324287929248410e+00,1.788150085367713693e+00,1.380945586997835761e+00,1.787751745990460606e+00,1.382409472953813445e+00,6.833391493611277179e-01,6.830223283953803515e-01,7.055554557529343240e-01,1.952023922106133069e+00,1.877134432974153222e-01
1.388593090318271717e+00,2.566461289158901593e+00,2.944648588405196499e+00,1.945927301088479222e+00,3.220062001525112017e+00,3.215066100837338237e+00,3.044979393561689562e+00,3.091446294316726462e+00,2.483742567605347062e+00,2.639792490057767615e+00,2.994586142035503329e+00,2.770711093584609319e+00,3.095476779861761951e+00,2.831582646297615469e+00,2.563748918603499849e+00,2.079388976336850270e+00,2.573430248482351690e+00,2.397059071971220146e+00,2.708762879747292462e+00,2.302385738064217868e+00,2.485855259174757137e+00,2.562529202856605792e+00,2.560926495397877645e+00,2.640241161236586365e+00,1.613361892050561686e+00,2.486108284873767893e+00,2.082224922072559714e+00,2.080962500550014305e+00,1.793789717905479808e+00,2.080605562781108642e+00,2.482453206824279945e+00,2.481178188549643338e+00,1.608478031448706158e+00,2.079283525741394634e+00,1.945076641812423901e+00,1.791535813787656695e+00,2.772628333817263702e+00,2.399531751588176665e+00,1.792623950061463800e+00,1.792037766548093103e+00,1.948860428034647763e+00,2.079463650411298214e+00,3.401420105528114579e+00,2.302719838496766425e+00,2.081219493715925406e+00,2.565113019942725447e+00,2.485082671150407041e+00,2.197713968905662174e+00,2.890098664384004312e+00,2.890677094359563437e+00,2.087196561580925813e+00,2.080498203023694259e+00,2.080371589626253126e+00,2.487077419145832469e+00,2.486910330975588224e+00,2.942826163511260695e+00,1.947165360991949257e+00,2.562909856394520070e+00,2.201578945372366647e+00,6.674936485224115534e-01
3.739257996409334428e+00,4.063144736542117386e+00,3.959395792061699115e+00,3.690303713892443493e+00,4.141770166278503140e+00,3.930374378534406077e+00,3.807356408914619461e+00,3.613348420275836581e+00,3.531068237917213359e+00,3.495083775190581665e+00,3.554974860629575240e+00,3.950061778024999359e+00,3.849440483877883068e+00,3.557416179950027235e+00,3.930571491481544388e+00,3.528054182729627453e+00,3.556527926030917719e+00,3.852049511997291287e+00,3.962432902297266413e+00,3.358189152567452762e+00,3.652950105704668271e+00,3.823682824434663008e+00,3.467260882969564140e+00,3.638987568078331236e+00,3.891399724552736750e+00,3.788216312774872030e+00,3.832628268456892418e+00,4.024784131944369570e+00,3.763829730113788408e+00,3.930339494096486863e+00,3.971328567808462662e+00,3.737318148431034714e+00,4.061878228601407237e+00,3.848794546266435024e+00,3.807475572038015343e+00,4.203920037465808335e+00,3.613539653073880586e+00,3.912407820965540850e+00,4.005461079757470344e+00,3.848419376397441471e+00,3.849665458609184743e+00,3.663306281819148857e+00,3.782635788330062976e+00,3.665448846162821184e+00,3.971924463964093821e+00,3.850386100765876396e+00,3.891983654655513103e+00,3.525414058650242932e+00,3.763855408300818439e+00,3.988453080613318491e+00,3.712546781968744991e+00,3.612807267917150789e+00,3.922929564683311998e+00,3.808893592852963472e+00,4.011266553612728103e+00,4.393529447895755169e+00,4.016615493197717157e+00,3.647914872172913547e+00,3.720100589020360005e+00,3.331611772254698067e+00
3.134236942209386978e+00,1.791921632788789465e+00,2.486127322867041300e+00,1.945962498859020728e+00,2.638997238437073456e+00,3.738188420167351200e+00,1.098588519997617308e+00,1.777422686320754508e+00,2.484582572024940816e+00,2.557655095436460080e+00,2.486194136192179549e+00,1.100246233109427152e+00,2.708346900665488555e+00,2.401741454140280840e+00,2.831203491530097871e+00,2.392959643721590535e+00,2.777667742091235237e+00,2.390424156561255842e+00,2.394078439212441900e+00,2.397443744533462873e+00,1.605389868156672062e+00,2.484636598246614536e+00,2.192382313835996133e+00,2.772963761768977964e+00,3.524159406650032356e+00,2.200566349162399682e+00,2.483692040531447098e+00,1.790884576901165648e+00,2.294424687121303652e+00,2.391532534754673200e+00,2.640368767575339781e+00,2.826484230997003966e+00,2.485675755645191831e+00,2.697546547350893942e+00,2.565967009831062295e+00,2.401495532239087183e+00,1.793925237723871913e+00,2.562361041043857313e+00,2.396852311978554972e+00,2.199181492215708911e+00,3.041938953354539343e+00,2.304446850167889860e+00,1.947962549641309327e+00,2.077533021293079596e+00,2.388100884710214089e+00,2.396614079906442374e+00,2.078948263218391990e+00,2.404154622004054609e+00,3.133574202863895319e+00,2.078224804747853760e+00,1.385495177792552823e+00,1.939042411426824764e+00,2.550318283635839123e+00,1.785499117012621539e+00,3.089877642446566153e+00,3.066620872653088803e+00,2.287819506174732620e+00,2.075689115375229932e+00,2.557855165673403874e+00,2.768820826249881240e+00
2.772371152149424173e-02,5.256476900673493630e-02,4.362254552276192965e-02,3.895942299531857805e-02,-3.145386684551462406e-03,6.811944764718131165e-03,2.995621729301321812e-02,-2.742458469564143346e-03,8.317128731923192214e-03,6.169109357371898011e-05,2.356539973341258837e-02,2.790748836668898586e-02,2.129149593096498969e-02,1.883715195736209574e-02,1.061823994235998672e-02,2.267487642070622686e-02,-4.005942011165804575e-03,2.564594612637637744e-02,-1.437126429578997229e-02,1.460074192648726406e-03,6.862612918905984863e-03,4.498828165793038875e-03,7.648296219135092625e-04,5.788975007325260647e-04,1.929252139524444479e-02,9.847830435236413008e-03,2.318110242423260942e-02,4.752450157093841138e-02,2.708651866822114201e-02,2.420327307938095057e-02,1.805692836461180936e-02,3.789229962792518142e-02,4.818436884814665533e-02,3.989999531581461811e-02,3.931166963899274808e-02,7.509530332693760066e-03,3.459183429486635541e-02,2.001305073782935068e-02,1.661382144992270063e-02,2.028950183114527558e-02,4.264205727949660352e-02,2.353279134268541906e-02,3.626304595941007985e-02,4.224869729416038527e-02,4.836402874553519943e-02,3.371182913614269305e-02,4.493871051162724728e-02,2.101112043721645867e-02,5.950850332799877823e-02,4.468710443292295970e-02,4.870678226147758666e-02,2.925112908956854080e-02,5.718285348154453912e-02,3.816275859712275204e-02,5.664027014864767701e-02,5.759830932899054345e-02,5.282695941245044852e-02,4.162388592058092335e-02,9.498292431569822780e-02,7.045733625662599364e-02
3.510611091319306265e+00,3.503544218192204074e+00,2.788030276749780434e+00,2.200734805739930966e+00,2.740383263310610218e+00,3.149838538075483196e+00,3.401334366057320757e+00,3.618920577437208852e+00,3.590403572045445468e+00,2.837910297683361449e+00,3.001047660297989861e+00,3.030449157631713852e+00,3.453486130320977399e+00,3.717796504112184763e+00,4.286899743292268639e+00,3.820273801454475038e+00,3.150074005618387574e+00,3.073819821302909538e+00,3.390766991259452467e+00,2.642736649556157946e+00,3.528996008004306351e+00,2.911323615273008425e+00,2.407024353050060128e+00,3.398609567274768484e+00,3.265903472849157829e+00,2.416051966943172591e+00,3.330132025407764207e+00,2.714865240826108472e+00,3.197177821555272192e+00,2.499386064429351961e+00,2.648234283837463732e+00,2.779646805118879183e+00,2.783910485667946855e+00,3.577752568876042982e+00,3.184507814588205754e+00,1.809410197561627909e+00,2.589629937898156431e+00,2.417184632276442979e+00,2.481300287562535622e+00,3.086015236064804768e+00,3.507198325580382026e+00,2.914433088473619371e+00,3.748024451155552494e+00,3.473596228803848440e+00,2.853292760177499776e+00,2.906995304037534034e+00,3.009124222796176085e+00,2.894704915359504582e+00,3.095291983890985588e+00,2.765584408652723258e+00,2.723194031780289404e+00,2.481688927806566358e+00,2.311974144558498701e+00,1.394297960464899511e+00,2.645891507905937079e+00,2.835382955258766380e+00,2.708226636536663623e+00,3.228579961853939473e+00,2.997690688798066549e+00,2.716858522870943204e+00
6.114342449047074801e+00,6.357826097654016628e+00,6.184731198830204058e+00,6.681157580936873508e+00,6.548549369830236166e+00,6.019323678111934584e+00,6.059825666273826350e+00,6.335764545263635306e+00,6.226382052961826119e+00,6.210710598088346579e+00,6.526082500485062887e+00,6.385591432041103133e+00,6.018672854812766815e+00,6.178957409671638423e+00,5.977129866056365870e+00,6.203388375477167926e+00,6.302584923163992769e+00,6.472703273388604295e+00,6.396369074252632458e+00,6.013707402822529247e+00,5.941999912800743466e+00,6.005588056041668565e+00,5.946032115631907367e+00,6.226821270616964554e+00,6.457737126599154998e+00,6.371190809526439125e+00,6.059375582214241440e+00,5.993714469522547716e+00,6.002095491050822851e+00,5.941588534447707737e+00,6.095680418851042504e+00,6.513760919654466797e+00,6.226580315249922393e+00,5.873617350849915653e+00,5.924050062134173622e+00,5.915983315240383789e+00,5.988213037522791993e+00,6.153295931399293650e+00,6.562454269345795232e+00,6.393557184554764738e+00,6.021619666445447550e+00,5.898000858916314648e+00,5.980560941207988535e+00,5.894564896431406353e+00,6.215991287008738375e+00,6.620621115024884595e+00,6.407592785041142491e+00,6.083743364796418085e+00,6.021854127633949894e+00,6.081430767029328166e+00,6.141573648103817007e+00,6.366842848990985182e+00,7.032701932069719497e+00,7.104137819005678978e+00,6.919026249187112398e+00,6.623743399764891571e+00,6.718356211002140199e+00,6.608540593140665109e+00,6.811151811151366253e+00,7.268760836463598274e+00
6.021680337973854158e+00,4.899747355935511806e+00,4.865754543954488476e+00,5.082917840335888116e+00,5.074986383834768411e+00,5.132706416642201397e+00,5.239623791617774806e+00,4.959184955506026782e+00,4.771087481346479642e+00,4.964598084530972955e+00,4.842460676168456324e+00,4.771249439619428045e+00,4.934975689002939703e+00,5.081494481896580595e+00,4.989940362318810330e+00,6.027877202660964606e+00,5.175617811054241457e+00,5.402516593951577129e+00,5.074899707209009847e+00,4.995763379681721794e+00,4.606105807177493183e+00,5.085108849031799494e+00,6.002921723510926455e+00,5.271878936018231876e+00,5.048679418158157794e+00,5.290676422017877911e+00,5.261983091483647179e+00,5.162465434343629589e+00,4.978137038086714483e+00,4.934629458877485497e+00,4.804935337220516800e+00,4.875119848924836852e+00,5.155911198080916691e+00,4.991946144586067113e+00,5.285757722714512497e+00,5.287370879273535884e+00,5.268471118176020873e+00,5.251257023177206662e+00,4.769292371196427460e+00,5.102587841528357870e+00,4.891811658534833462e+00,5.098506488791670677e+00,4.418858985354353841e+00,5.124550541928490688e+00,6.006905517969691743e+00,5.071345761144781861e+00,5.163815587289173337e+00,6.051401201327887058e+00,5.343659021358605266e+00,5.379960628722174398e+00,4.873337829035516933e+00,4.868522468256889724e+00,5.161513064982389487e+00,5.086481945396542415e+00,5.018406191536214145e+00,5.402580749844902108e+00,5.050501219076022785e+00,4.873899603808770742e+00,5.294831211749613686e+00,4.988499148752990386e+00
5.945408330362556448e+00,6.238850560342015683e+00,6.137242615414205460e+00,5.837551571552786811e+00,6.060905929197040187e+00,6.423980564938652549e+00,6.605580321811828526e+00,6.443958154603781630e+00,6.628445628926641575e+00,6.279731025638865205e+00,6.011184322641267563e+00,6.260883954607992408e+00,6.591789857237603911e+00,6.476466137798392531e+00,6.483590492481036804e+00,6.294950389831989845e+00,6.226476968343683360e+00,5.863723190911204419e+00,6.171593757492103371e+00,6.408789766678967936e+00,6.383673199063088610e+00,6.418682522781914201e+00,6.232617192391210814e+00,6.193786569436145584e+00,5.810942916298524885e+00,6.164536461310318849e+00,6.473721726843236546e+00,6.358670922409968007e+00,6.267185105842557391e+00,6.102866694078356247e+00,6.027096797170844233e+00,5.679118948350427409e+00,5.945975638059068480e+00,6.147049257231530284e+00,6.163121649727784757e+00,6.054502009391788064e+00,5.883227439152229898e+00,5.828766074317852208e+00,5.792304904619417272e+00,6.115918642376557024e+00,6.121416536472612080e+00,6.117538901867192180e+00,5.925689575004136067e+00,5.910818531469042014e+00,5.336019399782306216e+00,4.615386220233969716e+00,5.016679457216763893e+00,5.075167637402347331e+00,5.247255962414667074e+00,5.827955141105416459e+00,5.094788694949581753e+00,4.925998376161051517e+00,4.427981470213674164e+00,4.261091592109712778e+00,4.898128330545101328e+00,4.898948860947671236e+00,4.925129704346828952e+00,4.812752806712745191e+00,4.596922681897503971e+00,4.321096271531653876e+00
2.993520980560092415e+00,2.485228041125775444e+00,2.891491776434886418e+00,2.079906928703510349e+00,2.565196669442270760e+00,4.418308305738505304e+00,2.771893789588769863e+00,2.400425777120712922e+00,2.199321175347368484e+00,2.791547180168360676e+00,3.494044136173192427e+00,2.484775576176645462e+00,2.833373149588066742e+00,2.486030996529414061e+00,2.995056347133370434e+00,1.791867848595885215e+00,2.636806292202452440e+00,2.197065210348293718e+00,2.489769656087046368e+00,2.411839385462512642e+00,2.080447411873730612e+00,2.301718620915706115e+00,2.301228391049956468e+00,3.608145557961945471e+00,3.938854769772427655e+00,2.887970781704457313e+00,3.640291800754328122e+00,3.740624644085737138e+00,2.397791947752205388e+00,2.226127793295409774e+00,2.935191347709388054e+00,3.554549044107616407e+00,4.314219415998345575e+00,3.176864945942567964e+00,2.394940591493441406e+00,2.556824255715874905e+00,2.706939723821241817e+00,3.133311648679879102e+00,3.781588280201610530e+00,4.299926982624395322e+00,3.751837357740931633e+00,3.686288011066827242e+00,2.561297913445230279e+00,3.053472337980946527e+00,2.978903941954229584e+00,2.296026110401162779e+00,3.218438446156857147e+00,3.097292712662135017e+00,2.700862052641526123e+00,4.276944650941791437e+00,3.129049821178634616e+00,3.132621515827154646e+00,2.407589122173453777e+00,2.889143413231832991e+00,3.090317745633709201e+00,2.707953367271958012e+00,2.902636450208030627e+00,2.775623718610647828e+00,2.833333904065977293e+00,2.707909267673902498e+00
2.304039213892425053e+00,2.196229538976211426e+00,1.948345932762182153e+00,2.196731557638791799e+00,2.198314074759087688e+00,2.298110566184721204e+00,2.303446461128600298e+00,1.795133296227177544e+00,2.486207057819415756e+00,2.078649327955172321e+00,2.637675978557179501e+00,2.196722389429733635e+00,1.946438674179441719e+00,2.484197446674947685e+00,2.399652260952796379e+00,2.832893191935237809e+00,2.197958526342988606e+00,2.398883934037498555e+00,2.834622174484533463e+00,2.396015816748670257e+00,2.397804457021857516e+00,2.077796850415826846e+00,2.564234669091715713e+00,2.484735205430856020e+00,3.089898072227498460e+00,2.079363507410492140e+00,2.395526931874392140e+00,2.398684511954509713e+00,2.564873175349654755e+00,2.770639080054461356e+00,2.706060414032132044e+00,2.708151552225279701e+00,2.480487383522958833e+00,2.397778549435374273e+00,2.564417216980801939e+00,2.888307687654494416e+00,2.707243521393361441e+00,2.481720338175861684e+00,2.830900770935806943e+00,2.079722469961593934e+00,2.484969267520717562e+00,2.192454397163556390e+00,2.196265045478563493e+00,2.706313571282952246e+00,2.769734675491831943e+00,3.046984119254686707e+00,2.708356498848802030e+00,3.999648453592018260e+00,2.942624575592300840e+00,2.300182295059753024e+00,2.832345896867491941e+00,2.995351787293262014e+00,2.563658443436217294e+00,2.945169285469783294e+00,2.398519158331509082e+00,2.708974665608825827e+00,3.401993266899218771e+00,3.760866850899272862e+00,2.772153512565064037e+00,2.771866423705543259e+00
4.656824208800445675e+00,4.461462613840951441e+00,4.699361157126078048e+00,4.717636248537884214e+00,4.721056638868066813e+00,5.402958308193032799e+00,4.332012105805516988e+00,4.158964139079177613e+00,4.628428242274222448e+00,5.412407091467647646e+00,4.442412222095328822e+00,4.456253998768616498e+00,4.044648058109634015e+00,5.060473608997348549e+00,4.289466731746325756e+00,4.798428114132845757e+00,4.546044141408817296e+00,4.617798359330156366e+00,4.038376881361896764e+00,4.278573756929470839e+00,4.467139060487073543e+00,4.609999534925551146e+00,4.986395301900303778e+00,5.074309998021847790e+00,4.777364266106107316e+00,4.235135163403441538e+00,4.261882379392283760e+00,4.495753824432255463e+00,4.543813418812687743e+00,4.490711939881610881e+00,5.221300163771601888e+00,5.364448751477770116e+00,4.652809123942498459e+00,4.045852854147005573e+00,5.029502023289948553e+00,5.372767927870093274e+00,6.009905313270341942e+00,4.510014820322084006e+00,4.150434622930338158e+00,4.590996594853761437e+00,4.510173433098279894e+00,4.337022225925979413e+00,4.185293712489778883e+00,4.307416275298253439e+00,4.387676991578145724e+00,4.562296960689483427e+00,4.434890706732393717e+00,5.311903770471304576e+00,5.738290050675494136e+00,5.427509109959497202e+00,5.125451790042991007e+00,5.163301366232924572e+00,4.302609859322025443e+00,4.232829920345032804e+00,4.553532431811547099e+00,4.431108595059685129e+00,4.640222702136568955e+00,4.774612658317073155e+00,4.757592984935345548e+00,8.434787717675042984e+00
5.951905606677102001e-02,8.880008422219243247e-02,1.616146196257351592e-02,9.574035325916817329e-02,1.052738504712135287e-01,2.853406442104588700e-02,9.316968296944504180e-02,5.582989296623671813e-03,-1.063108540135155808e-02,9.116484932725702883e-04,1.069745885406032243e-02,-2.635786419442330900e-02,7.986586652339075498e-03,4.659571106717779604e-02,3.680122785029167620e-03,-4.437570330909964417e-03,1.066515158611092834e-01,2.167846305205075111e-02,1.166871155660729464e-01,1.109835492776955895e-01,4.037341929302145499e-02,9.947042002633958713e-02,1.031206862694402093e-01,-2.674997329780345531e-03,7.874072947167756742e-02,1.241457664461328159e-01,5.543029512081804056e-02,3.787291700048590393e+00,2.796544962348484376e+00,8.925002317440476673e+00,8.182660641772752541e+00,9.412856441606294311e+00,9.063530596688785579e+00,8.989374903848949216e+00,8.356957787288193273e+00,9.285752003960730860e+00,9.292740099019599853e+00,8.912847479700067410e+00,9.157430247465786266e+00,8.511013642862334194e+00,9.333592623966504576e+00,9.118442561125847945e+00,7.561103760728109968e+00,8.808547566910144511e+00,8.824972412313659476e+00,9.448047797271723169e+00,8.992030877960665691e+00,8.850020078176580540e+00,8.744849946569775767e+00,8.948191421661080724e+00,8.715378703547493444e+00,9.358863947019777640e+00,9.364187595125919472e+00,5.536956563361575157e+00,8.763895121811581035e+00,8.127689095069394298e+00,9.473422517463760073e+00,9.051409458287151821e+00,8.102055181812467310e+00,7.527675139217048894e+00
4.882228938489482140e+00,5.001491321268813905e+00,4.925672583669070903e+00,4.698151086052924974e+00,4.701320217709985094e+00,4.859644452288685024e+00,4.789199506466577994e+00,4.747535014546410359e+00,4.802709003550221567e+00,4.818359417751722162e+00,4.745714175519195166e+00,4.945600096674944268e+00,4.821802176429460296e+00,4.717566030475450312e+00,5.161276373795153027e+00,4.874800427173186179e+00,4.736239618449744171e+00,5.429590345273214602e+00,4.836350042443095631e+00,5.136771340394488128e+00,4.532494893777903044e+00,5.175217633131740769e+00,5.578113954783291639e+00,5.140778018094868784e+00,4.804240407401778157e+00,4.665237484037460192e+00,5.069772537983458172e+00,4.998619032705518883e+00,4.983047472506158648e+00,5.015520019312037725e+00,4.709354481069525811e+00,5.151866562390543969e+00,4.977641521968965144e+00,4.883817592346859193e+00,5.405972978710161136e+00,4.920574696523265956e+00,5.072350617824966434e+00,4.804270757577776330e+00,5.105163065036960823e+00,5.143725706200129366e+00,4.882594079210360150e+00,5.197089010323922231e+00,4.839063299219033887e+00,5.081816727069893957e+00,5.644206741095224800e+00,4.891153956296530936e+00,5.103048839300590167e+00,4.974340533088283500e+00,5.410039394578774363e+00,5.409225316116907933e+00,5.021008974892431809e+00,4.962927312560403870e+00,4.904491696250248722e+00,4.858021112602935787e+00,5.246722256681935370e+00,4.877384628100731589e+00,4.797215359855811379e+00,5.226448762298142370e+00,4.779042302924411345e+00,5.073804891457956323e+00
6.646299357865175672e+00,6.365009860886582160e+00,6.035297968617062025e+00,5.798797442097428423e+00,5.995218927227650596e+00,6.680610639705957254e+00,6.753430320634126183e+00,6.888107934685402611e+00,6.672957886528694260e+00,6.016491096134298999e+00,5.558644583816591656e+00,5.464500953037031650e+00,6.051055187580576700e+00,6.102159020530867117e+00,6.219447121502139630e+00,6.111436662950013421e+00,5.819783144681633047e+00,5.072323351055374019e+00,5.553576507590790357e+00,5.601007579901910560e+00,6.109877393745678731e+00,5.513433366720379425e+00,5.365109223505156955e+00,5.187931863745999905e+00,4.700311363612871496e+00,5.011439424909635676e+00,5.060905676525017327e+00,4.673668445843315311e+00,4.533215632185601862e+00,4.875374621713330470e+00,4.699479172131244553e+00,4.341589075117615160e+00,4.305007189653325739e+00,4.699608864287586840e+00,4.395474905266806509e+00,4.566808502360625077e+00,4.488584274030970711e+00,4.330547656665881817e+00,3.806341754471298966e+00,4.539663134358635332e+00,4.455180814175877302e+00,4.522265628714067454e+00,3.970523261970363205e+00,4.206654056573816192e+00,3.872817216479802926e+00,4.090970577143330900e+00,3.584060307281857316e+00,4.045279005967285180e+00,3.988995127429016740e+00,3.851398651091981762e+00,3.433093473306975785e+00,3.401206989813679193e+00,3.135202804177799063e+00,2.484576409120133444e+00,3.762762059619975563e+00,3.736998294771193496e+00,3.712556920708873331e+00,3.296505325470395764e+00,3.259845284705835677e+00,3.177330375270331686e+00
1.793012078873651882e+00,2.196827109116181731e+00,2.196112331480951863e+00,1.792047323089757560e+00,1.944456765969575729e+00,2.302885098805883768e+00,1.791467974978159683e+00,1.792721226494434106e+00,2.079500398020013741e+00,1.099719616790906018e+00,1.100395783664062321e+00,1.791209525218822929e+00,2.485201499299332539e+00,1.946024438311243054e+00,2.197204848342608319e+00,2.483224907145701543e+00,2.400351777981212020e+00,2.303407327112978020e+00,2.891864476184216048e+00,2.196912574335033952e+00,2.079885603102877845e+00,2.484558662633428394e+00,2.196831539658663957e+00,2.302520344568276922e+00,2.943445955831041516e+00,2.079522074767659934e+00,2.638410316660647403e+00,2.396952639412059938e+00,2.485489351493595400e+00,2.196536409031973225e+00,2.303599533759759677e+00,2.196741356951657842e+00,2.194744516908517351e+00,2.078890192061852549e+00,2.395042990628720059e+00,2.399538930049136098e+00,2.771076488013847428e+00,2.484534453633708395e+00,2.708260940388484528e+00,2.397299937852221507e+00,2.479746005892490057e+00,1.606947533008043161e+00,2.196824408216044411e+00,2.303187086094499847e+00,2.398922245281659649e+00,2.565384555636994079e+00,2.639855679487652651e+00,2.827854506369584797e+00,2.396264120653235352e+00,1.947922962297101490e+00,2.890753340411838845e+00,2.485240274103051927e+00,2.080447116758646242e+00,1.794126596692606102e+00,2.303344480459261323e+00,1.611504318094545196e+00,2.396613617434942167e+00,2.195966058530128606e+00,1.610227173318796945e+00,2.072739785064569240e+00
4.206348877908152595e+00,4.220837787287237575e+00,3.761499379055404546e+00,3.748736240502215100e+00,4.370926260236579708e+00,3.890526335711176120e+00,3.712902630813378124e+00,3.762040951652566356e+00,3.606134168846624632e+00,4.057844495570764209e+00,4.248045617610479496e+00,4.890282007261772534e+00,4.654517620629269992e+00,4.529800403960355659e+00,4.320784694418355443e+00,4.405210300608593421e+00,4.171268032027101391e+00,4.163974775317986321e+00,4.356650352149470606e+00,3.985401249689753733e+00,3.910752543175187945e+00,4.640614667575159835e+00,4.541203668908211810e+00,5.315136163643336964e+00,7.888128500354649297e+00,7.225881025114212264e+00,6.294970089197407859e+00,5.786445245387006331e+00,5.569955355485436854e+00,6.246379189822492961e+00,6.103103389523904632e+00,5.941389061545827133e+00,5.870812960481670117e+00,6.016227066674204593e+00,6.890229307978960271e+00,5.862534698239229236e+00,5.699696981505210758e+00,6.315088818037267515e+00,5.547756238277808727e+00,5.827331763460143144e+00,6.002234423527665896e+00,7.728509974527359994e+00,8.281662524468865527e+00,7.333171244865687832e+00,6.814037187576737153e+00,6.147486614015837958e+00,7.056519367482819938e+00,7.872885074063121991e+00,6.776722004880343597e+00,6.351155655764796570e+00,6.547730727221131808e+00,6.631971645107427982e+00,5.595469694196625099e+00,5.303030842596752947e+00,4.901934962586619982e+00,5.491866993153239562e+00,5.453959013105460052e+00,5.982310885449722448e+00,5.158246723621666696e+00,4.817173094904052100e+00
2.973218484046650900e+00,3.217345477176755786e+00,3.401927250429685579e+00,2.941026363692203827e+00,2.953095435291616333e+00,3.189767726518188518e+00,2.870916986404023152e+00,2.889975754536361130e+00,3.265377596273836502e+00,2.800108031580526458e+00,3.206673565977332885e+00,3.089292838889937887e+00,3.025753692954852081e+00,2.649510221983684577e+00,2.706698221297073825e+00,3.598619321910757396e+00,3.056123678965009915e+00,2.795766599717427692e+00,3.177572717674600700e+00,3.003093446770273900e+00,3.044186978734453763e+00,3.610541302700849275e+00,2.892426178219399180e+00,3.176094535685748621e+00,2.908978556127895576e+00,3.042476411949902815e+00,2.556541831049430336e+00,3.293458293206705800e+00,3.219527419040277838e+00,2.784160705994593421e+00,2.638434288751910106e+00,5.324561912612270298e+00,6.660401878589953917e+00,5.693012511488410254e+00,5.032846113914741792e+00,4.096412696058707503e+00,3.331709692568049608e+00,3.411648186166264640e+00,3.372337872953118598e+00,3.393097697922755618e+00,3.548674633517595378e+00,3.744102426891752433e+00,3.449849840494265685e+00,3.293597880260940691e+00,3.095123923110241648e+00,2.957187532007732766e+00,3.041576676302200521e+00,3.188188739874278088e+00,3.231056246124331288e+00,4.684459274298935050e+00,3.178801922130810809e+00,3.045083196579267959e+00,3.044928235804726047e+00,2.891768475926567383e+00,3.135724962438950492e+00,3.428478917820204419e+00,2.888518595606831774e+00,3.257437946985758170e+00,2.637700361151714912e+00,3.212867515118259298e+00
4.920827895439342292e+00,7.433826034455028875e+00,9.674951361012249507e+00,8.582991126083170386e+00,8.068117747010225216e+00,7.690532936173518408e+00,7.053898213971935505e+00,6.695173031450647017e+00,6.437902037724540172e+00,6.461287222113352158e+00,5.592841811860486345e+00,5.537038308992011437e+00,7.014987591579652459e+00,5.376962388400032822e+00,5.294087886797600007e+00,5.356007041883163566e+00,5.237019107354778491e+00,5.548950922656008089e+00,4.969405381464596871e+00,6.189108346997574728e+00,5.606125061331491466e+00,4.958846576275757201e+00,5.465524309391541991e+00,5.395135927146811561e+00,5.433844962578449511e+00,5.194763855292772625e+00,5.278676743078224654e+00,5.182698048394792423e+00,4.883065028360785043e+00,5.203383593291895259e+00,5.654182665022315035e+00,5.196108606852621215e+00,6.086037232351907633e+00,5.791668870521379020e+00,4.971482582974000586e+00,5.557131555458491690e+00,5.179651686831181046e+00,5.303032958528122620e+00,5.175764077229380256e+00,5.045675995166106098e+00,5.086847404565353337e+00,5.068118792175607012e+00,5.379320533209057231e+00,4.948601446380897606e+00,4.644524390814058989e+00,4.674294640233704889e+00,4.617580731679512773e+00,4.652508605863524771e+00,4.646797934483528181e+00,4.725516807721291457e+00,4.647203578856046846e+00,5.039335379276890237e+00,4.663167874574624783e+00,4.784664774549314714e+00,5.965397999599757917e+00,5.096607428571276799e+00,4.602950380453118662e+00,4.486684000358838631e+00,4.593559681430435582e+00,4.005854183971587545e+00
2.672686780153259861e-02,5.262803320606139479e-02,7.277872960443050598e-02,2.274672472517559607e-02,1.092667542335069297e-01,2.047294654787950099e-02,9.386277917537521167e-04,-3.558665233798287073e-03,6.156677986818944424e-03,2.053131678311596701e-03,-4.286145651777308226e-03,5.626075980386560475e-03,-1.505786118123982401e-02,1.605561805103494777e-02,6.983846236861932129e-03,2.872147024672704052e-02,1.336632623251260074e-02,1.599716204753612314e-02,-2.086955073190447513e-02,-7.245227391227833900e-03,2.215777729100669967e-03,-1.350579602939864024e-03,-1.125346180465165366e-02,-7.674835049073376950e-03,2.250575732811948160e-03,4.822922907270453530e-03,3.253845933878944663e-02,4.273696946807473140e-02,2.708651866822114201e-02,9.913808134752627108e-03,2.410644181341749584e-02,4.566305018225500639e-02,4.565404292270548725e-02,2.392837091319062123e-02,2.193251977898207951e-04,6.889383339037756515e-02,3.459183429486635541e-02,3.399238223811482107e-02,1.963271661089582149e-02,2.224451321757179439e-02,5.834231633658150395e-02,7.820048685617909251e-03,3.445744441580554651e-02,4.922200380271796877e-02,4.160177069066407080e-02,3.088177365540015554e-02,3.125732708770841140e-02,-3.947653835003614442e-02,8.293652257448184961e-02,9.815570869523219943e-03,4.122028295234662215e-02,8.901645452808244485e+00,8.612265889706254285e+00,8.109278641713723701e+00,8.800169700744769230e+00,8.271950943434950076e+00,8.503803231071861646e+00,7.885981257614392170e+00,7.451387880304356948e+00,7.155646254427522557e+00
2.566079062722466997e+00,2.565188473244889966e+00,2.772960950011967629e+00,2.640574092632509640e+00,3.091841859883814880e+00,3.135638273051770231e+00,2.708442570570964492e+00,2.951015561216441263e+00,2.639851079295079117e+00,2.835265022088829134e+00,3.090327490107705799e+00,2.773255172943387858e+00,3.294532515291135777e+00,3.177896821281171569e+00,3.296384228256354021e+00,3.256795601151463604e+00,3.314691239016054336e+00,2.888362292512483886e+00,2.708167773507500264e+00,3.258956936234770119e+00,2.994900295281810454e+00,2.771354712109539431e+00,3.637855732551362298e+00,3.428695978616727036e+00,4.672889362381916101e+00,5.687676309065890834e+00,4.111778084562411451e+00,4.174205264415324912e+00,3.807497122106984655e+00,3.498433085940799270e+00,4.107481900099647198e+00,4.111099606660587824e+00,3.855236108138190509e+00,3.829303937843510752e+00,3.803738748053576924e+00,2.772378382866053315e+00,3.400549251478944157e+00,3.848015400503948413e+00,3.610420863839026939e+00,3.295009635626462430e+00,3.805298641355109091e+00,3.257602786263995132e+00,2.890767489522544142e+00,2.995902806437682919e+00,4.879849287190929807e+00,3.577165405397765507e+00,3.427116120029255697e+00,3.219380465421385562e+00,3.255593298250439194e+00,3.296336600829754993e+00,3.178811010891808397e+00,3.401634654285007553e+00,3.177752834826918171e+00,2.894442496699878298e+00,3.134410391307801635e+00,2.832090306180203854e+00,3.334168797256528816e+00,2.890036374404194142e+00,3.219679482723390329e+00,2.398479324974265303e+00
3.042484301364845045e+00,3.039403550664186326e+00,3.135594093331893983e+00,2.831351823315728211e+00,2.566444132212923002e+00,3.918841813795596707e+00,3.634303786790828550e+00,1.601731079597741747e+00,3.462278377148524378e+00,4.380261200400049404e+00,2.101413288738985585e+00,2.832709202695232964e+00,2.889520877485066030e+00,3.376229374905573177e+00,3.219394864504351528e+00,3.177208921170002753e+00,2.194999803187409615e+00,2.557173491537060084e+00,2.499568781346267698e+00,4.420172028114565776e+00,2.994860691990397505e+00,2.942542484131780878e+00,2.766681943428092261e+00,2.564459649834443411e+00,3.177663309417571025e+00,3.432642858359052696e+00,2.707646077190824396e+00,2.486709416807749040e+00,3.553771525616981730e+00,2.307788063409879520e+00,1.942126447442071857e+00,2.564447173439671879e+00,3.656357919890507180e+00,2.303033329617170111e+00,2.396917279137368073e+00,2.301752288834331139e+00,3.092866386125471490e+00,3.218493358613331523e+00,2.778363401498885832e+00,2.707602414039408156e+00,2.400810216624194915e+00,1.801238780488490843e+00,2.761998812848982965e+00,4.799012714877948227e+00,3.869604609227478065e+00,2.839288366012510334e+00,2.947409942615943024e+00,3.856305617104566874e+00,2.829039292336501532e+00,3.260117251051720899e+00,2.639864916380100901e+00,3.179228884291102286e+00,2.983880322357229442e+00,2.639092523568470572e+00,2.774958126035982353e+00,3.626870208389240346e+00,3.947241043979792252e+00,2.637794171474519889e+00,3.803943611168691952e+00,2.768598086238210243e+00
3.179475219494158011e+00,2.484227793046791977e+00,2.841617504831631003e+00,2.638664221633100215e+00,3.090511711374297921e+00,2.892940840429168770e+00,2.773897992676857882e+00,3.217817809975327403e+00,2.483814947948967067e+00,2.945287453016034895e+00,3.176698855257150012e+00,3.128477493713973434e+00,2.773332449443995706e+00,3.054992914538501747e+00,2.890444442612104758e+00,3.365165461605539310e+00,2.996387400036603754e+00,2.565645988130190069e+00,2.639987473249808758e+00,3.173559091422233358e+00,2.775294271227909171e+00,3.609627991894500454e+00,3.134278814846643613e+00,3.177214821597001304e+00,2.707510541739121201e+00,3.091695904480353807e+00,2.639809823590951066e+00,2.707636317766302536e+00,2.850246239592266750e+00,2.996539699727496675e+00,2.835869274856267275e+00,2.824940918094648090e+00,2.397741640233101101e+00,2.834254184751848538e+00,2.300887600078532103e+00,2.636355876843731405e+00,2.309571493631808803e+00,2.775186098384990085e+00,2.892501628379020140e+00,3.000379186603718384e+00,2.632996537635907686e+00,2.886934168171644277e+00,1.934887945440038726e+00,3.042933870816024289e+00,5.168398494315547431e+00,5.459950049042393339e+00,4.643348996926004446e+00,5.841502132053102869e+00,5.457557720284589742e+00,4.951311200678520485e+00,3.526646911363585435e+00,3.051271975549744830e+00,3.245320496638721686e+00,3.088446380977357464e+00,3.266705595370138937e+00,5.725243184249220185e+00,3.076296314096624407e+00,5.698701544381576944e+00,5.099343607065569550e+00,5.018443251904479041e+00
3.268669955470585552e-03,1.097886703056786706e+00,1.097899021200354985e+00,1.793528266894143242e+00,1.792529012170397840e+00,1.606294011438828218e+00,2.301324549315202805e+00,3.216454068807678812e+00,1.609595438113852639e+00,2.564624640352984208e+00,1.609156922074389540e+00,1.611527119634711847e+00,1.099664697456147477e+00,1.385631589556810539e+00,1.945653785188587559e+00,2.301410282880298031e+00,2.395616731536304833e+00,2.399288605003440544e+00,2.564877115623677817e+00,1.948773504323018324e+00,2.705652535119350333e+00,2.081210355815273250e+00,3.395933940221949054e-01,2.614643579302478038e+00,2.891175137595440425e+00,2.397199098308150145e+00,2.224061331054507207e+00,2.196106768460092340e+00,2.891878601973640883e+00,2.083958316751522766e+00,1.098278094096608593e+00,1.790483946653095737e+00,6.783639041467617314e-01,1.387704022934058479e+00,1.105013928572569970e+00,1.607004407566527515e+00,6.949986886823601440e-01,1.794636732798133405e+00,1.943075244989679540e+00,1.384267737214810445e+00,1.102507522288641129e+00,1.784647507185609161e+00,1.617806684687140617e+00,1.106934407175881763e+00,1.618903981733720299e+00,1.806246576580435415e+00,1.945336498408785086e+00,1.608649004258112303e+00,2.074908326873991626e+00,2.069299521089998706e+00,1.383075089638466926e+00,1.942203686021523712e+00,1.381432296975296570e+00,1.790994609942486937e+00,1.607526501920266471e+00,2.757448203708813828e-01,1.387775316503208067e+00,1.949621928844627927e+00,2.198608434415196822e+00,2.196032340255544835e+00
5.857865595965050076e+00,6.094552932543289891e+00,5.999884610727711731e+00,6.022190357065075439e+00,6.245251660987848119e+00,6.167399574203752621e+00,6.401145091878621685e+00,5.943299026291439802e+00,5.954139030974412883e+00,5.798261226432246396e+00,6.177609419800468515e+00,6.368730447347944690e+00,6.169336641592702897e+00,6.322084658301488247e+00,6.083670729437850255e+00,6.265839365498513835e+00,6.312315662800745741e+00,6.107115947185741689e+00,6.439043731984517294e+00,6.229600147942456090e+00,6.214349714273569525e+00,6.324763506301810168e+00,6.015882113417393207e+00,6.084362621090630086e+00,6.613967684043731587e+00,6.834490007961949054e+00,6.440029615565829424e+00,6.474292855117361078e+00,6.286477754004184071e+00,6.474692048275850986e+00,6.356293169679480215e+00,6.170250963939439615e+00,6.084700025894110631e+00,6.158585910140796038e+00,6.246943801149956066e+00,6.228544375159364321e+00,6.213873035220283114e+00,6.142335837349171435e+00,6.155111941943956388e+00,6.227446247500727949e+00,6.483316993567436626e+00,6.492015801892275562e+00,6.102754489933925441e+00,6.335266793982363254e+00,6.219382233380790659e+00,6.238227702036564182e+00,6.694155584070065501e+00,6.567246827664500408e+00,6.394046055913531035e+00,6.309245340955659032e+00,6.080410233827111099e+00,6.126919957896672209e+00,6.322970551250064020e+00,6.290835923629860105e+00,6.470444987335083553e+00,6.306175650230971819e+00,6.269606017206835524e+00,6.208598960915600706e+00,6.145866976305385698e+00,5.988988167107131666e+00
6.021607776258093736e+00,8.298487687982630590e+00,7.805869579931807856e+00,5.346842016373428486e+00,8.558481440987323552e+00,6.204936005097099638e+00,6.236289237984512290e+00,7.321644239796900600e+00,7.595437856183769654e+00,3.575219925404137022e+00,3.349346704091627380e+00,5.701700314876434916e+00,4.002112347555043748e+00,1.620967403242041804e+00,8.227150330451818760e+00,2.305929986412455612e+00,1.788010300529948804e+00,2.489267512158220175e+00,1.930773099701615259e+00,2.490170931944698296e+00,3.736478149401218030e+00,3.187380955096812851e+00,2.968590843767295873e+00,2.795431622217072309e+00,3.180024990505060156e+00,2.308701057147097835e+00,1.970689571405640939e+00,4.269529896831871341e+00,2.215223746726369125e+00,4.380073016045714418e+00,3.586617392919210001e+00,5.261402507110398474e+00,8.200168892334389170e+00,7.255207808946495973e+00,7.759286641447304511e+00,8.035702384573205848e+00,8.083648290653462354e+00,8.770601714082465250e+00,8.035583495267907495e+00,8.826469989709153197e+00,8.754550356685410151e+00,8.784093345384448526e+00,8.707062184394560589e+00,8.714835263450119385e+00,8.855400137893090218e+00,9.093882792339641696e+00,8.978551688082873738e+00,9.323350640150955826e+00,8.941663670799373520e+00,8.717202300625128686e+00,8.898747544490527517e+00,8.779279163415409926e+00,8.858580571769145706e+00,9.129291992172422709e+00,9.158826672904606170e+00,9.127615894183142231e+00,9.254127726375234175e+00,8.988463101301734426e+00,9.137350088074722265e+00,8.668338951122624536e+00
7.301947926567446068e+00,7.356357877016034941e+00,7.347010862385509711e+00,7.345018990062116337e+00,7.243532419763027086e+00,7.260277558315825885e+00,7.250027840857056205e+00,7.303331941999639199e+00,7.293032542144748831e+00,7.302906951765378629e+00,7.326372028715344875e+00,7.307477190063555561e+00,7.270432413991133380e+00,7.355356205569981931e+00,7.350129550882574136e+00,7.356378524266851571e+00,7.261742228972635438e+00,7.365377883659719238e+00,7.297851500583935724e+00,7.416072416772758302e+00,7.373925663283076304e+00,7.322282737578541756e+00,7.249015474184223429e+00,7.328982729846527988e+00,7.272293903806655635e+00,7.319591883982424996e+00,7.355765096704211636e+00,7.294625419407607225e+00,7.387195028949951059e+00,7.314852723911925203e+00,7.306477164808390157e+00,7.300484654207366475e+00,7.299446256355976992e+00,7.263766782283798129e+00,7.426824886967570372e+00,7.409545683631883151e+00,7.330680373810191774e+00,7.321487725490554155e+00,7.375653688750171355e+00,7.221607603170086875e+00,7.305359644202961356e+00,7.389133426079909306e+00,7.371417682266400817e+00,7.320297103189317589e+00,7.292911526345785767e+00,7.310784610680076234e+00,7.314187304087222508e+00,7.331221221070226335e+00,7.323002493781097577e+00,7.293212588206694491e+00,7.321740664838534585e+00,7.182093575243119865e+00,6.933096870926638289e+00,6.937695205103749707e+00,7.314609837966599137e+00,1.017971094784197383e+01,7.457368472513948632e+00,7.716405084043478801e+00,7.376766134864994662e+00,7.244561848024571482e+00
2.302276553006388671e+00,2.079818595044133911e+00,1.385924197782978373e+00,1.386477787548727747e+00,2.079109226600046156e+00,1.099490457987965186e+00,6.939826628966783151e-01,6.929347565632631989e-01,1.096075307429577039e+00,1.924328853158856168e-03,1.944911409509575195e+00,1.094556410499973653e+00,6.928648668262273880e-01,7.023437155827569889e-01,2.689587028482697331e-02,6.876813911086612219e-01,1.379291030813767804e+00,1.942979826756796813e+00,1.285875237041934557e-02,6.906983284660889177e-01,1.381136972091966619e+00,2.432603980452522352e-01,1.100616380454152221e+00,1.605366372705404165e+00,1.612103085262205582e+00,1.803700607618035301e+00,6.835432792693049153e-01,1.791019684528721179e+00,6.853502128865929244e-01,1.792564247032252256e+00,2.021274911905256988e-01,1.094903673549558754e+00,6.875231843276492505e-01,1.101594153637534435e+00,1.792597467375857123e+00,1.785618974052309404e+00,6.945889288318509713e-01,6.998191825567489088e-01,1.097731613943077500e+00,1.072220702630966860e-01,4.992523350888756345e-02,6.896735114455739835e-01,6.936619282761027905e-02,1.093528358500649889e+00,1.098719404815557521e+00,1.603147637807401882e+00,1.376240463094567268e+00,6.828957694672083134e-01,6.496688738849760725e-01,1.081883870757901711e+00,1.091400601936426185e+00,1.096303747670018147e+00,1.945884218640538510e+00,1.790378410080042393e+00,1.781604631178580478e+00,6.954049629123948417e-01,6.974099406931194567e-01,1.950241914223764583e+00,2.085758620763227711e+00,1.600758372497457671e+00
2.302780102577802523e+00,2.078594573567272175e+00,1.946427621290438115e+00,2.485209019521621876e+00,1.945150431966247595e+00,2.397588501083158352e+00,2.484095174836050912e+00,1.610866269204003443e+00,1.945681544944381391e+00,2.197799929200816571e+00,2.707959347259278449e+00,2.302682998038580564e+00,2.889312496488922299e+00,1.943899388675285778e+00,2.196767066855578321e+00,2.079035470616983350e+00,2.198108455435182407e+00,1.791324533103532346e+00,1.945670972407796517e+00,1.099289433725737508e+00,2.399702630304921147e+00,2.706774220732018676e+00,1.790284943084259561e+00,1.101778532824297940e+00,2.706741166509718077e+00,2.077245950022384324e+00,1.794188367618103852e+00,2.302495804661477852e+00,2.484231323213274223e+00,2.639337018075593733e+00,2.398684288331167203e+00,2.773953734605489885e+00,2.399222389828203905e+00,1.795028389557640436e+00,1.384511921873959217e+00,3.178920879423244639e+00,1.945364470568838433e+00,2.078565242730298301e+00,2.084101432182198899e+00,2.195762926063933307e+00,1.607326800815679801e+00,2.484409973623342704e+00,2.078683777683008493e+00,2.078720338557907610e+00,2.300014180958412702e+00,1.942834397062524143e+00,1.118970470896308411e+00,2.477099398328638014e+00,1.956836838071519313e+00,2.484420501187080799e+00,2.398440407824609988e+00,2.566794061551539663e+00,1.387390237554725347e+00,1.946076869200766168e+00,1.383004107839992614e+00,1.944916388532093032e+00,1.381434450174741757e+00,2.082770002410637478e+00,2.399476984066094776e+00,2.201170740161785488e+00
2.298845178585543714e+00,1.795555617899606604e+00,5.065049653366023898e-04,1.095351491250610154e+00,1.385500229513849879e+00,1.791606080703209480e+00,1.097219968278683844e+00,1.788463810424540723e+00,1.094700253615019436e+00,1.558576976421560331e-02,1.383123979245943991e+00,2.302543486521983596e+00,1.605791305208481123e+00,1.614613216588426603e+00,1.607717799582262241e+00,1.378809206388312392e+00,6.763354999912704058e-01,1.605427020174203578e+00,2.079606958715503495e+00,1.032268436876172639e-02,1.105158739376731480e+00,1.615471262561265497e+00,1.105077585179340405e+00,1.610457688968761181e+00,1.618626972352663840e+00,2.303161421888371141e+00,2.641185214406074344e+00,3.040639437938333245e+00,2.690290738889834277e+00,1.615019585643383770e+00,1.616833605101492211e+00,1.606907645724600320e+00,1.788858871279814799e+00,1.800676731253806784e+00,1.387623218181349261e+00,6.733481969471374340e-01,1.950030155075010541e+00,1.370696388524001330e+00,1.946638263728151408e+00,1.105359396035767494e+00,2.075465076330784253e+00,6.803628842343473204e-01,2.317051090030957106e-01,1.120121361543786609e+00,1.792048484904130046e+00,1.785359688052015947e+00,1.535650135331469435e-01,1.094908093055333431e+00,1.374886202740876584e+00,6.765231881688652527e-01,1.609115409121690821e+00,1.102669168321030568e+00,1.385149999265077536e+00,1.380352297443419696e+00,2.082403682616379204e+00,2.185886414197597549e+00,1.596980097212311822e+00,1.951575555926914340e+00,1.795996809613067624e+00,2.079640183709731360e+00
-1.382903034011909171e-02,-2.558504294090552765e-03,1.956174473609264414e-05,-1.133161773406857371e-02,2.890265850283599541e-03,2.009068294103471056e-02,-3.744743465236359450e-03,-8.159891028081541278e-03,3.445735360280252797e-03,5.476473310881354445e-03,3.451425282935038398e-03,3.112236645081600805e-02,3.996579882122033300e-01,6.392641522487080286e-01,4.777950018070364457e+00,5.928204247978926311e+00,5.852962706920622260e+00,5.071611576424395196e+00,5.437737902615483065e+00,5.397617037858428723e+00,5.272754087718008797e+00,4.171082172190062387e+00,7.051271367356753972e-01,1.622824548704075720e-01,8.810829132920812434e-02,6.297681480486200245e-02,2.024949275978760455e-01,4.257778192102747994e+00,4.958801126153793426e+00,5.622983031877797799e+00,5.722935076335224913e+00,5.580624755038577689e+00,2.771921782097807707e+00,5.342943522869791018e+00,6.050666426210056237e+00,5.381179479027196066e+00,1.041109363844350488e+00,4.588833290312257063e+00,5.731486925265453003e+00,5.065253068523995594e+00,2.924831584208734472e-02,2.695924068743095758e-01,4.712071806811442554e-01,5.979146442857320443e-01,6.475970075233636880e-01,5.817898406700749980e-01,5.732948987403206909e-01,5.674824270398000081e-01,6.145873752179561444e-01,5.624492702537766675e-01,5.677287474940100331e-01,6.566656946310411858e-01,6.033305241851429912e-01,5.387933640128876878e-01,5.411808333896113155e-01,6.344982989195273593e-01,5.799136377029021627e-01,6.142786956714685331e-01,6.349925157573441670e-01,5.791727515819174998e-01
4.836543285916897972e+00,4.801613108459220847e+00,4.688719403028529520e+00,4.543574287697749625e+00,4.943071241455678333e+00,4.725062207540530856e+00,4.904962303941398538e+00,4.735945268594535129e+00,5.256560481797188267e+00,4.895359181966661311e+00,4.976516304054806383e+00,4.829059885317583678e+00,4.307469888986981132e+00,4.677222758400719549e+00,4.727040873509935182e+00,4.761372204821539000e+00,4.295654338661273997e+00,4.513399682633986387e+00,5.878918298700142486e+00,4.738975926960667273e+00,5.536084305234676428e+00,4.986890054283340312e+00,4.523988742951986275e+00,5.356073696855484734e+00,5.330792406689590202e+00,5.155274551595372401e+00,4.966200502713371101e+00,4.983788233227027575e+00,4.810820273761207133e+00,4.614136795832045834e+00,5.218110544758930658e+00,4.989194247188890152e+00,5.806574221977221839e+00,5.942443851839851909e+00,5.501110437954846333e+00,5.303876313088302652e+00,5.239289976325522069e+00,5.308709274020804614e+00,5.621787470818651933e+00,8.127500154563005452e+00,6.054130464297462488e+00,5.368151082483614722e+00,5.790259631107117499e+00,5.192223522064492336e+00,4.804111364181373744e+00,4.777994982040474348e+00,5.012592025764759818e+00,5.112048099985083027e+00,5.837428881965658789e+00,5.173863487987981458e+00,4.984992242482447544e+00,5.012285745933734660e+00,4.645140396254999970e+00,4.699564158711928563e+00,4.589084421114857371e+00,4.553422286739620795e+00,4.877034600925043151e+00,4.675042605515211669e+00,4.568625732739621803e+00,4.585845202320980363e+00
5.643153341731769856e+00,5.517282093127168885e+00,5.885227565729063137e+00,6.052161571688516872e+00,6.087742443805735704e+00,6.105064816226214219e+00,5.776038088778546076e+00,5.652676846954112655e+00,5.492666796615541358e+00,5.957498590731270305e+00,5.922189555331391908e+00,6.305966943283973336e+00,5.977140430847864394e+00,5.814217849103475722e+00,5.689236376813430418e+00,5.994853353731357970e+00,5.905880698172182086e+00,5.770091612355203736e+00,6.184938915684535132e+00,5.917968575516963092e+00,5.869387829961524972e+00,5.821735480054412548e+00,5.988190608114445368e+00,5.672437773996318988e+00,5.844698911273816577e+00,5.924606194953059735e+00,5.535490293660877192e+00,5.590879768514692927e+00,5.571358403152406602e+00,5.553523709717154588e+00,5.916388536780523566e+00,5.732544823319104310e+00,5.812945861023701255e+00,5.664995616695502889e+00,5.418898318477810783e+00,5.313546921072958895e+00,5.272471826743110768e+00,5.138105305644558030e+00,5.520171047224131655e+00,5.926904681996989943e+00,5.648473674110421783e+00,5.610017826545707464e+00,5.467135190424612823e+00,5.256677306268576544e+00,5.409983770015804438e+00,5.531744621075100454e+00,5.871225545933604906e+00,5.629871965801163114e+00,5.579714121796171433e+00,5.421458087829971184e+00,5.352820430642889704e+00,5.413417507143684304e+00,5.677179632538931209e+00,5.997877957852139730e+00,5.555393346111324071e+00,5.468146775478212263e+00,5.302255377068650688e+00,5.596599420774994726e+00,5.835478024460062585e+00,6.027960603818476315e+00
1.098321608606034117e+00,1.606370590967509449e+00,1.386957398875251490e+00,1.606958239357928475e+00,1.995989570889904023e-03,6.827095241845331230e-01,1.096520142886277860e+00,6.905088672641629399e-01,6.857867859342531291e-01,6.929007357523959687e-01,5.728220230493753437e-03,1.092053929677666346e+00,-3.099666237750199789e-04,8.347294819022724188e-02,6.845883113708323142e-01,6.445152676659067215e-01,1.743696893065212583e+00,6.943551681363601125e-01,1.383891610902123315e+00,1.099787078711911281e+00,1.081708308255882711e+00,1.111117169818755634e+00,1.610170748958171805e+00,1.386192699232715597e+00,1.102706360544218889e+00,3.614178309465854860e-02,8.117698390341647474e-02,1.084335434078849136e+00,6.638552448560721686e-01,2.354445129038023818e-02,6.249805149509297664e-01,6.566821464504136729e-01,1.703640530056440075e-02,1.349659434632522137e+00,2.771533110686832252e-02,6.757343259118302470e-01,6.871246522723027939e-01,6.596330745035655641e-01,1.383631124082993491e+00,6.721225851458150213e-01,4.288974768327970949e-02,6.797431090042049817e-01,1.417999151787874057e+00,6.375423390218308561e-02,6.619560013485328853e-02,1.079344704110402287e+00,7.922566634730901503e-02,-1.229008043199492431e-02,1.075184438187569036e+00,1.357254339122096365e+00,1.081229348260797529e+00,6.803827396449407816e-01,4.586400355948607593e-02,6.258756637628346553e-01,7.300943049599145640e-02,9.276807651470131422e-02,6.629928921336156744e-01,1.810979125073256979e+00,1.406223603065745786e+00,1.775962029695485445e+00
5.601742322168781207e+00,5.712877682734226248e+00,5.674400140068173393e+00,5.812168474778114380e+00,7.084999506823061566e+00,6.865792147268169998e+00,6.069409489505711797e+00,5.438402806007402113e+00,6.364910878806230521e+00,5.916367333625954572e+00,5.944937766085079289e+00,6.430037622203806258e+00,6.828889749884784699e+00,6.328926267538361294e+00,8.039093438174411688e+00,7.597011847510907856e+00,6.836783062082247397e+00,6.563922179809634549e+00,6.692755089896011533e+00,6.445838334589446994e+00,6.400868084216877918e+00,6.240321443225965936e+00,6.432510623156648677e+00,6.084945515664235138e+00,6.444737641858030663e+00,6.480834989037490779e+00,6.348357125191155248e+00,6.788400239746365195e+00,6.720928585396948485e+00,6.246401722193333228e+00,6.073494008806681776e+00,6.284280308965065842e+00,6.275228330407024657e+00,6.672893450240215962e+00,6.293192694635373563e+00,6.175666535698534076e+00,6.357984567165534173e+00,6.059213966144383789e+00,6.240962867608493170e+00,6.447824448687422993e+00,6.302280779441348457e+00,6.090959333251784180e+00,6.127990609320926652e+00,6.683475682616844438e+00,6.915028931188549777e+00,7.401727850979141543e+00,7.524133276877214449e+00,7.393601506134666934e+00,7.217656512033110872e+00,7.247667171183142187e+00,7.156360903111560923e+00,9.218575309374847038e+00,9.637808566929289000e+00,9.293343981834407685e+00,9.147529447831045601e+00,1.029659800109285150e+01,1.017483612156593331e+01,1.019280292672993582e+01,9.826990145969787704e+00,9.647398206362874262e+00
7.348593402782979567e+00,7.176199978054973450e+00,7.212570914663347210e+00,7.413883189006308605e+00,7.632936924846429605e+00,7.212936024364845267e+00,7.306314808399172911e+00,6.997935686952199141e+00,7.226639232802241075e+00,7.387627452957516994e+00,7.349490045100059987e+00,8.839234159759392639e+00,8.178669582243452751e+00,7.836161670852662908e+00,7.603928305967734502e+00,7.519239549007819434e+00,7.560234892302299947e+00,7.561840740738009714e+00,7.891114743832665646e+00,8.277316930232744951e+00,8.167412477061244402e+00,7.705962108036230163e+00,7.500678995081609735e+00,7.516502968918722161e+00,7.545232877370441571e+00,7.497545071274236861e+00,7.370184464075119735e+00,7.333075884236806452e+00,7.213476517342363614e+00,7.478953094351030728e+00,7.303740813309336666e+00,7.456259543177820248e+00,7.453720588848148587e+00,7.303491469546100845e+00,7.123676102311069513e+00,7.137694216478529086e+00,7.109294941168172066e+00,7.327882438624161665e+00,7.298654977554764223e+00,7.373040556010618474e+00,7.385812504872116158e+00,7.078084498670473401e+00,7.120992347257279143e+00,7.154176839252716746e+00,7.572304769385522327e+00,7.533543880918811553e+00,7.555202348576388616e+00,7.536999007478227597e+00,7.501043395856823892e+00,7.467247152843533797e+00,7.360163792930858762e+00,7.472802528603025074e+00,7.358616867810688689e+00,7.684447148153761731e+00,7.953932280452433723e+00,7.705578488093795642e+00,7.637901146694652255e+00,8.181898832176512926e+00,7.911463265380663579e+00,7.651963764765841169e+00
9.413067367109446693e+00,9.296652641661092176e+00,9.372098795076563960e+00,9.627440369053262614e+00,9.699292555292666762e+00,9.402611255547578040e+00,9.165925923800717356e+00,8.882841252828240997e+00,9.044697653379317970e+00,9.266217871975507947e+00,9.380781482492574597e+00,9.466243823816324010e+00,9.331773003114655296e+00,9.117303062710577777e+00,9.080654159155484351e+00,9.089437124051581662e+00,9.075713422482314385e+00,9.323319961139924672e+00,9.469375438240509979e+00,9.304448842691027011e+00,9.160081355685226967e+00,9.067371799825382439e+00,9.157537820721763921e+00,9.270259978477000118e+00,9.377339890199182904e+00,9.475114154795242882e+00,9.283148436902376233e+00,9.184417063623641297e+00,8.982866033973685660e+00,9.075972884000453433e+00,9.004113713253412143e+00,9.284190624312524065e+00,9.436387412374651618e+00,9.158486363492546189e+00,9.066539710695298737e+00,9.004199470123529281e+00,9.156373756639982986e+00,9.277345784644447590e+00,9.416526360992051536e+00,9.412304079101511789e+00,9.318959404694666659e+00,9.177167497223850390e+00,9.113272441262919799e+00,9.064680647064228936e+00,9.103277080807560040e+00,9.197849860147394807e+00,9.272833827403948348e+00,9.195901922130765627e+00,9.206674655024604803e+00,9.331779786750166394e+00,9.176843296454919141e+00,9.344082287616249261e+00,9.543918415463824800e+00,9.618185066711351539e+00,9.751625199575844505e+00,1.013182449474060931e+01,1.009415221648357708e+01,1.015698185864733993e+01,9.826990145969787704e+00,9.810635444207049360e+00
5.839552226909825450e+00,6.080448255877291430e+00,6.206718246806828709e+00,6.146470036251433733e+00,6.510523872787740807e+00,6.373281852099088596e+00,6.017548619481257077e+00,5.884655578443768853e+00,5.581713851996592091e+00,5.431363878669886347e+00,5.404013430491666270e+00,5.582269867639098493e+00,5.711515965229969183e+00,5.650166020892315899e+00,5.648562665175496100e+00,5.699998040944620037e+00,5.555665334802629474e+00,5.307103337818023014e+00,5.349820596408373596e+00,5.656038122343066021e+00,5.579975073605926816e+00,5.355859941992698658e+00,5.675094216446787243e+00,5.332063593892704567e+00,5.361425878956261215e+00,5.377047381499621359e+00,5.434906927106484709e+00,5.551707122930577221e+00,5.296221883735388936e+00,5.474418080426869615e+00,5.250534124922548784e+00,4.943227340614852139e+00,5.253675367334527557e+00,5.096896336363927915e+00,5.073062517884761924e+00,5.032598697368515950e+00,5.068756070885700460e+00,5.076451705322530650e+00,4.861521956295632663e+00,4.906151078407763322e+00,4.984645644253304475e+00,5.472637909439996839e+00,5.013849309701714496e+00,5.073729219770589438e+00,5.108966141508132885e+00,4.885225250518085538e+00,4.858245191458559376e+00,5.004417415085962162e+00,4.817676723314602505e+00,5.694052571713357658e+00,4.697489577738899413e+00,4.717663530947275419e+00,4.290766713983956038e+00,4.161838449669488682e+00,4.405236478323384830e+00,4.796227625738167966e+00,4.713379900378664722e+00,5.563202235617471736e+00,4.442529155040753963e+00,4.251853149728473724e+00
5.321695239043973125e+00,4.768516846672067544e+00,5.202347195057292595e+00,5.489140345495870044e+00,5.115315149011848028e+00,5.060706953199235691e+00,5.763116603915865888e+00,5.582948109552585692e+00,5.513137154156214415e+00,5.015576317267301576e+00,4.809976513830906519e+00,4.680416404094591698e+00,4.963347258478223445e+00,4.867506843440188469e+00,5.560651216592400026e+00,5.495729056153053627e+00,5.049190168098766307e+00,4.778561135789074932e+00,5.317429368680557822e+00,5.267239316548588235e+00,4.964983724133039011e+00,5.507482935862044293e+00,4.875230038981422709e+00,4.926216192798253068e+00,5.037497329567145243e+00,4.878056658142064350e+00,5.214537471949004299e+00,5.680319588012454624e+00,5.500494781757487850e+00,4.866956859230183063e+00,4.680925484510542134e+00,4.796836098365135470e+00,4.880665178211893718e+00,4.866120248801373727e+00,4.605707008565447680e+00,4.973686193039330128e+00,4.788302443487843618e+00,4.810164642011685032e+00,5.100920156525380555e+00,4.718898196433817915e+00,5.129729256368534607e+00,5.250469142857399518e+00,4.754392925427894490e+00,5.004654738249286972e+00,4.922782075145120118e+00,5.226173369097937282e+00,5.082271704679868662e+00,4.821557691224264808e+00,5.100189952397671256e+00,4.695081855685803163e+00,4.720102395897773029e+00,4.836501253895447938e+00,5.170042674896208723e+00,4.737127746640369175e+00,5.165223857707122335e+00,6.308815319801047927e+00,4.900660064452202036e+00,5.165803842702914039e+00,4.891736987753901644e+00,4.774749623481826077e+00
6.299239655779877545e+00,6.298660195758141178e+00,6.424689378951668139e+00,5.459797173969256789e+00,5.545574991399549347e+00,5.570031256568327649e+00,6.034155693788158636e+00,6.115675396920164708e+00,5.578756363657252138e+00,5.419041497614853320e+00,5.388109440503689562e+00,5.657284143562741008e+00,5.477699843705032379e+00,5.650847326986398578e+00,5.614404436565031631e+00,5.428037664919290961e+00,5.546349573757277440e+00,5.308210714353172044e+00,5.721547364603280172e+00,5.424666486543554988e+00,5.582580811159997936e+00,5.518253929469244312e+00,5.371536262516475979e+00,5.298300855225326345e+00,5.316726224109328491e+00,5.401733325189079338e+00,5.243707331683590489e+00,5.265663700236488332e+00,5.371535331270761660e+00,5.456655030819204555e+00,5.325591632435235034e+00,5.257105770715823745e+00,5.481872033676912892e+00,5.444278916703169990e+00,5.267096722169614331e+00,5.336509155620769995e+00,5.520553806344285164e+00,5.292664127852303224e+00,5.323894058717677069e+00,5.400781175133567480e+00,5.355099066488696380e+00,5.106546988257110620e+00,4.991230049516162559e+00,5.329575062337149838e+00,5.247685244147360706e+00,5.280792447717560734e+00,5.293468005071443550e+00,5.235266675527573632e+00,5.308771554482741628e+00,5.091632282990837588e+00,5.252217495743249032e+00,4.907245806539195954e+00,4.991940315179096643e+00,5.311976399436545648e+00,5.264747941812480292e+00,5.040560362703693897e+00,5.107793653878245799e+00,5.092632027156514418e+00,5.369692119381542561e+00,5.379556177818299645e+00
8.102187104571960674e+00,8.260717891216659226e+00,8.297149207161535145e+00,8.138264114377562919e+00,8.133192209664699135e+00,8.210234206896046771e+00,8.115992653615517582e+00,7.957823045287455876e+00,8.054850199100963337e+00,8.069618440759613875e+00,8.117137814487268344e+00,8.147927501185906252e+00,8.257392098969901895e+00,8.185730608806373709e+00,8.196333909763186654e+00,8.195099292354004916e+00,8.180601297021645735e+00,8.130331305953786725e+00,8.182519381070397557e+00,8.195934067711542426e+00,8.067753925267595605e+00,8.057229844178323219e+00,8.051514587157537761e+00,8.962295992770270558e+00,8.112334780062459672e+00,8.190604169879929231e+00,8.301275499271151048e+00,8.237200191981637332e+00,8.217524210923505379e+00,8.203490215407923003e+00,8.187571687588995673e+00,8.137698137312487034e+00,8.202440792067591246e+00,8.693068617708547663e+00,8.640956004602305285e+00,8.837057572366758151e+00,8.728271817148376854e+00,8.581615044514022017e+00,8.225696240140447202e+00,8.270399424230269858e+00,8.582101831806381753e+00,8.440299075195950351e+00,9.095907896311420160e+00,9.051151843306550759e+00,8.586109452840675615e+00,8.405213110785235031e+00,8.449005641454327531e+00,8.520957683677472971e+00,8.367657951241829650e+00,8.429700729578694762e+00,8.310097530245039721e+00,8.307571231096366304e+00,8.395553674027771862e+00,8.449627895684148626e+00,8.633984985637594534e+00,9.273925009289870403e+00,8.872379200329268301e+00,8.647057849655089612e+00,8.702324214746274933e+00,8.421653105623926550e+00
5.510726428402533905e+00,5.443846876643661403e+00,5.564847198531447603e+00,5.536942796623707252e+00,5.756056996249411029e+00,5.523558631230683247e+00,5.530034870970084171e+00,5.454270322011292471e+00,5.523299542581271204e+00,5.410291676769036329e+00,5.440989998481687628e+00,5.738360214536481152e+00,5.287637600392210757e+00,5.373528965079144015e+00,5.446225527763579599e+00,5.463208639838089908e+00,5.165751799983678616e+00,5.446679559340968702e+00,5.708249694163589183e+00,5.517161186025136388e+00,5.419057547515067519e+00,5.443709334350724127e+00,5.392238099753719816e+00,5.377844508917996258e+00,5.486314560272945506e+00,5.554055323823884116e+00,5.664595861992298254e+00,5.564909044549672501e+00,5.643616769387050702e+00,6.773894932007602065e+00,6.753346689123447710e+00,6.665158791072382627e+00,6.712433690044085743e+00,6.500749784667359421e+00,6.209649670683719869e+00,6.215486343017802007e+00,7.679360815227683545e+00,7.365096975080043684e+00,7.269546958822981075e+00,7.448535623798760774e+00,7.049324654503447363e+00,6.838606796298862811e+00,6.713857319600259110e+00,7.142870743065640404e+00,7.025014160854804679e+00,6.937266759134790739e+00,7.035437991616797504e+00,6.780361855783120006e+00,6.597799640316190484e+00,6.590933499990290656e+00,7.295956792888289577e+00,7.268395135978231281e+00,7.177410053551574798e+00,7.188024443117583040e+00,6.990003047847751283e+00,6.826633427070825988e+00,6.758573868434741172e+00,7.760750722232077514e+00,7.815534349357175614e+00,7.335174422615271084e+00
8.967515791032766970e+00,8.541721841453252750e+00,7.488624263461653996e+00,7.017940915604656382e+00,7.033252590418243244e+00,6.636844756675963630e+00,6.439850990468711345e+00,6.101728646367678977e+00,6.042921101780288851e+00,5.896997915732573148e+00,6.091668448828522209e+00,6.141432690367144787e+00,6.066793542744902901e+00,5.961738183660419743e+00,5.806793495663458593e+00,5.970882027125114178e+00,5.946109485217687229e+00,6.331707003827664160e+00,6.466202407262967355e+00,6.718691238890701634e+00,8.298974548838325305e+00,9.024676703417814139e+00,8.548687762306466098e+00,7.461938710402638897e+00,7.130405936748973161e+00,6.827624731893303434e+00,6.528760595525127997e+00,6.537491971080740427e+00,6.195994534375901530e+00,6.317171170924281043e+00,6.179902197792459084e+00,6.698970124256836911e+00,6.627987814696156832e+00,6.924226674168048490e+00,8.642199558226030476e+00,9.244391681228783852e+00,8.998532413391941986e+00,8.151883425054339938e+00,7.915510190762806708e+00,7.556697029811349609e+00,8.888523680729717213e+00,7.909021736932258406e+00,7.192875303796005149e+00,6.846792715823384334e+00,6.785266267525478234e+00,6.778526448617598454e+00,7.092893541142117897e+00,6.691473884089963242e+00,6.565810917862762608e+00,6.546256646771161591e+00,6.525405198181014832e+00,6.488312947224968319e+00,6.515152159488998507e+00,6.518654723292428343e+00,6.674786578105623036e+00,6.613331301485475322e+00,6.569880322622069890e+00,6.492851325981331634e+00,6.569581635491334559e+00,6.543040330419663597e+00
8.596225605393764013e+00,7.247402231262214833e+00,7.096484129518934481e+00,7.269132848755049281e+00,7.578482361708955395e+00,7.022863980219058888e+00,7.077183139359094710e+00,6.890426237960337374e+00,6.932643993337066490e+00,6.971110447169984958e+00,7.093000248935075192e+00,7.329666572474295982e+00,6.950768935789271907e+00,6.892957435735959315e+00,7.065355112350312439e+00,7.003132555594563158e+00,6.887951386002404419e+00,7.027674487801252923e+00,7.100984568979564315e+00,6.939206789091839411e+00,6.864212427793041194e+00,6.786474902946831200e+00,6.756922659206549220e+00,6.791662035841032008e+00,6.821110374514968377e+00,6.981395053855153243e+00,6.992513730279259931e+00,8.142025950821226488e+00,7.219636430168739238e+00,6.974552017969176454e+00,6.976164827251188250e+00,6.987481804550121467e+00,7.168334680891116584e+00,6.938892748795643328e+00,6.904059624811427653e+00,6.824474415689692819e+00,6.940709971303322234e+00,7.072166546337933291e+00,7.029456889884374782e+00,7.065925865615073853e+00,6.871685023865512498e+00,6.907247953027016329e+00,6.820389544560211625e+00,6.767822620850530768e+00,7.294352226069908518e+00,7.019712080573038193e+00,7.018753340991071177e+00,6.840378447900631542e+00,6.735166241492074768e+00,6.677925098621771305e+00,6.736361145137879092e+00,6.632208246593856771e+00,6.625487529968913769e+00,6.828285039872826090e+00,6.985444351988391531e+00,6.998468931862178444e+00,7.190700978088059081e+00,7.027632078541550698e+00,7.520130820916243408e+00,7.213756141652022613e+00
5.197507389374712794e+00,4.992200355288090918e+00,4.733517623664605267e+00,6.004044192705542571e+00,5.459616545183473058e+00,5.902814882299042054e+00,5.391020867164025177e+00,6.098750743852759726e+00,7.363545779560811688e+00,7.502719933387083984e+00,9.732418032657749407e+00,8.388127359537833172e+00,6.903213000738323224e+00,6.498098314159769018e+00,6.124774123425821948e+00,5.736788865711579533e+00,5.853795192051621576e+00,5.924295456453844366e+00,5.503894157741537008e+00,5.262275937663792647e+00,5.669095978131153402e+00,5.548962563212112009e+00,5.047586772730102034e+00,5.185099929351705939e+00,5.458003170936801318e+00,5.392549734786724613e+00,5.019375571191623031e+00,5.004265795749018864e+00,4.948657895474011248e+00,4.812646318290741299e+00,5.130984034977645436e+00,5.466555651268627081e+00,5.673029811004281164e+00,5.383898770130455702e+00,8.018145713966070787e+00,6.195162973250667449e+00,5.475818883500381595e+00,5.732845886682031100e+00,5.449617669028693712e+00,5.666521993696158610e+00,5.108966401558443060e+00,4.944805279855493119e+00,5.208804052475964674e+00,5.336065600107654738e+00,5.225570369287611427e+00,5.315067575877352901e+00,5.280680528247839511e+00,5.069901049347381061e+00,5.247081610675002672e+00,5.231261892601939856e+00,5.036933702818855885e+00,5.882548869772419309e+00,6.477951795488731790e+00,6.398961099046712064e+00,6.205780904352899974e+00,6.216066358878150844e+00,5.570588357692798809e+00,6.123790606737990139e+00,6.213079077662021277e+00,5.613896508281542630e+00
6.125659522104589527e+00,5.691800394092719095e+00,5.304174303786957978e+00,5.531218962170534326e+00,5.689943504757029480e+00,5.390950363348230745e+00,5.287545373542677396e+00,4.874299585295263526e+00,5.824690288485705025e+00,5.619635680630507224e+00,5.695079328006854347e+00,5.580925234071298924e+00,5.627581181217474082e+00,5.347214916038107724e+00,5.245861759717198147e+00,5.463641717018941080e+00,5.248523214443351570e+00,5.349302174124215270e+00,5.633930267738756825e+00,5.593733578947389873e+00,5.221797578124559358e+00,5.083227701758016082e+00,5.106641912569362063e+00,5.267268715852173600e+00,5.500500191660256277e+00,5.571130669308526961e+00,5.336775925282473132e+00,5.461864926892321392e+00,5.325381670930127598e+00,5.085599391332747743e+00,5.180648153840335723e+00,5.181883395041281481e+00,5.307893880268000686e+00,5.721356966027755675e+00,5.612684888048303122e+00,5.201046785896067171e+00,5.169846800787754937e+00,4.931450049815275349e+00,5.124002236866141757e+00,5.565157523398871930e+00,5.569515209704468006e+00,5.639698366761990656e+00,5.322808862295715926e+00,5.155777026758720183e+00,4.921283775997126853e+00,5.262980590414211512e+00,5.468913867540361018e+00,5.679364153213051658e+00,5.935886421116309819e+00,5.663073691677983135e+00,5.504438732320885208e+00,5.297162585676686852e+00,4.982395077376450487e+00,5.328307326097853291e+00,5.574530937977640654e+00,5.418560609819886409e+00,5.540033181259961026e+00,5.410592664896213932e+00,5.348856537441132986e+00,5.176284470088607037e+00
1.521133316400803404e+00,1.794591615568343679e+00,1.530305373554133430e+00,1.099103513475564453e+00,7.111060210995517883e-01,2.080515932345283314e+00,1.956106757693323317e+00,6.946724376006850887e-01,1.940276345974972116e+00,2.218967908961155366e+00,7.215155909791407529e-01,7.907618101141634881e+00,1.623823813142488914e+00,2.210235852349530017e+00,2.305702616473261468e+00,7.366849659233189129e+00,7.552758942277265852e+00,7.685484725100159231e+00,4.015833029949154032e+00,3.507886786622753661e+00,6.362928802620913871e+00,6.912772709818069572e+00,6.631634433274127716e+00,6.637112558386867533e+00,7.831437798443254827e+00,5.554552971719306065e+00,2.398063530651914910e+00,1.177156140543744511e+00,7.481600166512792249e+00,7.321015231803549739e+00,5.277429121822815539e+00,6.515059088066506909e+00,8.378650016616843388e+00,7.465323572221576498e+00,9.273871398544546452e+00,8.502435569722804232e+00,5.298795703647755317e+00,5.234551776350020447e+00,8.256302540766949249e+00,6.681305586276461206e+00,5.215124428318343774e+00,7.134781259451886681e-01,7.233300780934668328e-01,1.000092773490566467e+00,1.168756505332533946e+00,1.086727451703845215e+00,7.520280124927140042e-01,1.836487084714368390e+00,7.308858295237351532e-01,1.413294449695372768e+00,1.108040261586389130e+00,7.715069447451111673e-01,5.936949958427010898e+00,6.596825831633726267e+00,7.690169631118669358e+00,8.182237490983160555e+00,8.255219751455140198e+00,6.618824859476459821e+00,8.179069797157062283e+00,8.213147355834705010e+00
3.214925546794501265e+00,2.709340139182901730e+00,2.707415913860864443e+00,2.299498826949486041e+00,2.303607934494184661e+00,3.433569803571672630e+00,2.485182705867770458e+00,6.254241382051693721e-02,2.303390162988268486e+00,1.968976263153057182e+00,3.922810771712131217e+00,2.708592344986040512e+00,2.940676999027635130e+00,2.470756661241982233e+00,1.384513460297512877e+00,1.791034942696396515e+00,2.894831376050113203e+00,3.335609044647957155e+00,1.791065815478364520e+00,2.195429099411474461e+00,1.392144935503171421e+00,1.607714441394142435e+00,1.945960380560622038e+00,1.788393809031376236e+00,3.172766418691693513e+00,2.945552541221322596e+00,3.126621212776925951e+00,2.943789212430805158e+00,1.613712135988164542e+00,1.380979603139618206e+00,1.603256758532759951e+00,3.329722810657393506e+00,2.565773156674954425e+00,4.022669696173687193e+00,2.775242593693708404e+00,2.767731582288915249e+00,2.639356991530638297e+00,2.565672603861156809e+00,2.566003028666326458e+00,2.698099387459371279e+00,3.575215843618856582e+00,3.084140766992661487e+00,3.516163306636089114e+00,2.630006438742019892e+00,2.483797553362422139e+00,3.931628149216137125e+00,3.090004277150290246e+00,2.628829947833620118e+00,2.556353814428305338e+00,2.890086965716204492e+00,1.793855060971053295e+00,3.369294324023344167e+00,2.398674513752117488e+00,2.480444053356147815e+00,2.289348384531564751e+00,1.969369673463315040e+00,2.721278120883447560e+00,2.203637736376228951e+00,2.397262588260220983e+00,2.400410430132442485e+00
3.432925824032831308e+00,3.296600511335052275e+00,3.368644098748780014e+00,3.291803585879444327e+00,3.367693320668583290e+00,3.465453239979572331e+00,3.495328071323026808e+00,3.295575193956633342e+00,3.178479924662366063e+00,3.663036491479597423e+00,3.526349383667468196e+00,3.467536650132796439e+00,3.496049696315528532e+00,3.331504847136559810e+00,2.891259261609635089e+00,3.459932771170147081e+00,3.366349230696178196e+00,3.851289248929131936e+00,3.465782618450695018e+00,3.333087062948816293e+00,3.179814670308220848e+00,3.296357309583172412e+00,3.178841708237464481e+00,3.331024314856250168e+00,3.401075238304037462e+00,3.932892086053998426e+00,3.585478499890490500e+00,3.257749123852432316e+00,3.711555056083796433e+00,2.944033984981760721e+00,3.258341580864358544e+00,3.637062581114617998e+00,3.133013693065294092e+00,3.257855176534647956e+00,3.109849442112446738e+00,3.525410925235692883e+00,3.401420699413333804e+00,3.502197097375246759e+00,3.637384571182590065e+00,3.432066580796715005e+00,3.258553510747397297e+00,3.177575085262875021e+00,3.177309346559208603e+00,3.555212302536137514e+00,3.712598348638941115e+00,3.434279009277676931e+00,3.638328339169977887e+00,3.334559363512369590e+00,3.806664977759841584e+00,3.714592711165247252e+00,3.433156863923299440e+00,3.463874458012232704e+00,3.367072049039057990e+00,4.392296733681478216e+00,3.556174598871150838e+00,3.432508334188665078e+00,3.849017923275774855e+00,3.686126540258378270e+00,3.665707804426999061e+00,3.849366336933608412e+00
6.088849883114602513e+00,6.846612518421754778e+00,7.848999544424014374e+00,8.341358651024178172e+00,9.834483428592186272e+00,8.837310779652320036e+00,7.600716755676487857e+00,7.135027232331407454e+00,6.942817852623130115e+00,6.750725303895846352e+00,7.120151399822238325e+00,6.896719652995458638e+00,6.463603703991720018e+00,6.227680953333231351e+00,6.306017639190138802e+00,6.672085331867709357e+00,9.660974690469512183e+00,8.361835588388100149e+00,7.878313043734617160e+00,7.180304509192074747e+00,7.267138522805624667e+00,8.772817963568217081e+00,7.338256555651335056e+00,7.058986098911803175e+00,7.197927574840435661e+00,7.060100338029802636e+00,7.075097409044152741e+00,6.634201995039893163e+00,6.696745211825420263e+00,7.110703938261797141e+00,7.161114470462990766e+00,7.341432760991414952e+00,6.777685871460451317e+00,6.480009850790881210e+00,6.490310421641293459e+00,9.599237923440968601e+00,8.540048792389459464e+00,7.887374400227791682e+00,9.478952277885287714e+00,7.892299118286470794e+00,7.454599251253900327e+00,6.958172468500934293e+00,7.198203550664101336e+00,6.765532710190240273e+00,6.692538536672277161e+00,6.922407619225420916e+00,6.719233234326653204e+00,6.340469672131169077e+00,6.306565654000171328e+00,6.272955232758492095e+00,6.429449642355877792e+00,9.385768567210625690e+00,7.655131119852242705e+00,7.098557355466822649e+00,6.522960074413020948e+00,6.386290723647801038e+00,6.360539694225924023e+00,6.348982767241679426e+00,6.675180083778860407e+00,6.523125296162390008e+00
4.511626203546370562e+00,4.770431503115099225e+00,5.494915286352497930e+00,4.552832269048875169e+00,4.879553341033696867e+00,4.543378570417099027e+00,4.994730613407844189e+00,4.305630153913146962e+00,4.262332156627556934e+00,3.868494594923327146e+00,4.573683489886714248e+00,5.202431233502959884e+00,4.369528119323453197e+00,5.111973224759868373e+00,4.738209361663489716e+00,4.419843592525137588e+00,4.277097448041063288e+00,4.256391662825205202e+00,4.763462692369673235e+00,4.866281681784799140e+00,4.674361404944531451e+00,4.386764946898918716e+00,4.509174170616753408e+00,4.533738813313547666e+00,4.488025928566073297e+00,4.432324505799168257e+00,4.141043631997456842e+00,4.427846435493285604e+00,4.252902452617664864e+00,4.289378673396167407e+00,4.278230487370707991e+00,4.488770669998853435e+00,4.174688289804464603e+00,4.401115027822983805e+00,4.556583813983237974e+00,4.235385641770752940e+00,4.378318296608735949e+00,4.191569541937768761e+00,4.442219184721528435e+00,4.758424272605223493e+00,4.126026934999236673e+00,4.288812137047927742e+00,4.088034404508490205e+00,5.350579634219554848e+00,4.189891961826133659e+00,4.382702442464916359e+00,4.406903048561026992e+00,4.021574986867165968e+00,4.007689037073087768e+00,3.784134771214207049e+00,4.305347040757501631e+00,3.934058897096547547e+00,3.910542061051539342e+00,4.551610556117503315e+00,4.170273085004575719e+00,4.079338597312777814e+00,3.735998066588818833e+00,3.803698968521881163e+00,4.795684355403959209e+00,4.412505459008059461e+00
9.569037698411179349e+00,9.725427656096105267e+00,8.427605349484689867e+00,9.879186641635548938e+00,7.100913729952581299e+00,2.666819229294010718e+00,9.705194331843026490e+00,9.561502211473083435e+00,9.698508227281468663e+00,1.016311464030015799e+01,9.839795409893270062e+00,6.538357894551211302e+00,9.631767253757795189e+00,9.470327062006841601e+00,9.529728269753446668e+00,9.561984524375670702e+00,9.447352695498942410e+00,9.721952052079293694e+00,2.672193705596105584e+00,9.722375645462697946e+00,8.918535505864056745e+00,9.156709335996453092e+00,9.473985952530535215e+00,8.576263004162511194e+00,9.602254850495075544e+00,7.872277210246007684e+00,9.723197175271623749e+00,9.450887221649564296e+00,8.742855339416468752e+00,9.515038126805361429e+00,9.167918735594243529e+00,9.518961219129931095e+00,8.668380529552333513e+00,9.518322931960405242e+00,8.954564124536776859e+00,9.125761740487449813e+00,9.411927841042512455e+00,9.788869295657535829e+00,9.613495906810010538e+00,9.544861545583094298e+00,9.563938116885928764e+00,9.552581517985121451e+00,9.521915210660594653e+00,9.434371929425777736e+00,9.562986499985376199e+00,9.743583722927644075e+00,8.789631615848485069e+00,9.431039306874779982e+00,9.892984110692140121e+00,9.639421726969457538e+00,8.943923123181674484e+00,3.605589298581530322e+00,9.635471453589330437e+00,9.462424071810644932e+00,9.524957216686820161e+00,8.856802768624723043e+00,1.011116653844679725e+01,9.081577352046661389e+00,8.181571628624528358e+00,9.808660094540492480e+00
6.465734127680687671e+00,6.907017044245245430e+00,6.594113410464093938e+00,7.302213590775177288e+00,8.538133417593932961e+00,7.686028783158392663e+00,6.628069898227328061e+00,6.168604609553475449e+00,5.957037864836491003e+00,5.830350533971130567e+00,6.145411045748246259e+00,6.461166539317484414e+00,6.196777944541688399e+00,5.944577662344448399e+00,6.138630974717433908e+00,6.146039679382840681e+00,6.368884978194897961e+00,7.373278676458290271e+00,8.663486695703292995e+00,8.233866367277475007e+00,7.203810317305594069e+00,7.104550789802715371e+00,7.587299788815709434e+00,7.542492875635621985e+00,7.018488747024915320e+00,8.198859088285127328e+00,8.505699618904493775e+00,6.964172190479147595e+00,6.660791058998374758e+00,7.152802066667988790e+00,7.178109100804765497e+00,6.728601604240881606e+00,7.714247433537383181e+00,8.026811552031505315e+00,6.958758187103460280e+00,6.634810294056207702e+00,6.590502812209808603e+00,6.482178700041256292e+00,6.411073063808239603e+00,6.733732397252350843e+00,6.498117766110633298e+00,6.604743997649447529e+00,6.492107782408370831e+00,6.831546648470395944e+00,6.457187116205371780e+00,6.363294664958488944e+00,6.522303867463452143e+00,6.365260478655119236e+00,6.135684124265214479e+00,6.427999982601861007e+00,6.455873981451769161e+00,7.149747692603317439e+00,6.302067686436279459e+00,6.713719693396812183e+00,8.709109175426878124e+00,7.299958394848739651e+00,7.003008422022209523e+00,6.576133822986822253e+00,6.492405003193320034e+00,6.193255299426567717e+00
6.609436863815477459e+00,6.629336594413415717e+00,6.871830172524645342e+00,6.715364997486968690e+00,6.772491798737172886e+00,6.863516124928247031e+00,6.755946835653805493e+00,6.723811793152381533e+00,6.736640304438178184e+00,6.627810385703411633e+00,6.622526689327766114e+00,6.725330841785177149e+00,6.738049067215298393e+00,6.577871468354095974e+00,6.543250273289474173e+00,6.514642262013683016e+00,6.629340091090745624e+00,6.736985892571411227e+00,6.677451836217024983e+00,6.716771773222952824e+00,6.675133974753744148e+00,6.640378651538989097e+00,6.530751516311983806e+00,6.624836047130594707e+00,6.743264518244542316e+00,6.691814999119467089e+00,6.598164242914259958e+00,6.669760069785854562e+00,6.624025419538331683e+00,6.709756968037840608e+00,6.674333758135204242e+00,6.669730700666231193e+00,6.714497727292027207e+00,6.646179257712461208e+00,6.770957368033890589e+00,6.578869903737735392e+00,6.531335283493028498e+00,6.583028783994847366e+00,6.640030716351630780e+00,6.704270528453529998e+00,6.768072873671758138e+00,6.594853947958358553e+00,6.701547070588902422e+00,6.652642414159697815e+00,6.711173221418838430e+00,6.750700117667909339e+00,6.729509951514991428e+00,6.699471838672655721e+00,6.869334512382284430e+00,6.675311678501960166e+00,6.618250682140844887e+00,6.555983462274343587e+00,6.684302118580002450e+00,6.677058859267469337e+00,6.567972356927259447e+00,6.651670657334975090e+00,6.613140579891996218e+00,6.791852327329793049e+00,6.553697826666807558e+00,6.225410346847740861e+00
4.138214093466856092e+00,3.524020770711162154e+00,3.948575667597664651e+00,4.262341114627207439e+00,3.763076301249365763e+00,3.932945342165138136e+00,3.663501663301008016e+00,3.581434826184404230e+00,4.045781328173580604e+00,3.664186842878758288e+00,4.060074140759776462e+00,4.023430760969127995e+00,4.201188703674107572e+00,4.162267838188962621e+00,3.609244783928709843e+00,3.828132338048531480e+00,3.784331821398134288e+00,3.906118395103899132e+00,4.392699968788575937e+00,6.104494792809251003e+00,5.573839972301034784e+00,4.126136956734116623e+00,3.989055670662309705e+00,4.008425437682292980e+00,4.884267585048544191e+00,4.357187333001911966e+00,3.942246601893409252e+00,3.953623922293198589e+00,4.203905257612372992e+00,4.051116196267567027e+00,4.514520719226980283e+00,4.175558327511030399e+00,4.177731066419312356e+00,4.083311357857636104e+00,4.615546568857640253e+00,4.181596911205025080e+00,3.897585983488192074e+00,3.917379603944319388e+00,4.465752390878451550e+00,4.222183099247814653e+00,4.192516879020607767e+00,3.856749084553396933e+00,3.943348123618983347e+00,3.788401529336826723e+00,3.830915363701666188e+00,3.923286276383239013e+00,4.094796502458506460e+00,3.876440585288837060e+00,3.851939650329505582e+00,3.716196782583891522e+00,3.711685396409600379e+00,4.111057342596076580e+00,4.043643959340126770e+00,4.020607184633695041e+00,4.075260379539520805e+00,3.995442687353275346e+00,4.077418408028751884e+00,3.555100990716848930e+00,3.952642348439494135e+00,3.473762886359449631e+00
2.708053459018701759e+00,3.216684643550792089e+00,2.888559103997584643e+00,2.889938996557288586e+00,2.833943431012437841e+00,3.042896274158865211e+00,3.211397764879235339e+00,2.196477037799263066e+00,2.831629818592069192e+00,2.829651031446050791e+00,2.708389718532358881e+00,2.890752300904935179e+00,2.773037460648508201e+00,2.565129177559089424e+00,3.294937484086158275e+00,2.944000988591789714e+00,3.178996176656736061e+00,3.135735861278418746e+00,2.641458260884652187e+00,3.581020491059534461e+00,3.829854133823630935e+00,2.773659303192445247e+00,3.908453108036141987e+00,3.135690534668596374e+00,3.401940700801533435e+00,3.257108612850627249e+00,3.663845897476523561e+00,4.139161043060886946e+00,3.334826880060230536e+00,4.581444658747948040e+00,3.331590081097353995e+00,2.482790014962857672e+00,3.042601164016115245e+00,3.441531130880731926e+00,3.524210925403119976e+00,2.301609443554110346e+00,2.397865274308073058e+00,2.638911689397660076e+00,2.948048044479527618e+00,3.259643963027772262e+00,1.793119499713452747e+00,2.833453424877611315e+00,2.944587867801448322e+00,2.563683860778083634e+00,2.832808394458647072e+00,2.398180989190591639e+00,2.709910726404952008e+00,2.774951886578763904e+00,2.888093533611543862e+00,2.834090616901349335e+00,2.944415485180542635e+00,2.400828582084535867e+00,2.707801707419526416e+00,2.302653729362801105e+00,2.483604545052000123e+00,3.133618855225165145e+00,3.133862471825319851e+00,2.399504289640527421e+00,2.639501201120470153e+00,3.607399165216983228e+00
6.326256140138744044e+00,8.362317769638634601e+00,8.535989423596513248e+00,7.491635441183871258e+00,7.205899990526491550e+00,6.784939852819490191e+00,6.620228580436142707e+00,6.170189685966246174e+00,6.462884777878014297e+00,6.275201324018262916e+00,6.466051907948537902e+00,6.481426166788824439e+00,6.453726566746825988e+00,6.617107301721416590e+00,6.612724669777937159e+00,8.259376159996875799e+00,8.718355201034816204e+00,7.962988428935548590e+00,7.887922785734251541e+00,7.277235966388138522e+00,6.997882924189547715e+00,6.795529408351807632e+00,6.597607315549363527e+00,6.721470240306559596e+00,6.600615281524341071e+00,6.933625893362261650e+00,6.880715339186106227e+00,6.746408364503439614e+00,6.505493920134376218e+00,6.404547842031331761e+00,6.450478428643423356e+00,6.625541768375369678e+00,6.568608647562738767e+00,6.587166070410765961e+00,7.077548236247785063e+00,7.545224890869140388e+00,6.902588119363513464e+00,6.640950158980930773e+00,6.547543627384999176e+00,6.640876378067276598e+00,6.633654012014035928e+00,6.737309953000240270e+00,6.526707352341006185e+00,6.685491243771279457e+00,6.644024111982926861e+00,6.613610007792609657e+00,6.455284692283959735e+00,6.593505098051879898e+00,6.600850579285777897e+00,6.663118679856959936e+00,6.869110346945366707e+00,6.825696407950710309e+00,7.059608554228350208e+00,6.709985992128586041e+00,6.977459000046165372e+00,7.099890960121756578e+00,7.092844431431493568e+00,6.851644697525323124e+00,6.744530715287923250e+00,6.733238910996565352e+00
6.334298716037993771e+00,6.328735185873745728e+00,6.153952315894041902e+00,7.520306102395429626e+00,6.878676039965145428e+00,5.982926693022743159e+00,6.124671505935389781e+00,6.073207190028215408e+00,5.851147362912382022e+00,5.765628383210605001e+00,7.897839048756131852e+00,6.657865147064137901e+00,5.992918112551977927e+00,5.867202274133316742e+00,6.754722058242777827e+00,5.721192411455852778e+00,5.937075868950391744e+00,9.608899253397824580e+00,8.486772950916769531e+00,7.274698143658043570e+00,6.766869950618203511e+00,7.040574238517669059e+00,7.884372650349366296e+00,7.784833552310760574e+00,6.819547773942291613e+00,6.505557793673690803e+00,6.123847325490637594e+00,5.949469358946851472e+00,5.995208652458030585e+00,5.917621661709725700e+00,8.232555419701441224e+00,6.699222618849637989e+00,6.377590269440672088e+00,5.942664641027541883e+00,6.033104673264341855e+00,5.831707151331968930e+00,5.695241866583901746e+00,5.566743083585562246e+00,6.022835569608981032e+00,5.937675632616502774e+00,5.411887056315999089e+00,5.740027812331241819e+00,5.681218588516257384e+00,5.621309241546067703e+00,5.597753940404162520e+00,5.841611851713749637e+00,6.947636273194495615e+00,5.959242243848535736e+00,5.843206547686586205e+00,6.125058139785282130e+00,5.620881758412105356e+00,5.571194565912453101e+00,5.704878837149614412e+00,7.605691971290314157e+00,5.911342416571811142e+00,6.284138756014106875e+00,5.941007086681030280e+00,5.974205225451183487e+00,6.169839802207230939e+00,8.919378710400538424e+00
6.789965011319001320e+00,6.254364043349695201e+00,6.107769762999344820e+00,6.280811119602621062e+00,6.263263988116894332e+00,6.390262541833603649e+00,6.574815007480458995e+00,6.624929952216687568e+00,6.685071464396033392e+00,6.415223648871758222e+00,6.324982748652279163e+00,6.532483215359040862e+00,6.613199314267739659e+00,6.624619465722912715e+00,6.750714229624291463e+00,6.564212484142638360e+00,6.474104069297437647e+00,6.432086923840931725e+00,6.382695307266019746e+00,6.680442403008236774e+00,6.540540261841409020e+00,6.470444300631648993e+00,6.698223264401952370e+00,6.627361815607723194e+00,6.487106478469494064e+00,6.387868597407559079e+00,6.509938313868936177e+00,6.371332511893298189e+00,6.651390576780071839e+00,6.445296249754481011e+00,6.351789531673689204e+00,6.177078891851959241e+00,6.621100955768300267e+00,6.931343237990103212e+00,6.612089043406056632e+00,7.121697723786828860e+00,6.749706395592145469e+00,7.038267586660689190e+00,6.474687697397561337e+00,7.064123248119231313e+00,6.950218983518213101e+00,7.067634402271236738e+00,7.127202292624583713e+00,6.749339625995173897e+00,6.640141126428501295e+00,6.410412727802907717e+00,6.583024300818334673e+00,6.757436501283589969e+00,6.914077847445163627e+00,6.889880222802826637e+00,6.781970866650750551e+00,6.640934137146637717e+00,6.084555176844581581e+00,6.501422569769248483e+00,6.461493877498895699e+00,6.601140357164890560e+00,6.302134947883839544e+00,6.273319006260130948e+00,5.831312734901871409e+00,5.367507383697520673e+00
6.600500640431117283e+00,6.709535123810448809e+00,6.747279363953254894e+00,6.884685794716152607e+00,6.944957604615596303e+00,6.827132922152943095e+00,6.592104143584004206e+00,6.464070593048697688e+00,6.509391883720905270e+00,6.548100542933660506e+00,6.749287138159979271e+00,7.134758121544837906e+00,6.826836492178349758e+00,6.326823421955707794e+00,6.471277587848520696e+00,6.404743589900554035e+00,6.421865173305413954e+00,7.383068980906446477e+00,7.248519084854285310e+00,6.497919726178479571e+00,6.481880965921077653e+00,6.559276849932137665e+00,6.568145724622566739e+00,6.528271353656238674e+00,6.686216574374447497e+00,6.860410134892655165e+00,6.653066675518341633e+00,6.671839691693400631e+00,6.454838030689045603e+00,6.422634575316227057e+00,6.518642477845858707e+00,6.595368585185497956e+00,6.726524168324313102e+00,6.551783079144058775e+00,6.558158557855050752e+00,6.800577547242951049e+00,6.593742868979534322e+00,6.674269911318424064e+00,6.863612601638603650e+00,6.957043733989030976e+00,6.579069090779969819e+00,6.637871624878629362e+00,6.503992754530952602e+00,6.548620150427438169e+00,6.585558401923268690e+00,6.764444984134718730e+00,6.767063408219039289e+00,6.537281801061308961e+00,6.531283695541858947e+00,6.530827232170291374e+00,6.413658715636401553e+00,6.336438510768848786e+00,6.516534401340918770e+00,6.646602750103130397e+00,6.739404635786825359e+00,6.430393704242463038e+00,6.209847918925071042e+00,6.256700218628424182e+00,6.393582963164734956e+00,6.022115840273676746e+00
3.496240876694169941e+00,3.914710001321069388e+00,4.288458421895015249e+00,4.356151087099372710e+00,4.414705563366554841e+00,3.887870932498072918e+00,3.891388043405567654e+00,3.851458071343493383e+00,4.015361619524734138e+00,4.126414157778097724e+00,4.490450518938244429e+00,4.552698730771338909e+00,3.989605589762617477e+00,3.979158088737277943e+00,4.158264379129573030e+00,4.175093287376066442e+00,4.203835456993875397e+00,4.596126052555017161e+00,4.804548758497514171e+00,4.303364662057514778e+00,4.058802380292660494e+00,4.041190593319956115e+00,4.222613214406907289e+00,4.127448336280885144e+00,5.305338224691661608e+00,4.886326537063289344e+00,4.433951535404743183e+00,4.242297272289346388e+00,4.300947354447809623e+00,4.711550026182406370e+00,4.389518886328775515e+00,4.634713508720913033e+00,5.056978594481223332e+00,4.210102871837839267e+00,4.418916586023192039e+00,4.184582914770714979e+00,3.829455422879922466e+00,4.226259047791986134e+00,5.640713879559251076e+00,5.173894257903492999e+00,4.269407426793556226e+00,4.126748063466700422e+00,4.177667095466845559e+00,4.145713557930855941e+00,4.287604857410179271e+00,4.563510288836488016e+00,4.478997621156541875e+00,3.802065352080732374e+00,3.985947697894653974e+00,4.030754344532021527e+00,3.717511000425744783e+00,3.731302440482069382e+00,4.500189255386700893e+00,4.474344119210570625e+00,3.784028939994345642e+00,4.082027630223914905e+00,3.808860531250209736e+00,3.806106841605679136e+00,4.315801864611453098e+00,6.068493744819227764e+00
1.605065048692299934e+00,1.790208994988305768e+00,3.455887666867886843e+00,3.218363848805325667e+00,2.196926077610322547e+00,1.789865984932398790e+00,2.078452375771605354e+00,1.386556469548734682e+00,1.385042897795387251e+00,2.065852286014831396e+00,2.990611448965685870e+00,1.605829976671643733e+00,1.601792928134174510e+00,2.562822132059816127e+00,1.943968104959600263e+00,2.069856690502904772e+00,6.923863520693249729e-01,3.081213673745008652e+00,1.943436388179265339e+00,1.609922730711397687e+00,2.076660281185120027e+00,1.380883401826866974e+00,2.292342583894724228e+00,2.074232728617653176e+00,3.121976479688413519e+00,1.791036500425760458e+00,2.079999727488271333e+00,2.565124585289566994e+00,3.088700980092591752e+00,2.473912358866160677e+00,2.185487185493902196e+00,3.176255676281014573e+00,6.859536743681216020e-01,1.943573242975293214e+00,1.787942653031441953e+00,1.780783434557400735e+00,2.299583586045583328e+00,1.936893671512289972e+00,3.293821139065030046e+00,6.807820913076906288e-01,1.791198942995113397e+00,2.705609042379874207e+00,2.173576186305857583e+00,2.065129958646565456e+00,2.634541894908381643e+00,3.174356129383741454e+00,2.486575233456768785e+00,2.479743381754888176e+00,2.629011796801865586e+00,2.074727861123012662e+00,2.486119634265890443e+00,2.484332968419223686e+00,3.954473761754324190e+00,2.944804537902548258e+00,1.608481893573428634e+00,1.786141874132458396e+00,2.701058656507282940e+00,2.486489954593205987e+00,2.640162997910023623e+00,3.172107224724554975e+00
7.041469607310860468e+00,7.049238227090556030e+00,6.868636127263909152e+00,6.962872901365187772e+00,7.036837622618344668e+00,7.146724516374044711e+00,7.176115499820904908e+00,7.079446130261066727e+00,7.179720877352591124e+00,7.170675835570954781e+00,7.747955107150430010e+00,7.317081923148840872e+00,7.265053146157228525e+00,7.223767442895629998e+00,7.454339665951491334e+00,7.198680074918570426e+00,7.070576471539762764e+00,7.166248773515815351e+00,7.446240304478941141e+00,7.266259725528157354e+00,7.116325372760824663e+00,7.187322220203603784e+00,7.117591326264221863e+00,7.409211847568240472e+00,7.025192304408704125e+00,7.190276374729783093e+00,7.572822566760403440e+00,7.167749294413481742e+00,7.371349017961989603e+00,7.562828236318963171e+00,8.118067654373795961e+00,7.944624864155487742e+00,7.690186839460312562e+00,7.418512882875513803e+00,7.254790218947187341e+00,7.285411204233150251e+00,7.279658666083905771e+00,6.945176228582053746e+00,7.018792173260667511e+00,7.434232481204683829e+00,7.293855798496053033e+00,7.118379892501597084e+00,7.174719384102096420e+00,7.095206594160949010e+00,7.093622478299418610e+00,6.970577644150441898e+00,7.264960764027225792e+00,7.019095540721646209e+00,6.881554088204714148e+00,6.881885891713075409e+00,6.860830611615043040e+00,6.784548102355286936e+00,6.919713590033145678e+00,6.967498536944781939e+00,6.927932224231855507e+00,6.962508179105878270e+00,6.903007176675156842e+00,6.927540068173953181e+00,6.923391356578538769e+00,6.773398686614656938e+00
7.058810896835617577e+00,6.924963734547448624e+00,6.865290706536656629e+00,6.951142348366180279e+00,7.034463490147736309e+00,7.021722302464092458e+00,6.933549287857427856e+00,6.845567883960120170e+00,6.883548364693196753e+00,7.022270703998838570e+00,7.110790743300406724e+00,7.028201664521152026e+00,7.157423252759346433e+00,7.183951701979037985e+00,7.168714762422108144e+00,7.144916651269960894e+00,6.965384445560991900e+00,7.190981506759309028e+00,7.058809053064753591e+00,7.049745843681982649e+00,7.198566104203313110e+00,7.227601661804684774e+00,7.218304739554776361e+00,6.920262276079991892e+00,6.910055641296112050e+00,7.326524365646697845e+00,7.087545161711595654e+00,7.025208970491056526e+00,7.303485871986530320e+00,7.095522209818081016e+00,6.978318850125328154e+00,7.068831291035254871e+00,6.970591965785524202e+00,7.032513571958969756e+00,6.995793223197206423e+00,7.553539912114339394e+00,7.085103733555816241e+00,6.937114300900289798e+00,6.979761279956991693e+00,6.841717341433716904e+00,7.089675753742448627e+00,7.018856874041588867e+00,6.919784061442220136e+00,6.809142758984120469e+00,7.088370358980919050e+00,6.861730290366465645e+00,6.900709985097449817e+00,7.011457771178458920e+00,6.939241497247617296e+00,7.040792645076544787e+00,7.061929392209549405e+00,6.895259832888407381e+00,6.903863796221953564e+00,6.949604912430780601e+00,7.160794225151741799e+00,7.077446129220872351e+00,7.015477381700875092e+00,7.008386222263750298e+00,7.062430479830316798e+00,6.912377700413606441e+00
2.483220699751032878e+00,1.791739591738384929e+00,3.046419927122589133e+00,1.946371238028001383e+00,2.397398575531513032e+00,2.565104406759474820e+00,2.079297288714617498e+00,2.486074194909746460e+00,6.951758281568639619e-01,1.946309424836216495e+00,2.707634257603973804e+00,2.397540393668101455e+00,1.794538650228704624e+00,2.709664431487026182e+00,2.303518809904336440e+00,1.946055476417582586e+00,3.735496720525160352e+00,2.888375106064104525e+00,2.771326375863519598e+00,2.302270659555182952e+00,2.707975649695160580e+00,1.947396275438037838e+00,2.399419476402272267e+00,2.638427570188486726e+00,2.303025731806421561e+00,2.302042942237747525e+00,2.563865649161580773e+00,2.639066144090647548e+00,2.565526438013681076e+00,2.304116307028090560e+00,2.302771414982430542e+00,2.485197279993609065e+00,2.079703130159963553e+00,2.197654652431328515e+00,2.398497706031662791e+00,2.079015778733350750e+00,2.398801856597815974e+00,2.486282274726031805e+00,2.488743543252496693e+00,1.609582605784484199e+00,1.942214914108240320e+00,2.636648750814581721e+00,2.396112380315460033e+00,2.996205776839152346e+00,2.639551056703261622e+00,2.944249834048134673e+00,2.482431408090764791e+00,2.830908347329781805e+00,2.641775745109898210e+00,2.485062768703161673e+00,2.772722479062179168e+00,2.082413470741843131e+00,2.484537804405747341e+00,2.398288294110126895e+00,2.197900010777464885e+00,2.107591429694978480e+00,3.060897876002556917e+00,2.318020113238024482e+00,2.399005401118855740e+00,2.198158843539459895e+00
3.712554332812369129e+00,4.605730754067168142e+00,5.754840898088982470e+00,4.753017316588724839e+00,4.346289967760617934e+00,3.782673283626286409e+00,3.891435436104136780e+00,3.293444764978127992e+00,4.452470597945479724e+00,4.095715252975152154e+00,3.761486190103558780e+00,3.583733729381167077e+00,3.554409379957820025e+00,3.611090829619396203e+00,3.090602052246152365e+00,3.134889074844523282e+00,3.045187451223482888e+00,3.805748819594492627e+00,3.850662696261788476e+00,3.400981327080033090e+00,3.179926412805995195e+00,3.091181293688283649e+00,3.437620129007226133e+00,3.296362350480071424e+00,3.850222400036827253e+00,3.760606780976813557e+00,3.112381728170007023e+00,3.408827420409351827e+00,4.155992610768283413e+00,3.332159992966875262e+00,3.400764091498511554e+00,5.912975509515339567e+00,5.703025400853382720e+00,6.197762979919517967e+00,5.320018304602074366e+00,4.465092823739215788e+00,4.042876674426899797e+00,4.125653937372711688e+00,4.784660411124500357e+00,4.247841679312121421e+00,4.077804359715623939e+00,4.022903667935203487e+00,3.466841094444681914e+00,3.367749815154872373e+00,3.610727908087121296e+00,4.405825119907214038e+00,4.042719369663954510e+00,4.114212409821528027e+00,4.127680286645638574e+00,4.188123995942766520e+00,4.110389779088455597e+00,3.787150211803006705e+00,3.546990908353614191e+00,3.736250227610552699e+00,3.329594946812221679e+00,3.730751820616619252e+00,3.784179750935396935e+00,5.875238534288765635e+00,5.270259270429417775e+00,4.475781462407979916e+00
3.526546167600574488e+00,3.615270465041268366e+00,4.023224156823824949e+00,3.399847207551423001e+00,3.091100667327774332e+00,3.436957018436135769e+00,3.527300996132979538e+00,3.463409259141912777e+00,3.847821366543658694e+00,3.526164629692559505e+00,3.260901841959138014e+00,2.997958779481291636e+00,3.366957795524350594e+00,3.785708515422483433e+00,4.429333886485162353e+00,3.723269110923749459e+00,3.731895747669413232e+00,3.411602463869283230e+00,2.708937339147495127e+00,3.828416307877326563e+00,3.367438641470827942e+00,3.258204369116803445e+00,3.929353504306534184e+00,3.493720439647377773e+00,3.142561783573415646e+00,3.218772525141036400e+00,3.783864055436549023e+00,3.816032518831346199e+00,3.891318992241547647e+00,3.811617621213022833e+00,3.605831547121219227e+00,3.043040984972411156e+00,3.186707463275083363e+00,4.125904261670402917e+00,3.561576800533253984e+00,3.743743993668626313e+00,3.639008777739806799e+00,3.700616881557524440e+00,3.333744522626484574e+00,3.009250467755613556e+00,4.181862145476456405e+00,3.543764182680900543e+00,5.160842767594194136e+00,5.852018818709209036e+00,4.764086924513679655e+00,4.601476294052933014e+00,6.177567552087430691e+00,5.637240072481534803e+00,5.353040780247637187e+00,4.406086600446466051e+00,4.113439246084579892e+00,3.914898900103348733e+00,3.628299832675917269e+00,2.901736223546802496e+00,3.991796949231710911e+00,3.462372884028799724e+00,3.481453157879980331e+00,3.433549905230864674e+00,4.023342349798229911e+00,2.481538490678272701e+00
2.641671832326739189e+00,3.290298862093080867e+00,3.795511544382686786e+00,3.529026713029077555e+00,3.583372855318597949e+00,3.267297464399983475e+00,3.290745797172836884e+00,3.217457765567799388e+00,3.905556003738335669e+00,4.217865469388500266e+00,4.416559619776224466e+00,4.479640010788290994e+00,3.837544936373204152e+00,3.808581366189597084e+00,3.785522488784954565e+00,5.900074568968677546e+00,5.994372354184960727e+00,5.979106753812766684e+00,5.809815538982124217e+00,4.870420143029601689e+00,4.561723894612968344e+00,4.585853247234962460e+00,4.219127865423726753e+00,4.200160998849846727e+00,4.432641949622450284e+00,4.113170549541102616e+00,3.852693143969773359e+00,3.772319417935710906e+00,3.677977299661227661e+00,3.990670864628991232e+00,4.039875598292852033e+00,3.966601559870753135e+00,4.502587297898632990e+00,4.185105653970659034e+00,4.462972340647056058e+00,3.982460399286463115e+00,3.907086681708545672e+00,4.006968192508503002e+00,4.236659784372800885e+00,4.469566108788205483e+00,4.098289164126111217e+00,3.967878497377804070e+00,3.977399413671403039e+00,4.207506059347102756e+00,4.348291388083111997e+00,4.748744872624058644e+00,4.827757892150433605e+00,4.678109003916758546e+00,4.436240391783411674e+00,4.275291821138368142e+00,4.460034026930300044e+00,4.306786027677866002e+00,4.319025920525222162e+00,4.607102238488441692e+00,4.557451479414871720e+00,4.219958946263625776e+00,4.632992384279623899e+00,5.638370874644548003e+00,5.579080803614564488e+00,5.984106885011993171e+00
4.497102487180934638e+00,3.781914489556998049e+00,4.007735075531707380e+00,2.992567287058756076e+00,4.172249581591112921e+00,4.531504399352043855e+00,4.153946306011465417e+00,2.889473022915150402e+00,3.176548729910587898e+00,3.581401336453157391e+00,3.133816647684732004e+00,4.997277102989913899e+00,4.297111703196250687e+00,4.225979151429917202e+00,3.556312709208158118e+00,3.297838887517057227e+00,3.158682304210983727e+00,2.566216943929092942e+00,4.718589050030075782e+00,3.176981772054646047e+00,3.091510732346927526e+00,3.218807695868484586e+00,3.767157545804560748e+00,4.034320830587258655e+00,3.778827494711130441e+00,5.710970265269392776e+00,3.808995467981531213e+00,3.611713807153955624e+00,4.787327011647736441e+00,4.790310590541330349e+00,4.143902075569667609e+00,3.694913439573266345e+00,5.335475447972044094e+00,5.268186779435382050e+00,4.851510994700609203e+00,4.282631787189943751e+00,5.486043201965649097e+00,5.372367423337776948e+00,4.106698921586882989e+00,4.004412199804980865e+00,3.460213735891511266e+00,3.051158556653633891e+00,3.758447455567866857e+00,4.098863422519333000e+00,3.531661440863338886e+00,3.135238367159024708e+00,3.432898684713361792e+00,3.801209237600789326e+00,3.070101517414921322e+00,4.367690665179990717e+00,3.255306067103775014e+00,3.137475562759761250e+00,3.366486987675575193e+00,4.177454413501592967e+00,3.221719898032659568e+00,3.520259782453213582e+00,4.954095261760253166e+00,3.177408421249838799e+00,3.783524193465094942e+00,4.723579953255323538e+00
4.261551643811758439e+00,4.933258475240395846e+00,4.443356352220111383e+00,4.770831536507269099e+00,4.921143825270828387e+00,4.726321806565670691e+00,4.653588819828222256e+00,4.542023711974405131e+00,4.581894866985639858e+00,4.594104390935553894e+00,4.719236565154981022e+00,4.919617530769653690e+00,4.858632522182841917e+00,4.819422979192488299e+00,4.949860976075469488e+00,4.825575870018860236e+00,4.635162344177372162e+00,5.126363500804283824e+00,4.981215009365696389e+00,4.626411588660054974e+00,4.780681501880689410e+00,4.743603803673472008e+00,4.653517680084067187e+00,4.743141483973262851e+00,4.692233555380937560e+00,4.863344055089073414e+00,4.641004263443141653e+00,4.586977158182153680e+00,5.075750982628957075e+00,4.797063158537157257e+00,4.694708519525869761e+00,5.036190854119919180e+00,4.851757226955658808e+00,4.521096149011966325e+00,4.502104190830733543e+00,4.654749022216968513e+00,4.764346326880763094e+00,4.382111034980658459e+00,4.478240902227723197e+00,4.829024001965461999e+00,4.689274619149419898e+00,4.654557884394646905e+00,4.614722933806246985e+00,4.522167879058295981e+00,4.110691140069516081e+00,5.038390501552192369e+00,4.680426895904611584e+00,4.718699677563851225e+00,4.654687412284251202e+00,4.556151562764246599e+00,4.128177857706628373e+00,4.276099598687381764e+00,4.300620349804170850e+00,4.379053626418514256e+00,4.181102363806846078e+00,4.447582644073801994e+00,4.246863155960420855e+00,4.517614164323247472e+00,4.586349469668966172e+00,4.388497804417860415e+00
1.108850144155175688e+00,1.100938491606301639e+00,1.104135616244760421e+00,1.098853796041725728e+00,1.104774470480230031e+00,1.100069253891019505e+00,1.382350193487007939e+00,6.960893059679710282e-01,6.903614802473879708e-01,2.819832289802374881e+00,1.793539279382272644e+00,1.953599591583603745e+00,3.182408383472709712e+00,2.413949805610427823e+00,1.095003513121719507e+00,1.387870024173281980e+00,6.965898116973401333e-01,1.629465732307445291e+00,6.923851385119161872e-01,2.709382037250343878e+00,1.384677736548099114e+00,3.254214961911420900e+00,1.385076525726702368e+00,1.118700054966115687e+00,1.386476785667335676e+00,1.388873880990282084e+00,1.284086252053864063e+00,1.106412177684438669e+00,6.799101806683834903e-01,7.042462736270971302e-01,1.102054678132659893e+00,1.602961427364804514e+00,1.788637675580517783e+00,6.892114256996566546e-01,1.392114158512703481e+00,1.263147831410897481e+00,1.098678976243655958e+00,1.381277023757887967e+00,1.388306931294539970e+00,1.387093844247586194e+00,1.100341584960680352e+00,1.802432274366770004e+00,1.111114509404867112e+00,6.943033034641348245e-01,1.394758966097813691e+00,1.622946190620019102e+00,6.841250783906546173e-01,1.610157613147808364e+00,1.605149373433640392e+00,1.100414053382995139e+00,6.805675346118121860e-01,1.388027200774831105e+00,1.373479608559536436e+00,1.385988187958014262e+00,1.370377670838479611e+00,6.807307184824673563e-01,1.601094260228897559e+00,7.024142969921137736e-01,1.381132646744224646e+00,2.559396962868295322e+00
3.831520696542650040e+00,3.933685770406322391e+00,3.554682512142389950e+00,4.173926927456395042e+00,3.969410953225577465e+00,3.637901979178104650e+00,3.886558743109092884e+00,3.525902102034871533e+00,3.760907328741717848e+00,4.001037417773494198e+00,4.062789220991632533e+00,3.806066456220415173e+00,4.660731809458954267e+00,4.027104822901120151e+00,3.950928621062122392e+00,4.004618448873261016e+00,3.929281572468249273e+00,4.440752277200812337e+00,4.090356167955172317e+00,4.245586936046858106e+00,3.663590270900364487e+00,3.782735534149691325e+00,3.985207400658380195e+00,4.327033025350734086e+00,3.738392954845016991e+00,3.734874009782788384e+00,4.553013538830972706e+00,4.680809470428727970e+00,4.670445056569238140e+00,4.103448845086558272e+00,3.868673820440216016e+00,4.328533322683544071e+00,4.111033362099451693e+00,4.486162162114696983e+00,3.826545806066091071e+00,4.216841969827028080e+00,3.736848004060559170e+00,4.284944936564733631e+00,3.796758528766637664e+00,4.138696495925926477e+00,4.615260524940504538e+00,3.891040390903004909e+00,3.890555630759710670e+00,4.392830172523783716e+00,4.246538072592434432e+00,3.932019781879354525e+00,3.949875213235502169e+00,4.157531986973039828e+00,4.312522357138059981e+00,4.184042036059167913e+00,3.911571150994566981e+00,4.093370568842426671e+00,4.008033442752148012e+00,3.806577551316880026e+00,3.911818264278391410e+00,3.462109489419952446e+00,4.027035017634065461e+00,3.866714453553660391e+00,3.830454367155478046e+00,4.025371886139843092e+00
2.994693387452023181e+00,1.385371161596148815e+00,2.301339675446757216e+00,2.396649975292456602e+00,2.638658501566229830e+00,2.080947566118357184e+00,2.079256493802306149e+00,2.302386371899682427e+00,1.386289868218841814e+00,2.301913501396691597e+00,3.259143266862536414e+00,2.707777498362118340e+00,3.256303442985049923e+00,3.397039646230022747e+00,2.706325021234535999e+00,2.490769408940615826e+00,2.194032869578091294e+00,2.638692474095159834e+00,1.792041252167132726e+00,2.486650147357254870e+00,2.487956396205351695e+00,2.197589524853213128e+00,1.384991858725207692e+00,2.490565083582168882e+00,2.197048938524476469e+00,2.304466879257442091e+00,1.823028258240219968e+00,4.139379349636465477e+00,7.459071322708872742e+00,7.247204730864430289e+00,6.180232436078147096e+00,6.604840782381959485e+00,6.678636076788313503e+00,6.042499187502487601e+00,5.589449159358580665e+00,6.631802124449080793e+00,5.402583169506410599e+00,5.202374184968423521e+00,4.689689458747405837e+00,4.123890094636187165e+00,4.537502921926025223e+00,4.017430104118334455e+00,4.723219821922934436e+00,5.003956136398994836e+00,6.594160538674929128e+00,6.804972911425941184e+00,6.728515231753926074e+00,7.270614550020089162e+00,6.999906225010515293e+00,6.561316759375304564e+00,6.583613196291577374e+00,6.334897942376339408e+00,5.353342202638256886e+00,5.333620745385422524e+00,5.291062029860552407e+00,5.110205982086250209e+00,7.235399814429165133e+00,6.901369350872311514e+00,6.115848946740540804e+00,5.048486111089119710e+00
6.923027559024345079e-01,1.609758386064148894e+00,1.608145603905333010e+00,1.610988534756353951e+00,6.937249006368156889e-01,6.950558243060293018e-01,6.928758935965801946e-01,8.796927323099441587e-01,9.463569808425474905e-01,1.101695415586620319e+00,1.100112635768974778e+00,6.859800077721033285e-01,1.098375103731432434e+00,6.986990119771387953e-01,9.795055072534503138e-01,1.109602718911423924e+00,1.408499289412207478e+00,1.389194923016865202e+00,6.868480664536454894e-01,6.882428178832697974e-01,7.055686749082573650e-01,6.954567234695557820e-01,6.833052539125069602e-01,6.948762520183490166e-01,1.115690166749644607e+00,1.098382467132501761e+00,1.100125112853238996e+00,1.396734377495769674e+00,1.613699207785972201e+00,1.261314542145227424e+00,6.989769594657604390e-01,1.604778644607898652e+00,6.628978224797373864e-01,1.105348446711699850e+00,1.005845129305829699e+00,8.565295702151594082e-01,6.870706559170207672e-01,6.889733171733865014e-01,1.791771207255969722e+00,1.549255425051602852e+00,1.215720915076035524e+00,6.836854525108684300e-01,6.769504226187563756e-01,1.100160266156400501e+00,1.374852363724115678e+00,1.109345319305914401e+00,1.387832949350743306e+00,1.611229398475404695e+00,1.118592758776970175e+00,1.108071913249835561e+00,9.251662857787744665e-01,7.006259072532003973e-01,1.620863145645805803e+00,1.267605613201633119e+00,6.512705434430321461e-01,9.411466618449453314e-01,1.097309242768508275e+00,1.099307276192621696e+00,1.111460766518209908e+00,1.097910736518041386e+00
5.333989011283978066e+00,5.548136720302059288e+00,5.659343121038141078e+00,5.683703743370450034e+00,5.777369783179873153e+00,6.447822876164590156e+00,5.970698070572117544e+00,5.872956199159601098e+00,5.427740019094160928e+00,5.645121550697754564e+00,6.714837588224727760e+00,5.985662607041008165e+00,5.997978124013214618e+00,6.158147527699409096e+00,5.729340970260229149e+00,5.507262219936431613e+00,5.435955330081465142e+00,5.784572412346536296e+00,5.628544043737330860e+00,5.495091524156586971e+00,5.634697412434717556e+00,5.534982130470840644e+00,5.692094020095961326e+00,5.570366434652069820e+00,5.664412535360662027e+00,5.754892311075213485e+00,5.477535872270576256e+00,6.522222852974264740e+00,6.235760454357012428e+00,5.665645837976628130e+00,5.340080700056111240e+00,5.619992885675790362e+00,6.207026464924285669e+00,5.540630675164770480e+00,5.759393343056269821e+00,5.522381483798041835e+00,5.548081965019280304e+00,5.430388783145444265e+00,5.451492233017408040e+00,6.006542238021300051e+00,5.654608122300660789e+00,5.582478408763644318e+00,5.565916113163436485e+00,5.496270342989687308e+00,5.384553110372010565e+00,5.646322368064466524e+00,5.655413884309321126e+00,5.550311246554236355e+00,5.562446077421685509e+00,5.976011940828309221e+00,6.542634549299127578e+00,5.794996916090610739e+00,5.833618555842268627e+00,5.764837708912937231e+00,5.925136916178386670e+00,5.832252033858265072e+00,6.040925206589208507e+00,6.634533715434715262e+00,6.374976215619893694e+00,6.024127599570196168e+00
6.174436432202809577e+00,6.166275503462284924e+00,5.996557227945028323e+00,6.323163582059000198e+00,6.467441409778047934e+00,6.037059972170070843e+00,5.725242447872654239e+00,5.674118399040922966e+00,5.578497489781002017e+00,5.778519394470978732e+00,6.019076034104434925e+00,6.083663588184008653e+00,5.916056135373210623e+00,5.359851239752794427e+00,5.945291927056430836e+00,6.377763210668894622e+00,5.571443665226590625e+00,5.915714577451242739e+00,6.411130887438170056e+00,5.460818010937768641e+00,5.304814474822916459e+00,5.848685646846706554e+00,6.109034209131999127e+00,5.449405299684269899e+00,5.475995980867806701e+00,5.880864754300930919e+00,5.313338586627954996e+00,5.087274785756487283e+00,5.303089184582034932e+00,5.320146970035232847e+00,5.231255794695046646e+00,5.588347468331622103e+00,5.959662547909136521e+00,5.943126906585392000e+00,5.603716250967177182e+00,5.446967701308483178e+00,5.702047839063125956e+00,5.876960194957502104e+00,6.120254346020842284e+00,6.444196024430880243e+00,6.241488867199934454e+00,5.883555728450450495e+00,6.116314862209081937e+00,6.962202419589584856e+00,6.166566138724714818e+00,6.226341380574745621e+00,6.652625345221837350e+00,6.179361196187959315e+00,6.407543178887770807e+00,5.851274305868438219e+00,5.782507251266649995e+00,5.943739897244860515e+00,5.883680547611223055e+00,6.223987291582930403e+00,6.316306800979907266e+00,6.155528111540474967e+00,6.135034963276302378e+00,5.926448267634279787e+00,5.887147908060757828e+00,6.131711231629363823e+00
6.846379171652823281e-01,6.846506494741551041e-01,6.792015806950916224e-01,6.881650073405066736e-01,6.907762463274161879e-01,6.888022257542464333e-01,6.413435269897063140e-01,6.353087128617656010e-01,5.772530236686889138e-01,6.116455602835203509e-01,5.702361788644105811e-01,3.654473473751762569e-01,3.872102354841285843e-01,3.304011512000906148e-01,2.397804324878496096e-01,2.434701761747395665e-01,2.403387069692347611e-01,1.696526599845859795e-01,4.084650511213578361e-01,-1.004363733461165024e-02,2.769092418715607407e-01,4.810484885657372867e-01,5.470553159973003954e-01,3.172528978365858360e-03,1.509956134843013220e-01,2.681707124827242827e-01,3.199973159108074339e-01,3.789832708823667740e-01,4.449276413721109380e-01,5.475882124055364564e-01,6.307640091244939295e-01,5.821996875726017651e-01,4.280127479683897007e-02,2.494935273819380850e-01,2.860498082516901297e-01,4.644161602025110303e-01,6.130849473702291164e-01,7.386671896074787913e-01,7.985218508186809894e-01,8.425328474441337034e-01,9.339503843803315108e-01,9.133040332490547364e-01,9.921329926954862710e-01,9.586752432807894575e-01,1.083727974138235517e+00,1.107313775110014387e+00,6.539222237029429508e-01,6.121202568032910740e-01,6.579314660624142608e-01,6.110395561195572922e-01,6.009724363568784700e-01,6.773685061204004487e-01,7.035502722526200126e-01,5.767091063192607558e-01,5.431065581757859029e-01,4.514268617406618778e-01,3.898615175083965934e-01,2.796579854115127106e-01,1.974228173347830906e-01,1.314453738418860651e-01
6.493606222247492177e+00,6.598181005555311174e+00,6.386747092849189400e+00,6.538307859139442790e+00,6.632686524315877463e+00,6.500339533928108260e+00,6.557098707014247907e+00,6.359373996253922634e+00,6.403952414068072585e+00,6.419857072953395694e+00,6.416248784937104155e+00,6.541577097836461796e+00,6.361539833392210852e+00,6.527025425093443189e+00,6.414217643035250660e+00,6.550519770650526041e+00,6.516573920313581070e+00,6.500901979173803191e+00,6.768115360519859180e+00,6.665753535765797544e+00,6.647065034605716960e+00,6.467693991670061315e+00,6.433399269146782729e+00,6.457241176125376292e+00,6.422535533599051938e+00,6.574233829963509024e+00,6.610295714864686367e+00,6.566382124446382029e+00,6.468793967589710370e+00,6.464263590544817362e+00,6.546394211649820605e+00,6.837826336282439854e+00,6.947199076137464679e+00,7.049846490415972333e+00,6.985942446415205787e+00,6.744006460914792278e+00,6.692418636995824066e+00,6.841939634241871460e+00,6.743114894180073371e+00,6.939884001443589412e+00,6.770906138123567786e+00,6.777581006398614605e+00,6.710733222594291725e+00,6.645267095803064628e+00,6.644281220405498622e+00,6.701969323337101159e+00,6.748506106841044350e+00,6.886755405526166385e+00,6.874500572198781967e+00,6.921219543989279188e+00,7.098165504233882928e+00,7.396649393299624009e+00,8.015843284429962523e+00,8.028935100679273518e+00,7.291608726702693666e+00,7.029926686967270300e+00,6.934504546269616654e+00,6.838694169235979281e+00,6.649110362510370464e+00,6.712474683123037522e+00
2.792993806879353613e+00,3.147081269540665804e+00,3.002711548909887895e+00,2.330854482647952253e+00,1.946207404797373641e+00,2.956431507537840009e+00,3.010686135638145799e+00,3.178135530418200627e+00,2.842305468446396866e+00,3.150140626356109586e+00,2.723704498165220311e+00,1.099539056839781148e+00,3.567313251340801905e+00,3.200225632880448590e+00,2.923697353430203538e+00,3.816287221298277910e+00,3.169936487698634675e+00,1.816624952318928843e+00,2.483869928463196430e+00,3.255725727431523442e+00,3.294606503300939071e+00,2.945134315058007157e+00,3.935421288215736002e+00,3.000279166069820480e+00,1.638966683120828716e+00,2.304157468745028137e+00,2.833095510155220431e+00,2.831590207298106510e+00,2.396023271486817041e+00,2.199030553873742022e+00,2.482736488413928466e+00,2.571178063735185759e+00,2.396580977220531317e+00,2.484792176672921737e+00,2.641264758551861824e+00,2.775190626824250550e+00,1.792490885916305565e+00,2.088514247810711932e+00,1.613693972453775993e+00,2.419550499615021444e+00,3.418166330814219833e+00,2.832866446561951967e+00,3.000809865844734414e+00,2.832884670821795847e+00,2.195651621906966611e+00,1.944282162902359445e+00,1.611478161469169779e+00,2.706745663086460585e+00,2.851445844642896521e+00,2.641071250135797133e+00,2.707174673405035481e+00,3.090896604170782158e+00,2.409380689765077577e+00,2.302433267334774936e+00,1.945299034365402635e+00,2.081494778227881870e+00,2.650756768148958997e+00,2.773632337893741084e+00,3.090077533493394757e+00,2.568360615842230299e+00
3.045007486512976147e+00,2.484707896521538562e+00,2.708189236806952227e+00,2.484883881685378881e+00,2.832527953766574402e+00,3.043900567804553869e+00,3.045001381686166297e+00,2.197111934944682154e+00,2.768520039258921095e+00,2.639436560372820040e+00,2.943493145496824503e+00,2.832753158616708511e+00,2.565466143580224845e+00,3.044837380637460900e+00,2.833824335566728525e+00,2.997059502902452266e+00,2.994955194701455437e+00,3.134227855765460369e+00,3.259444203741855617e+00,3.137449012418719096e+00,3.043873699237471975e+00,2.565880440621786107e+00,2.834499537637822364e+00,2.839214084586429987e+00,2.772274935771928295e+00,2.889984999037053193e+00,3.087642187631189916e+00,2.637298192069374103e+00,2.639117455192132589e+00,2.944599942212191124e+00,2.943915023740152126e+00,2.995036785627411380e+00,2.996392359606372402e+00,3.218751368705192295e+00,2.774035485440388804e+00,3.089903927542796414e+00,2.708230159671471959e+00,2.994401702828966005e+00,2.397277976033219460e+00,3.087743481608678842e+00,2.570185620140041038e+00,3.257096147824904087e+00,3.135477604707066934e+00,3.293369884411416759e+00,3.092252117794779487e+00,2.995066145052331041e+00,3.400994534118502166e+00,3.257001655337733226e+00,3.085054203965288622e+00,2.945568487626943899e+00,3.132701847664881356e+00,3.174717741060129939e+00,2.398225452089666643e+00,2.079440166810478718e+00,2.303379633547317784e+00,2.480710114185432413e+00,3.392380951862602245e+00,3.663637186782184418e+00,3.090121675034863458e+00,3.178337065429061692e+00
8.248190411626282526e+00,7.929757177472760432e+00,7.701479184925814181e+00,7.936523627001929704e+00,7.748402571810558470e+00,7.321578594717348842e+00,7.161845785973214973e+00,7.603415086189929006e+00,7.361966312306750915e+00,7.248889716327505894e+00,7.131638212547964706e+00,7.218687019965007501e+00,6.997838743071181256e+00,6.966614344470963616e+00,6.924379247448300134e+00,6.749614802106566280e+00,6.742060808445658360e+00,6.941189231134876181e+00,6.996511651011071642e+00,6.697200371231649463e+00,6.674308703117106667e+00,6.675164801406742399e+00,6.660552494896798237e+00,6.740940441705368436e+00,6.868105982924848085e+00,6.957979443476870252e+00,7.417958741559217195e+00,6.776476662599037581e+00,6.637469426734826428e+00,6.593256883748326302e+00,6.560488988299798763e+00,6.719969339060808622e+00,6.876995998730683901e+00,6.643550565226540527e+00,6.788166051101731213e+00,7.051578890577469672e+00,7.138044192371414631e+00,6.798873993745051081e+00,7.024226564220438007e+00,7.167972503140294549e+00,6.885583017490318980e+00,6.718445391714501724e+00,6.924712121111207708e+00,6.605883560396144105e+00,6.539632066780587394e+00,6.662720541721444789e+00,6.751049355283516462e+00,6.903639415488300735e+00,6.649789942553976374e+00,6.565296228884226259e+00,6.600277772140027643e+00,6.424637340485865877e+00,6.699282206578641485e+00,6.876881637477445963e+00,7.398517465340962218e+00,6.776998725122403755e+00,6.675579275197765838e+00,6.650639734092083089e+00,6.573833670138522933e+00,6.516552528575210168e+00
6.298809134618791106e+00,6.396946623524383035e+00,6.222550391191435715e+00,6.331183771075169275e+00,6.296676606411896415e+00,6.212604265024150862e+00,6.328686116809731921e+00,6.196677604697169883e+00,6.261970192167041205e+00,6.202195124059693754e+00,6.131963907525621593e+00,6.272138203734483497e+00,6.219221291522608830e+00,6.305363152261127091e+00,6.383205879675096561e+00,6.177943650878268578e+00,6.239915743857703312e+00,6.709932782272908014e+00,6.721083634934115203e+00,6.387353358288335059e+00,6.322520432739717755e+00,7.047036862132501689e+00,6.327804123651511681e+00,6.382066200684113788e+00,6.397756417764281167e+00,6.395738250131279834e+00,6.271683277949723134e+00,6.498341665489362207e+00,6.441903754359154632e+00,6.457619599627387963e+00,6.265721928062396806e+00,6.233066058440809520e+00,6.351821403026228552e+00,6.448960039034386860e+00,6.438818270345070260e+00,6.379113836004905558e+00,6.400442802449370916e+00,6.424925529371668276e+00,6.432069803577645573e+00,6.477697776943574404e+00,6.529627224557448706e+00,6.461348787549484385e+00,6.581704734988296224e+00,6.445235934748013484e+00,6.429709472482529442e+00,6.266513512351834514e+00,6.387004314333251997e+00,6.510254206471157268e+00,6.343168373553008443e+00,6.520656095310757294e+00,6.437133792305234969e+00,6.282652753299328374e+00,6.235873987162608323e+00,6.321078702397653792e+00,6.434282911306825170e+00,6.292342161286887503e+00,6.353065258317093011e+00,6.380991011603189378e+00,6.368258866133816198e+00,6.344449286972760227e+00
5.614122799417924803e+00,5.745492879187100499e+00,5.847198311686171657e+00,5.785325250621791149e+00,5.801461152505143382e+00,5.851482243776104930e+00,5.854639241590155585e+00,5.720836129780169088e+00,5.882770305795681942e+00,5.752006349176016720e+00,5.579537544465373422e+00,5.828043943867366572e+00,5.769435433546635572e+00,5.829527608909581993e+00,5.901396306774159051e+00,6.003119492825427450e+00,5.742156436045387835e+00,5.732908055633973099e+00,5.710584099135996183e+00,5.852619155870010026e+00,5.762044346120430482e+00,5.842443632431245426e+00,5.838786676482479621e+00,5.759201495039062202e+00,5.921523957993171550e+00,6.363830780290737010e+00,5.902842588746296748e+00,5.893274392271361073e+00,5.924965635766184846e+00,5.968783139364626678e+00,5.881085399568533489e+00,5.930510091229467484e+00,5.957887342082639037e+00,5.944464802117667368e+00,6.036966628848777994e+00,6.002400242327510682e+00,5.967882198884077560e+00,5.882985075508310402e+00,5.690661926718465047e+00,6.009583013691011111e+00,6.001442168243826814e+00,5.947858011754465934e+00,5.921130643986578512e+00,5.889288152595211656e+00,5.787228202669105315e+00,5.776243120819415822e+00,5.810835350660833676e+00,5.998912130052950431e+00,6.062579372505796371e+00,5.897520978048488516e+00,6.034560046314522808e+00,5.846946480398794499e+00,6.140521979584693035e+00,6.321909132537808951e+00,6.021379814825165155e+00,5.894094474274393924e+00,5.762281815367447990e+00,5.931771613711950053e+00,6.073891392826749502e+00,6.405875591542453229e+00
5.729858855129146278e+00,5.748961987511790106e+00,5.776688279583745533e+00,5.886763694145160208e+00,5.837631701348894531e+00,6.079422333335742223e+00,6.298176790348466447e+00,7.771053852973498266e+00,7.064498839820569920e+00,6.459544952078700497e+00,6.265386946067026841e+00,6.225566720443255875e+00,6.326318309851310495e+00,6.315097607275451885e+00,6.501543030902540821e+00,6.500989314099708594e+00,6.391228366569190023e+00,6.006504606368971544e+00,7.065926333102229506e+00,7.274690968308539674e+00,6.776568776379389369e+00,6.757077730426887641e+00,6.587815617338970142e+00,6.522336664279946739e+00,6.351694489649733377e+00,7.103427756139394589e+00,7.354369074771746284e+00,6.831667865657878203e+00,6.546255876048010514e+00,6.847802951852605347e+00,6.902277031179315792e+00,6.329914517561216591e+00,6.350652764762029889e+00,6.651262417471306421e+00,6.375423987419800653e+00,6.167715332258958405e+00,6.342381665795348233e+00,6.093734151250028042e+00,5.830988915102765624e+00,6.175459121905859661e+00,6.179870679476374029e+00,6.157373719751967123e+00,6.033834615470519580e+00,5.807493158796643407e+00,5.462518529263184597e+00,5.149418352125282539e+00,5.285529593138266868e+00,5.585341546968462190e+00,5.638844915908041600e+00,5.371107526749397287e+00,5.378595817834152193e+00,5.192009505478386799e+00,4.698988418690931645e+00,4.709342426592064257e+00,5.224278523298677257e+00,5.347958624973084163e+00,5.484369853151447316e+00,5.336176539904601057e+00,5.331300579633188264e+00,5.141050426282677499e+00
6.350749309269622778e+00,6.268793432523642295e+00,6.186843122684710927e+00,6.088712442708860806e+00,6.176077245296247575e+00,6.407933001207404722e+00,6.191303528607415174e+00,6.164919335346722207e+00,6.236735054688423041e+00,6.191583468733383278e+00,6.100139575505552081e+00,6.110081078766308238e+00,6.343387832516556024e+00,6.491089544231175346e+00,6.358689666841366162e+00,6.241492914437974271e+00,6.141674355040732891e+00,6.121809859830158018e+00,6.311272451587847776e+00,6.240182591200563955e+00,6.048352915239187055e+00,6.146098559484628687e+00,6.261610628812939616e+00,6.126048982561888678e+00,5.975079392102259135e+00,6.080622581326821319e+00,6.218691811854645479e+00,6.604178476118047314e+00,6.410901794479862303e+00,6.480634525233325505e+00,6.312693887089779743e+00,6.309727423186735074e+00,6.386582724172829906e+00,6.520968222330512098e+00,6.527684253609999487e+00,6.662648908104798373e+00,6.589023983920049510e+00,6.439017323528679171e+00,6.322373330169621219e+00,6.451320897397916809e+00,6.590495252196794773e+00,6.473290536470028833e+00,6.541735077443974866e+00,6.462643869528986507e+00,6.465561246656431393e+00,6.493628665861661098e+00,6.442178249526882894e+00,6.493818723156716821e+00,6.457789437617365458e+00,6.490662444296014577e+00,6.331359594442768746e+00,6.445419055543361253e+00,6.257199129421941564e+00,6.277440354849828097e+00,6.579808163263076715e+00,6.417647592749671226e+00,6.336240184865634006e+00,6.333592785899537780e+00,6.151456133462016140e+00,5.980031687456031975e+00
2.197220439489422361e+00,3.295762817328008243e+00,2.897165357888232595e+00,2.706667106157540914e+00,2.774519698189057415e+00,2.562340417156012240e+00,2.890874980795690163e+00,3.176890773604204465e+00,2.198375839965151179e+00,2.767094031257655740e+00,2.992099894067909549e+00,2.889559892978453615e+00,1.946024912101317339e+00,3.580398895342769894e+00,3.089737003727201614e+00,3.106709170438640921e+00,3.734850015953287361e+00,2.202650277451648986e+00,2.718341107695107617e+00,3.769206184825553141e+00,2.584593058975635405e+00,3.410297196637926742e+00,3.258459074997634541e+00,3.292398183802731637e+00,3.891178234739783193e+00,5.527953511708633805e+00,4.082209954985216882e+00,2.493540065681076889e+00,2.489234335393527342e+00,2.782065525481135282e+00,3.172710452580473905e+00,2.790436424196250709e+00,3.763186443234779688e+00,2.095015447306130429e+00,2.706955937317367056e+00,2.307468065900986076e+00,2.575777558190655459e+00,2.117767536621820934e+00,2.324311707601044219e+00,2.838199987139031766e+00,2.076551285811939263e+00,2.789852002804885878e+00,2.896163562116312651e+00,3.343893504690806040e+00,5.063745897095857984e+00,5.295217277852098725e+00,6.304003866028107694e+00,7.520306281918060165e+00,7.721575824387149289e+00,7.655243463776209012e+00,7.330113882861165386e+00,7.294862185897383888e+00,7.219856666049270899e+00,6.965900958784268404e+00,7.029882225291596676e+00,6.965908768912550286e+00,6.841312292623244140e+00,7.142733783158827343e+00,6.717389790580027054e+00,6.780324467265749888e+00
-1.804198465162235249e-03,-5.702085335061328475e-03,-3.891725786997147531e-03,-9.356003726104273818e-03,6.915295209886721528e-01,3.903410561013661573e-01,1.956255979828298418e-03,6.950677814535881627e-01,6.740836320474110840e-03,1.389944895666409041e-03,6.703997470738937148e-03,1.361701609356222656e-02,6.582177935690536157e-03,1.803708329605909974e-02,-8.529231727224933233e-04,3.257887419079193159e-02,2.746707523582743796e-02,3.496982416663655443e-03,2.326344524817206341e-02,1.102646188100833369e+00,4.311437111811066564e-02,3.382708489192440271e-02,1.973979610296841894e-02,1.635321993532703674e-02,5.487900566874212571e-02,3.907621044515930397e-01,6.728293023209390711e-01,3.867893993180547274e-01,6.391693058342691469e-02,5.127244227520379172e-02,4.053781139118908805e-02,7.125831490870364326e-02,2.271068989838330443e-02,8.243114732698411662e-02,2.856580834252378520e-01,4.610509367550585935e-01,6.772979848298856798e-01,7.577693022897694086e-02,6.636985534314895907e-02,7.518846210315174861e-02,6.718601007450429596e-02,2.696197499340774115e-02,2.942317075488513900e-02,5.024598191201700564e-02,1.119039475595163813e-01,6.304812458464374714e-02,5.968288026547409197e-01,6.354829270772451855e-01,5.419580790104516765e-01,4.122686772189542159e-01,2.180970655987879980e-01,7.159649902355449957e-02,6.308265883454090839e-02,9.542043025095035477e-03,4.523434155632027193e-02,5.485192245310377412e-02,1.092656600561513203e-02,2.163854437961414481e-02,9.022297057229930473e-02,2.700322955936673708e-02
9.450584481955802474e+00,9.637946459339769234e+00,9.702871826944763356e+00,9.640007440514800408e+00,9.459407457131021602e+00,9.418214481079791867e+00,9.395480995744037500e+00,9.584486644967512348e+00,9.315708127340736056e+00,9.228388320582677551e+00,9.287736756852535080e+00,9.297914535744649100e+00,9.267824931772123520e+00,9.178569456459149123e+00,9.216068903439511573e+00,9.156143738651755015e+00,9.135295533292854486e+00,9.160029582527725367e+00,9.315796906566429669e+00,9.401438446749017075e+00,9.216455108659536322e+00,9.120709024194363579e+00,9.091019685944331741e+00,8.985428159283816996e+00,9.189708694383423193e+00,9.347401776654345795e+00,9.199713583833506902e+00,9.128279337040440922e+00,9.113637975484380149e+00,9.030800879822765026e+00,9.114649953240633096e+00,9.112817277247570402e+00,9.183115738754278112e+00,9.191015722979695823e+00,9.129020526895926579e+00,9.065998466698832914e+00,9.082060145181216626e+00,9.073242504707636158e+00,9.021574620627736962e+00,9.176327134202228564e+00,9.107967146402485170e+00,9.137480074989229095e+00,9.105269020856365358e+00,9.101454016391231860e+00,9.057295784537721772e+00,9.150089034703290380e+00,9.187315352508194977e+00,9.223458684041331068e+00,9.084111683603275367e+00,9.076578178584393086e+00,9.023610028968695573e+00,9.045452772009491937e+00,9.104503348402220197e+00,8.984873215356884657e+00,9.238787386844094840e+00,9.400906734031135414e+00,9.350693291139796415e+00,9.356230853773100264e+00,9.203662653363403834e+00,9.339784203395804951e+00
8.754960333510853482e-03,-1.580689003956660659e-03,-1.405994607740808366e-02,-1.989623926326465880e-03,1.546596000993107241e-02,8.091378037466850914e-02,3.579982899609970067e-03,4.914648628446655586e-03,1.433482660387334255e-03,-1.422864118761758920e-03,4.441298978122298208e-03,3.212721286894575090e-02,1.874147383359939592e-02,7.427682868881553269e+00,4.155675548817998610e+00,3.277210610625085341e+00,2.713161113198621077e+00,2.411874020230106108e+00,2.583579067550672903e+00,2.343363163287649265e+00,2.067291156991528656e+00,1.587926903264814893e+00,2.395317193612317208e+00,1.099805466296005729e+00,1.373699551170512123e+00,1.108317142248462339e+00,1.406674709484954100e+00,1.592911915275129431e+00,1.045730093055723842e+00,1.884297112999064883e+00,2.318174089188165254e+00,1.901126448707881833e+00,1.523785948006765478e+00,6.881495609457812801e-01,6.621867187541088384e-01,6.969033344408545050e-01,6.371352040939350925e-01,6.894165469072108809e-01,1.804154829257843984e+00,6.906792949024318506e-01,8.222726066732190600e-03,1.795680597425916902e+00,1.660391257246270014e+00,1.556484794675360162e+00,1.401651910434947634e+00,9.252832914140748377e-01,5.485515265553159853e-02,6.317573286972723023e-01,1.055159780540665615e+00,1.078963416534035158e+00,6.597315540414057100e-01,1.098497039825366839e+00,6.821867678162981674e-01,8.604925229529301889e-02,6.230469700051999293e-02,4.270421566420896931e-02,9.676343447036483969e-02,6.274975168230384481e-01,1.060823173267368080e+00,1.031324292774315809e+00
6.735487669202798067e+00,6.726543486176672637e+00,7.096684556487024231e+00,6.798022672324023574e+00,6.913936802924896874e+00,6.945591582074138515e+00,6.899099311388734890e+00,6.857133220151412800e+00,6.837890883548214838e+00,6.888673315329353564e+00,6.688089058063432901e+00,6.962073980289048336e+00,6.948646955645986445e+00,7.048564278159259899e+00,7.041181304990138834e+00,7.278782881873107513e+00,6.896380727443916392e+00,6.622040205260800505e+00,6.950880195201052381e+00,6.987083867902430079e+00,6.926351017833686008e+00,7.019597412851121376e+00,7.009070852488620496e+00,6.928420382316226700e+00,6.770801723894707358e+00,7.094256326098545173e+00,6.974129769797865031e+00,7.049181770025363392e+00,6.907698128696584838e+00,6.887178570829820323e+00,6.802359756962670367e+00,6.723890613905831870e+00,7.085728657073653736e+00,6.981522239721376977e+00,7.028171283921255785e+00,7.003907989497302644e+00,7.009335904798274619e+00,6.876646729074031406e+00,6.779277899795618012e+00,7.033301258241235310e+00,7.084464022969952701e+00,6.997810407105839126e+00,6.985767289621966469e+00,7.018333400356214113e+00,7.206340647077392525e+00,6.660236019886098369e+00,7.013973073418246607e+00,7.006063100079312100e+00,6.942217116678000011e+00,6.973433657761142435e+00,6.983645332866441180e+00,7.535996798109182215e+00,6.668126433526980534e+00,6.827818010207200139e+00,6.676559134985076582e+00,6.563778064962276559e+00,6.601978553890528900e+00,6.418970953567597171e+00,6.289288566370314193e+00,5.868585636468506728e+00
5.024773609984155343e+00,5.408504075730416361e+00,5.308486239763094083e+00,5.099465875441240748e+00,5.262620434736196451e+00,5.075591302257778104e+00,5.167210593282966613e+00,5.390323057857132838e+00,5.164532214632172824e+00,5.354708403436521991e+00,5.069473413848546883e+00,5.138673758700790906e+00,4.819346869344313333e+00,5.178649159759253884e+00,4.884772241433618767e+00,5.297340048886892028e+00,4.957273114658867996e+00,4.911787552620372921e+00,5.833565719965516649e+00,5.652765948396913487e+00,5.280895338912419135e+00,4.948316919778049439e+00,5.230388452903711460e+00,5.363393676214561978e+00,5.267753626223946384e+00,5.794418890613043160e+00,5.308388347624299008e+00,5.579483244625890848e+00,5.015957190179621605e+00,5.209666253928483037e+00,5.685360350189502476e+00,5.292907719532860433e+00,5.575007609668367614e+00,6.905794535398156242e+00,7.600550557939464547e+00,6.093826619539501444e+00,5.527192224511453311e+00,5.178141607257248147e+00,5.486383422017392597e+00,5.492798905976316703e+00,5.610972787416863561e+00,5.539181345154021940e+00,5.010042249997698427e+00,4.917698777337602856e+00,4.714845199482573079e+00,4.642025304914293216e+00,4.568901709889297891e+00,5.312002860305316432e+00,4.842196584759307143e+00,4.897594847384117323e+00,5.073824838241395518e+00,4.654995693650692878e+00,5.244438022736973792e+00,5.124633268178282464e+00,4.807293216512420919e+00,4.814525824103286666e+00,4.672060372970715747e+00,4.645823387405246585e+00,4.964847929147273575e+00,5.084458755942643293e+00
3.712628224237505492e+00,3.582879800710638829e+00,3.737635739628382137e+00,3.332336416804306367e+00,3.736266003618820442e+00,3.691465684011628667e+00,3.808479463974848045e+00,3.526042272249835907e+00,3.525756035546669942e+00,3.761205305153967338e+00,3.525549951798977233e+00,3.255722962796147701e+00,3.850063446079845519e+00,3.583384661036500773e+00,4.174429792295932806e+00,3.664463665576750628e+00,3.714207751774256661e+00,3.590806617081128582e+00,3.639763819663190958e+00,3.934915055159825759e+00,4.144141263073055192e+00,3.610525046029863905e+00,3.805864088697791914e+00,3.738279073343231840e+00,3.403263517554517392e+00,3.784197305224463737e+00,3.663335556151460004e+00,3.638532018362321985e+00,3.611916745026295672e+00,3.527895002778425937e+00,3.688910752310762486e+00,3.612974262395519887e+00,3.331165674611194838e+00,4.219202720070394541e+00,3.716264019208067815e+00,3.609396245096442080e+00,3.496138787942263182e+00,3.296022602271363233e+00,3.089835612045053637e+00,3.690438493356333449e+00,3.950620541338513370e+00,3.465661818726199606e+00,3.091747365415223658e+00,3.806389285547914447e+00,3.688262305460631829e+00,3.366626919594461143e+00,3.260536074205096391e+00,3.638801396165549651e+00,4.353692707447006427e+00,4.060558404015147005e+00,3.258804137201357420e+00,3.721350486280784686e+00,3.369808646392676632e+00,3.462102126886755116e+00,3.477109846607223886e+00,3.415332163925471232e+00,3.908139593106849219e+00,3.641985118458770376e+00,3.218058728644270339e+00,4.061224541043212177e+00
6.199852262936766500e+00,6.274620714496494500e+00,6.059953888018672075e+00,6.119046909646472798e+00,6.309803305057469558e+00,6.178423657329195962e+00,6.017534546562241182e+00,6.136327886112387553e+00,6.258233755595745684e+00,6.119905025494487560e+00,5.890244732276309847e+00,6.167925493514429647e+00,6.133089708672640583e+00,6.304482746266886650e+00,6.238804893575180976e+00,6.183525056247680673e+00,6.179518574676942322e+00,5.941001973510933176e+00,6.293520729759923604e+00,6.042423172814007870e+00,6.201563231203348181e+00,6.198451274750303774e+00,6.128163783922520480e+00,6.014516049961041944e+00,5.912546773886981910e+00,6.079134995436732858e+00,6.040273354703128206e+00,6.039643143166241401e+00,6.078137344042499279e+00,6.080255287075861936e+00,5.979275915291850652e+00,6.140732711014216250e+00,6.155971683912387249e+00,6.110384454915419816e+00,6.098634768460760469e+00,6.102033316396352269e+00,6.075643982960561296e+00,6.041668568842826659e+00,5.979236036717638036e+00,6.134294311015064061e+00,6.196632334673766174e+00,6.169433943412850674e+00,6.350171087946945292e+00,6.197697183281008826e+00,5.928213588169105819e+00,5.853147886782986475e+00,5.951213510860092093e+00,5.997045436040893129e+00,5.991176092717036994e+00,5.846051861869605126e+00,5.844613849673276462e+00,5.820657735216360429e+00,5.802767600182630048e+00,5.726519374738153978e+00,5.798712383215109512e+00,5.877253989367787312e+00,6.019673643871827018e+00,5.890304519885073198e+00,5.849200859477635461e+00,5.748759675413599446e+00
5.992753852232826084e+00,6.109968537518601472e+00,5.981973120342781947e+00,6.345127999671427155e+00,6.357044667080553602e+00,6.094085578828535077e+00,5.865096573367943655e+00,5.784287811309080318e+00,5.866082073451503121e+00,5.954872742920037432e+00,6.290643696582298716e+00,6.202496921783781758e+00,5.971761168206012549e+00,5.910084045251241314e+00,6.032086246385227390e+00,6.025988518130334093e+00,6.059061893029005219e+00,6.584765800809973868e+00,6.276298142749031861e+00,7.013169278700274845e+00,6.386182797596023697e+00,6.681235667187938709e+00,6.326996075355650895e+00,6.355332677574818234e+00,6.408832287061264843e+00,6.235651367500882003e+00,6.131944426485540056e+00,6.155978008627552178e+00,6.313888743834652040e+00,6.392827956926186772e+00,6.205252704931441876e+00,6.212501790516490985e+00,6.452474124947784162e+00,6.163356920636189784e+00,6.017226823575176020e+00,7.215056343774618242e+00,6.202272193850354221e+00,6.087048392451023915e+00,6.108513333776513399e+00,6.212030184162951940e+00,5.968232511640976234e+00,6.059510030411141557e+00,8.118349433317211705e+00,6.612113682644662482e+00,6.566961114042180192e+00,6.513601035098752767e+00,6.304943660148254914e+00,6.159655380001797020e+00,6.130091829077419341e+00,6.073014216101784157e+00,6.097313180057228443e+00,6.463756155766217759e+00,6.213197983734206176e+00,6.312130449185797687e+00,6.218694227685406695e+00,6.788136257724853628e+00,6.109052584237744554e+00,6.309647622615954354e+00,6.237659110367952842e+00,6.601775462406301642e+00
5.213313566752140638e+00,5.050405837984954793e+00,4.949702861919603514e+00,5.504449571935036367e+00,5.256891815655771794e+00,5.212964281034226488e+00,5.496544635768401577e+00,4.996932922281775546e+00,4.948809640361298001e+00,4.718849345572666110e+00,5.352978090667312117e+00,5.029741247164844609e+00,5.186782567759468776e+00,4.934669339331535731e+00,5.028555724126717585e+00,4.925749974841623136e+00,4.858539596136524530e+00,4.796799518409509133e+00,5.060355992422249649e+00,5.207818319743966917e+00,5.869769559631058620e+00,5.758098983015529804e+00,5.167174494290018849e+00,5.474784391284940988e+00,5.641156317919126195e+00,5.411368636091222761e+00,5.715739139470445984e+00,5.497983142026400039e+00,5.229300660777645327e+00,5.402263545403394929e+00,5.404041897859380938e+00,5.533037885195499328e+00,5.612847674299250578e+00,5.419689450687224408e+00,5.346750527929182262e+00,5.528638301338189898e+00,5.338800016899540424e+00,5.431215003589326962e+00,5.851083770336731327e+00,5.817165912759048929e+00,5.824853958972793677e+00,5.673041032426871411e+00,5.654419637052207293e+00,5.558993014537454869e+00,5.604318286262351734e+00,6.641779596015718212e+00,7.625375504565958806e+00,7.461454519595389634e+00,6.927841738246408809e+00,7.200207746198047154e+00,7.355720150324454920e+00,6.932898762387657676e+00,6.777586755972112798e+00,6.607095470682081029e+00,6.601812374195681343e+00,6.763540989772010015e+00,6.503623807940629220e+00,6.788105897983531811e+00,6.735478152669621466e+00,6.471191517805354287e+00
6.282084976062502157e+00,6.278528102870692074e+00,6.765870047594467529e+00,6.471653898164301033e+00,6.910966911366481114e+00,6.304589672498821962e+00,6.266426032829000903e+00,6.082964601159877915e+00,6.302197980289717449e+00,6.376832155068124841e+00,6.430665072542686822e+00,6.378393181390636713e+00,6.079679861629817772e+00,6.199383630899266251e+00,6.189663075743947473e+00,6.445769448362360876e+00,6.109768386006889429e+00,6.385752732042502267e+00,6.338336961019139792e+00,6.170124355202590394e+00,6.030360386200337430e+00,5.978647743096929368e+00,6.123575135417078208e+00,6.118695762684481565e+00,6.537205767585517968e+00,6.504535262240156435e+00,5.973587972892193676e+00,6.034249218349745369e+00,6.000365484348883172e+00,5.933646282321141108e+00,6.068058287096786074e+00,6.174869607396240134e+00,6.282885088802018458e+00,5.976677797600429720e+00,6.036490810343507540e+00,6.111859730599782381e+00,6.959614478660379966e+00,6.164551889859388289e+00,6.401531909433469281e+00,6.455636800595974556e+00,6.018572341265897130e+00,6.211981510252393868e+00,6.321702923877333902e+00,6.412824908639636945e+00,6.290505944291155060e+00,6.368623000911304288e+00,6.447317099800885742e+00,6.493280327961265641e+00,6.144772608422279347e+00,6.100133815166536522e+00,5.965131411863096922e+00,6.057484818488425127e+00,6.155698705463380271e+00,7.803342700118284903e+00,6.275579774900432284e+00,6.144904511814401005e+00,6.080026723479651451e+00,6.052798463563618725e+00,6.229190283703275099e+00,6.593203559535830038e+00
6.623909130647245291e+00,7.538367980054202278e+00,6.709748549590342392e+00,6.171813145883990437e+00,6.037302575086463285e+00,6.465301119272027108e+00,7.070179868697100467e+00,6.987177470306793481e+00,6.609043360591660310e+00,6.179241833496897485e+00,6.069116720451459557e+00,5.998194401596498970e+00,5.863183194894294736e+00,5.860725801862559869e+00,5.738388530708791180e+00,5.624931186979616804e+00,5.630146461084601484e+00,5.581911257627099054e+00,5.714234383758808988e+00,5.505831484815986165e+00,5.297372346955442346e+00,5.198198294149064758e+00,5.223303397432644601e+00,5.273612083079492585e+00,5.440779676984744739e+00,5.379330911921963221e+00,5.229544390881370575e+00,5.144339265553226070e+00,5.326534149325381939e+00,6.462100296863382276e+00,5.255603390003395603e+00,5.125700889777206726e+00,5.123274467608504246e+00,5.259357959031748742e+00,5.291395985427546300e+00,5.283305821241060407e+00,5.287311023217220907e+00,4.852659206039142248e+00,5.273652640183087215e+00,5.755004015218275981e+00,5.433582100465963904e+00,5.236086686658699918e+00,5.184011692366608415e+00,5.087088312821046010e+00,4.919630964536007234e+00,4.941779085289349283e+00,5.033050615249681670e+00,5.329504838307363990e+00,5.453216678341381574e+00,5.282021217013351588e+00,5.576318123432496776e+00,5.493292192382445371e+00,5.049689181209512157e+00,5.658939478920562038e+00,5.481350503190439483e+00,5.438316916697941927e+00,5.641815072146449950e+00,5.591660466288750797e+00,6.651973116804192898e+00,5.359803347120096539e+00
2.832951277348042751e+00,2.889719834125409559e+00,2.564840406805763529e+00,2.707656824927597849e+00,2.995583953871573168e+00,3.091713966234287625e+00,2.080011635418934191e+00,3.091411785643769949e+00,2.831539124910010585e+00,2.197486827505536588e+00,2.484927282621430145e+00,2.302825967529372075e+00,2.833368987212514067e+00,2.486245399501084474e+00,2.995329865762283994e+00,3.044947039067642969e+00,2.888582870806998049e+00,2.833083149055684480e+00,2.833501107509064809e+00,2.944822227569760198e+00,2.891115651721028357e+00,2.945214987990292244e+00,3.213421691702369021e+00,2.944434149030483283e+00,2.485352742217831867e+00,2.772109101019972766e+00,3.257780644001551540e+00,2.567242437456004112e+00,2.638609374351630343e+00,2.566318567834829256e+00,2.397324727049246818e+00,2.302881458447159968e+00,2.304349351737136509e+00,2.772014305078658314e+00,2.485304230153437821e+00,2.772222238682706674e+00,2.833506765253080317e+00,2.566302881562846583e+00,2.834895346617159362e+00,2.565466939380215639e+00,2.942666470317940153e+00,2.772230256081644306e+00,2.707793278272067283e+00,2.483630970246287983e+00,2.081013484156728488e+00,2.638953304469319860e+00,2.833985569413729255e+00,2.996610517780462501e+00,2.638869985098567739e+00,2.712505569287333440e+00,2.398576366233832857e+00,2.772745303878531242e+00,2.995777196041629953e+00,2.939313025612142027e+00,2.557447695408679778e+00,2.483956521045233234e+00,2.944171980863860671e+00,2.707326307834440282e+00,2.994947681688630681e+00,3.512453604502632665e+00
6.688252106955987486e+00,7.081132915640289127e+00,7.300089488037059482e+00,6.681926009959355817e+00,7.110937253197745278e+00,7.438288744059223134e+00,7.803787579965307586e+00,7.780967184635429135e+00,7.742524537621467751e+00,7.589887485894791119e+00,6.935641164233453893e+00,7.268323640507751371e+00,7.571464491228526938e+00,7.736374915539118824e+00,7.773798036555212398e+00,7.735906186697397935e+00,7.328526297597718120e+00,6.565102798104425652e+00,6.543145924913766898e+00,7.290048303864117507e+00,7.685312980175126540e+00,7.867261500544498354e+00,7.749752101559348461e+00,6.920069589932928089e+00,6.918992358773812690e+00,7.373176626121199284e+00,7.641802965216064614e+00,7.790403077374771890e+00,7.903775302558123883e+00,7.787578302731931856e+00,7.532354288746231141e+00,6.617678039428378511e+00,7.133171863091642528e+00,7.449019675976347621e+00,7.480208331122748966e+00,7.521032613947399526e+00,7.440692847843113356e+00,6.947183108064532320e+00,6.257796112790339649e+00,6.479537361427595066e+00,6.840197659984420753e+00,6.949253067795496008e+00,6.959471552592921384e+00,6.630777801456503973e+00,5.951903743166172767e+00,5.378109059537884207e+00,5.665140897813646603e+00,5.784335168590392762e+00,5.571061843841277117e+00,5.640338517039671373e+00,5.141103635991006726e+00,5.143816903132087504e+00,4.967076932468196482e+00,4.988033215052386282e+00,5.132900404162737296e+00,5.111483230817259305e+00,5.526684156568664186e+00,5.503823975886101394e+00,5.572333069880195389e+00,5.370103397143427770e+00
3.737496813059396850e+00,3.931706838980843610e+00,3.501642043988528297e+00,2.995077545058040691e+00,2.890771176910076345e+00,3.465660476117517597e+00,2.772915924094455420e+00,3.466392912268577486e+00,3.330543030565586538e+00,3.242328742280698339e+00,3.465507702279548852e+00,2.397300177830724799e+00,3.494902002207635583e+00,3.089697396445912236e+00,3.783451665018489951e+00,2.773093490287233731e+00,3.090837015547782674e+00,2.637007135541470149e+00,3.329131812320849981e+00,2.832271221672537642e+00,2.996210472910754596e+00,2.640394383281889912e+00,2.945096691539585976e+00,2.708902178222220236e+00,3.217046902303964728e+00,2.080059416284944174e+00,2.832936070579813226e+00,2.303598400166305460e+00,3.464872794876428408e+00,3.043179631259881557e+00,2.891167595281531888e+00,2.566008888772344676e+00,2.772044913972415703e+00,2.833167485925319085e+00,3.493768200354798736e+00,3.217913162151346818e+00,2.772781141765995105e+00,3.401325150481862458e+00,3.182243539540168253e+00,2.398940776123021479e+00,2.303929610722001531e+00,2.398343182458489764e+00,2.483199967247362139e+00,1.795384364457109694e+00,2.890101075895731952e+00,2.080949722843237204e+00,1.610494910615895003e+00,2.398867074834983182e+00,1.944530907231707184e+00,1.948455600512772001e+00,2.079015647843533099e+00,2.995859454291471380e+00,1.948556254420878320e+00,2.081383913527897089e+00,2.944256675318637217e+00,2.942080827257581799e+00,3.087950419574767125e+00,2.943806302463279234e+00,3.218955557514337151e+00,2.892455285374519569e+00
7.730030875526352041e+00,7.750423619997992120e+00,7.637570457343239028e+00,7.354559462342148635e+00,7.478039087444596333e+00,7.853381241557835679e+00,7.857498482440977483e+00,7.906583648865970204e+00,7.887707846213947604e+00,7.696709446013313638e+00,7.404408130681855660e+00,7.388292566875229284e+00,7.721204244602176026e+00,7.908178741800139910e+00,7.893916882076180030e+00,7.892540370967903840e+00,7.657140889848277787e+00,7.288496110510829240e+00,7.370881576151790959e+00,7.764531111323904611e+00,7.772049715226581057e+00,7.795627261931523222e+00,7.758355013151474466e+00,7.589018914819551931e+00,7.205467241917229870e+00,7.430892365854357529e+00,7.635346773422882372e+00,7.694358924605364081e+00,7.649760141696292592e+00,7.598854726377401114e+00,7.401872584399002974e+00,7.055565715118773618e+00,7.165994106166757582e+00,7.520551081495848500e+00,7.580641867019915381e+00,7.534019886901095475e+00,7.570954010330313011e+00,7.312898347689716694e+00,7.008232017871558917e+00,6.992756535203944246e+00,7.346739295270095838e+00,7.426998046346932725e+00,7.445358924720657967e+00,7.336047607484919020e+00,7.068876080002766571e+00,7.006429514879809695e+00,6.685147269808592085e+00,6.934790019001119354e+00,6.844858716934878018e+00,6.805575684157149752e+00,6.529737306416468989e+00,6.326678721404345396e+00,5.846332427491215178e+00,5.656755162128066061e+00,6.219083452117659228e+00,6.609885888937562015e+00,6.462653983858620776e+00,6.326845978266890214e+00,6.316644767092350676e+00,6.009186994395538051e+00
1.957376096182649405e+00,1.803797480401424513e+00,1.103574957247138055e+00,1.807757050671851218e+00,2.493151170190706978e+00,2.578317953614007507e+00,1.793393836943662167e+00,1.609848608211054355e+00,2.197827970285219035e+00,1.945154886594383736e+00,2.077792786552435711e+00,2.205284957425429848e+00,1.609793672258343689e+00,2.407761553210203687e+00,1.799962285987626975e+00,3.137914328206010683e+00,2.297684534964357983e+00,1.390297918798474752e+00,1.945937482528813600e+00,1.945861827322519444e+00,2.080334746128154055e+00,1.790732604270689032e+00,2.078576923785559138e+00,2.395955080018223438e+00,2.563530678463648016e+00,1.609695375419231578e+00,1.792121496685555204e+00,2.080331138361742660e+00,1.386598276315488709e+00,1.942470554772790514e+00,1.790668189661393850e+00,1.605935101468067616e+00,2.833032639991814428e+00,2.301914698197891074e+00,2.705502527131466994e+00,1.609985088206927761e+00,2.892119699621514162e+00,3.133898634474900025e+00,1.790597768204713169e+00,2.303258681388757445e+00,1.940669141702362266e+00,3.294091668699348219e+00,2.303229843946883015e+00,2.078957989736074818e+00,2.770796215380507466e+00,2.197499068583170789e+00,2.485704173922353100e+00,3.168338063605751209e+00,2.938088616536849162e+00,2.392470081492308331e+00,2.706780693375275604e+00,2.399297411174714956e+00,1.789758880392064544e+00,2.485824828841022072e+00,2.195665773669207788e+00,1.941085012967475487e+00,1.379781480093616564e+00,1.937454262142920713e+00,1.096927483183330887e+00,1.608875751839698776e+00
6.311419717096127258e+00,6.324227594656903761e+00,6.380136060066543102e+00,6.325279548908052440e+00,6.285030520729757875e+00,6.070490907815429438e+00,9.399037767972741264e+00,9.871549925651120105e+00,9.790657918630650158e+00,1.003667618240959314e+01,9.648537268158085212e+00,9.658560055785462950e+00,9.480116239950904244e+00,9.387908559872844450e+00,9.340190083759180695e+00,9.223355070135493605e+00,8.977093545656511964e+00,8.957871153980770274e+00,9.034327051471208847e+00,9.050401633194116613e+00,9.562801262775085576e+00,9.417129350347869021e+00,9.244553264432767037e+00,9.060775293990506185e+00,8.835193950304249810e+00,8.926229274504811073e+00,8.875967367523532658e+00,8.689457363878998919e+00,8.432133747117630307e+00,8.416750862481878315e+00,8.526358804760022281e+00,8.284731620764572924e+00,8.442141675243677312e+00,8.228667571161249583e+00,8.138746917996092733e+00,8.056022714024994258e+00,8.058105542735171767e+00,7.994545340899785302e+00,7.911270811368849465e+00,7.981778509717744718e+00,7.916623788509115300e+00,7.869703180498096806e+00,7.862199565692943537e+00,7.819788762050008835e+00,7.867602017627937094e+00,7.695048009993688432e+00,7.779508917578677796e+00,7.690319369850226572e+00,7.661679350653009202e+00,7.690440825418122017e+00,7.605595090309350326e+00,7.518660033861034542e+00,7.426732418487040022e+00,7.454790109446320479e+00,7.553205396007686367e+00,7.547251961420507804e+00,7.496409253410652340e+00,7.609562092064875216e+00,8.525314510580908944e+00,8.130590822790050964e+00
3.527193476691405483e+00,3.434929077921878182e+00,3.331131515376918095e+00,3.493120741428704434e+00,4.649605438699479620e+00,3.434625998547445658e+00,3.295771253516348143e+00,2.775474939142374531e+00,3.092272019732407173e+00,2.198752995796880327e+00,3.177057245160823218e+00,2.707813940737427760e+00,3.219257593660511230e+00,2.994979317094337734e+00,3.177911294656550645e+00,2.636664532938533867e+00,2.709226242244063165e+00,3.043524467429073788e+00,2.706901623503437104e+00,2.944147371502691346e+00,3.364963245153219873e+00,2.706593016475830282e+00,3.261260658383577482e+00,2.708059241782896365e+00,2.566093213447423249e+00,2.890620978861227375e+00,3.524579357213954545e+00,3.134687896547433628e+00,3.333239301191258441e+00,3.434976510074750689e+00,3.464261303074021026e+00,2.944787340380464968e+00,3.687942461821420270e+00,4.404559721692359986e+00,3.870970558853177756e+00,3.871661039028915230e+00,3.636269464983886035e+00,3.712104199362931567e+00,3.465421299748544293e+00,3.330511099566132671e+00,4.218770076597410323e+00,3.760831355260454867e+00,3.257765641214575680e+00,3.733769763828292731e+00,3.437716311272880354e+00,3.177892170904020652e+00,3.366835789118231226e+00,3.296288726007734038e+00,3.462732264183701503e+00,3.463594965749601684e+00,3.332391219890896927e+00,3.219746438588442672e+00,3.366918099809935061e+00,4.206509390478705868e+00,3.522533332724566257e+00,3.136333750708900414e+00,3.401627305210404462e+00,3.610902017155340538e+00,3.331756678689635098e+00,3.290576176809958397e+00
5.141597499740567123e+00,5.028628053021767741e+00,5.222464674380761451e+00,5.402158355455223493e+00,6.206478921892026435e+00,5.272318200829068324e+00,4.941838292999849891e+00,4.858664053575231456e+00,5.231200305266318296e+00,5.033199151635485258e+00,5.450593128239464846e+00,6.309548261873661801e+00,5.240901917086381090e+00,4.904896990043371652e+00,5.004648549474867814e+00,5.003324921820299309e+00,5.047831900182853992e+00,6.035276756311039215e+00,5.969058018034054669e+00,5.043679836353779145e+00,5.369320410333514815e+00,5.159410129927201716e+00,5.127720869734485376e+00,5.098331766404857746e+00,5.557497219006019229e+00,6.133699270396776093e+00,5.164340813424428411e+00,5.290365330673561850e+00,5.227960730050716265e+00,5.442538145061938337e+00,5.384229373561159271e+00,5.485288383494666853e+00,5.837774520303719683e+00,5.158422730960568359e+00,4.851544228281389870e+00,5.192214885945242386e+00,5.095205476626685659e+00,5.580441513238977969e+00,5.576726580125710875e+00,6.478652662683088259e+00,5.339964012816168726e+00,5.498340297091945494e+00,5.309554022939478202e+00,5.484930750850336878e+00,6.510957594111275171e+00,6.724006384257954494e+00,6.210548774908009051e+00,5.355784431929377476e+00,4.952491035178106848e+00,5.204875231687955406e+00,5.394819102411672063e+00,5.406811852148590170e+00,5.799811435848990726e+00,5.755900652728143108e+00,5.970995144851237058e+00,5.635432472876506615e+00,5.693237629734821503e+00,5.956437846803994240e+00,5.515342696603869221e+00,7.353874545526661421e+00
7.276427158105351102e-03,1.755812166871201143e-03,-2.374469920749756532e-04,-7.891224164336529262e-03,-2.798612718725104406e-03,2.562926346751737486e-02,2.876732856922309400e-02,2.585035250208135744e-03,1.755164877331438431e-02,4.689203241924009766e-03,2.792527284152764633e+00,3.450581831121482423e+00,3.840651724337918793e+00,4.145826405283527194e+00,4.339639367421261440e+00,5.263508284160246298e+00,5.545828834552236408e+00,5.095017059565296158e+00,5.420632340626447387e+00,5.374366674649465381e+00,5.259124314038921000e+00,4.153363339234535268e+00,6.573025857235468283e-01,3.287295958767916026e+00,3.858847577611983493e+00,4.281085757477152143e+00,4.654878230114048776e+00,4.802431726017973190e+00,4.993835315460747104e+00,5.451988039395882168e+00,5.454602700662318782e+00,5.439558373193798424e+00,5.428267031138659604e+00,5.441011262393829817e+00,5.460968704344044689e+00,5.502196254405045117e+00,5.476545865089214260e+00,5.436796311505373680e+00,5.429516189517324065e+00,5.404898709197783369e+00,5.443499409449087167e+00,5.433565147442901200e+00,5.422714298849642844e+00,5.443650167265409401e+00,5.465106248839934899e+00,5.479909724852519481e+00,5.460446866949536293e+00,5.500682781904796315e+00,5.502566905927943175e+00,5.489032322542009901e+00,5.468186272713139395e+00,5.419351344163862549e+00,5.459704437972335178e+00,5.485137344197341669e+00,5.463589645542042739e+00,5.433001110369490405e+00,5.428989460301869130e+00,5.460434874393520488e+00,5.380486840518234004e+00,5.465598557531420987e+00
2.481980194580854615e+00,1.610178515839543634e+00,1.610324723047142692e+00,3.042014240098131150e+00,2.079914096808126445e+00,1.608816039969779510e+00,1.386182976901646269e+00,1.099542903092641577e+00,1.945307377300015350e+00,6.931010043361077733e-01,6.915767775876220380e-01,1.611162850283068382e+00,1.385898180964058257e+00,1.789335164458126126e+00,1.794258937004755472e+00,1.792765432751910470e+00,1.944765495551623591e+00,2.193028220934288175e+00,1.606406284392789985e+00,1.608599605870795868e+00,1.611454144883605277e+00,1.614336278986199913e+00,1.788362434969149817e+00,2.197671473110821783e+00,2.304589838441484240e+00,1.791245447427882498e+00,6.954269752778016178e-01,1.788712038004065530e+00,1.797006056565911836e+00,1.941589104700382817e+00,2.078369468241274998e+00,2.296762627160862991e+00,1.791067334002093503e+00,1.383753765741627895e+00,1.096661903489650092e+00,1.384893640100396839e+00,2.197291849164947131e+00,1.783115214624027223e+00,2.392393382991633288e+00,1.791999985278510898e+00,1.095146662952348526e+00,1.381480412346804520e+00,1.783303831987504529e+00,1.390695709700799920e+00,1.604152212063196581e+00,1.610443423112534633e+00,1.384161552736073997e+00,1.101407753799719780e+00,1.791204953426534852e+00,2.071969183461461750e+00,1.100981719766340960e+00,1.791692825445299064e+00,1.606396495174290617e+00,1.947264960340122641e+00,1.372382319955185004e+00,1.387050726954923929e+00,2.298987212795844115e-01,1.385047136866341067e+00,1.613279744156074225e+00,1.610307024233677664e+00
6.815461519905833931e+00,6.884513651141067392e+00,6.916108146064119389e+00,6.967887148798446617e+00,7.083745679927658578e+00,7.033996752301906241e+00,6.858853530034876300e+00,6.681070063650561330e+00,6.739526968737690638e+00,6.698367670721445677e+00,6.723429067291479377e+00,6.909038817548573519e+00,6.601632817109173601e+00,6.552319234389956115e+00,6.571365552818113187e+00,6.532726813270245181e+00,6.560485048513537087e+00,6.643151876095979347e+00,6.698917530289255851e+00,6.588675367844119890e+00,6.486799441021645407e+00,6.504604018057839276e+00,6.405832016868648005e+00,6.613025957893070128e+00,6.692992546295901235e+00,6.647649356792818764e+00,6.692319941517892445e+00,6.707193768227625696e+00,6.596559726356352904e+00,6.785922875389269748e+00,6.712504214494845023e+00,6.604491195100959722e+00,6.750768562542537765e+00,6.601754899684897815e+00,6.483063932518238204e+00,6.527459844234793529e+00,6.503108865096938196e+00,6.447930374877344661e+00,6.593623140143763273e+00,6.595187996638883554e+00,6.675687746117074717e+00,6.487340341001805122e+00,6.480313088835435664e+00,6.493911957221812692e+00,6.448641958588682499e+00,6.521688890124609728e+00,6.690235141763103854e+00,6.723290361333865484e+00,6.626534052066883618e+00,6.442228548586152570e+00,6.439183316995500839e+00,6.364424957182845510e+00,6.374862941062588106e+00,6.481989386431551203e+00,6.457582510564783718e+00,6.397052895632964642e+00,6.516241740964430207e+00,6.377479422371611584e+00,6.299631778861119358e+00,5.885778013673961695e+00
8.606839262765911158e+00,8.519610260357442399e+00,8.335991791348103419e+00,8.241696680558016297e+00,8.333666817038791308e+00,8.744525491705996245e+00,8.666523035685235854e+00,8.850929234018536818e+00,8.787055839907079502e+00,9.079021588281955601e+00,8.989323204147607882e+00,8.891769752062247179e+00,9.081995788748077558e+00,8.906868969350695053e+00,8.854091599953912706e+00,8.747254981553743036e+00,8.758051826250657257e+00,8.274810684660552695e+00,8.371065087098537916e+00,8.588267114155913262e+00,8.547356919548388277e+00,8.553534516510607588e+00,8.278489944550901924e+00,8.155907608711521206e+00,8.108093602049525117e+00,8.135731642197448821e+00,8.477424537739151944e+00,8.454837558994794833e+00,8.492769114947449793e+00,8.567968910935540805e+00,8.366501581203216631e+00,8.044255849446397377e+00,8.137131158632447736e+00,8.353044616118403098e+00,8.405957456833986541e+00,8.488638883426796511e+00,8.386279364905220746e+00,8.363269410556540606e+00,7.995710432543569723e+00,8.085799448331673744e+00,8.365364548588431148e+00,8.389421293076605224e+00,8.417491932838867541e+00,8.312249515061777672e+00,8.228585306687236312e+00,7.945238466765944807e+00,7.892417198742009532e+00,8.236934159288278323e+00,8.247217641147813083e+00,8.290518240329825872e+00,8.179951590724776622e+00,7.977483429100551859e+00,7.672533740923437762e+00,7.625363594537723166e+00,7.883471621651928274e+00,8.289550723398482646e+00,8.424277394656238371e+00,8.794630878828211706e+00,8.286411399327100469e+00,7.965703587784761730e+00
5.978802486017775308e+00,6.075075348118965657e+00,6.111755090351135067e+00,5.948966670238759136e+00,6.110052027342870673e+00,5.992074760509226827e+00,6.003922001803886133e+00,6.139696726407144034e+00,6.092646734127482588e+00,6.064466539747020768e+00,5.950661128377008779e+00,5.996877631061697578e+00,6.091620452400381858e+00,5.910782498263746909e+00,5.983938905532638408e+00,6.051874217585394788e+00,5.978009785696799305e+00,5.826639324812433962e+00,6.084529804625614879e+00,6.036389858035119182e+00,5.951925440194467676e+00,5.993111177267373080e+00,6.146485947989253518e+00,6.001536642098502128e+00,6.088595470427582868e+00,5.991439857910568989e+00,5.988550943960061268e+00,6.079750241515529119e+00,6.062352118833996606e+00,6.088877989491401799e+00,6.073615574123977012e+00,6.106728295362277237e+00,6.090326252972855237e+00,6.201843035236957569e+00,6.236149281344789408e+00,6.135844318837644806e+00,6.097113837377850842e+00,6.018780488019568331e+00,6.145965992396686950e+00,6.261120617814439626e+00,6.079374338719677695e+00,5.893294008818765306e+00,5.999522631274260220e+00,6.113515591978876174e+00,6.239126474515430232e+00,6.057137298778267898e+00,6.175429345727361685e+00,6.113677266443121816e+00,6.081231136751975797e+00,6.043218300073164073e+00,6.091554671157714651e+00,6.241384772020449390e+00,6.113803277049182583e+00,6.129122009222344403e+00,6.156153137855830515e+00,6.186029976986603174e+00,6.084383325464784775e+00,6.020754517913181836e+00,6.068442944507487447e+00,6.142091490018232847e+00
7.118415948328952858e+00,6.674633302788591571e+00,6.755023553630618238e+00,7.102913407869835716e+00,7.444244705818154451e+00,6.769637059254138833e+00,6.646763974101104644e+00,6.267796910978921332e+00,6.576418366118222281e+00,6.896076020248494309e+00,6.907352108662896839e+00,7.050574643439385447e+00,6.649967926070551094e+00,6.529781148553554182e+00,6.606529933240331331e+00,6.349604599121028592e+00,6.431385263420717813e+00,6.660058933650511825e+00,6.891958552101758784e+00,6.412285746594682756e+00,6.259508663050128874e+00,6.072783683875764282e+00,6.248436325078272624e+00,6.243679240727101565e+00,6.533471898348324203e+00,6.633024447538920398e+00,6.403279341727599494e+00,6.337292655663430807e+00,6.229731953486223439e+00,6.099948199652882153e+00,6.313020064353722205e+00,6.555968741581580161e+00,7.463676590106914865e+00,6.857335756167875829e+00,6.397408967427253401e+00,6.845134072771805300e+00,8.241683450452054416e+00,7.429831767471587689e+00,7.218911234391745424e+00,7.585190147742501665e+00,6.994653925327608768e+00,6.696079800251782288e+00,6.506321857225713323e+00,6.965687827192699189e+00,6.849276575380563337e+00,6.872931746721306467e+00,6.944169271091918283e+00,6.572465595660557547e+00,6.469426950907939400e+00,7.276567359270763369e+00,6.625417976287410582e+00,6.265422665721033901e+00,6.276113735147824890e+00,6.634822019039602559e+00,6.890360033783585081e+00,7.271717590045983393e+00,7.007981510683666038e+00,6.780272887030705853e+00,6.703737541331364014e+00,7.389353556443491122e+00
7.868127162963179266e+00,8.058991028773426990e+00,7.838098315578763575e+00,7.458810543070533150e+00,7.766999776974669700e+00,8.192823004661129005e+00,8.377195090787861176e+00,8.284117406198395983e+00,8.225543883628555264e+00,7.764713136123984505e+00,7.443946739319082795e+00,7.717811783352468424e+00,8.091425806133134557e+00,8.225940802856408496e+00,8.181006022588157123e+00,8.096028639203002086e+00,7.616695155738454126e+00,7.243131774973091019e+00,7.461518843009229407e+00,7.861290648564807526e+00,8.113483640725329238e+00,8.168573146735461421e+00,8.038496064660590079e+00,7.392753083630911881e+00,7.269577737404768314e+00,7.699909968976474062e+00,7.994692822368588025e+00,8.116034902772073067e+00,7.987031714141328287e+00,7.920582375564930722e+00,7.570677586314559449e+00,7.015592575559805866e+00,7.473460125204603344e+00,7.721948329667428723e+00,7.931432084632756840e+00,7.709311053048037543e+00,7.664803367063005801e+00,7.325341970747642151e+00,6.788330543234048164e+00,7.135240261775424919e+00,7.409048037918237739e+00,7.522178282928419613e+00,7.448442376712068658e+00,7.184853425345727018e+00,6.723337728071179242e+00,6.239091781515088364e+00,6.562361622777173942e+00,6.703986612114669619e+00,6.749881185744043499e+00,6.399428100097927619e+00,5.974452680698139950e+00,5.770337328100137775e+00,5.321091986268684515e+00,4.968820489087135250e+00,6.034668010552580064e+00,6.190694987742580757e+00,6.290071404785696707e+00,6.271105616662364213e+00,6.155596700811968525e+00,5.564569590976418567e+00
6.816713675495042146e+00,6.721149948381411221e+00,6.653703896397754392e+00,6.601051089864760080e+00,6.931979870892273077e+00,6.793235517351385866e+00,6.790550138477810194e+00,6.745161605285526996e+00,6.562800977070288866e+00,6.808983155018921707e+00,6.594648152665311791e+00,6.891102867788786668e+00,6.892841870797577819e+00,6.834477226094663571e+00,6.851186678215009707e+00,6.988711037195829867e+00,6.762177210569064734e+00,6.601560604158819956e+00,6.983999354109044155e+00,6.836804102011996953e+00,7.248921089357744485e+00,6.985274194390307834e+00,6.913715486884583150e+00,6.831770171352634868e+00,6.798109781557734266e+00,7.091143851067042370e+00,7.052422290310527586e+00,7.061612231417663033e+00,7.020336000118176045e+00,6.985546551882365840e+00,7.056379947435480915e+00,6.989392027543305019e+00,7.241710696592233987e+00,7.078554211151429243e+00,7.186477834709511292e+00,7.052924707428098294e+00,7.048390084534264410e+00,6.796722928249566920e+00,6.773888795175349919e+00,6.985564510979830999e+00,7.058938054288531383e+00,6.999638644805206589e+00,7.060031417228488593e+00,6.934480175745707520e+00,6.828640283033867497e+00,6.635065574008374156e+00,6.608177069634780132e+00,6.612781013236128658e+00,6.699491100569924917e+00,6.703955358285411670e+00,6.554286967212935799e+00,6.528331620339445251e+00,6.256014848521284755e+00,6.418053659003756906e+00,6.719557253000383312e+00,6.738963835396631019e+00,6.794891909943146402e+00,6.964225480749025365e+00,6.853026371140752637e+00,6.541791576552809850e+00
4.518115277040440247e+00,4.463358111104876791e+00,4.243558994065203649e+00,4.489118799447419761e+00,4.577013055832924948e+00,4.518642697142606579e+00,4.417624932815561678e+00,4.124408194640150960e+00,4.354566596729195105e+00,4.418805794323665381e+00,4.200458132172196990e+00,4.679444648298392906e+00,5.008753542204794407e+00,5.038240882106425289e+00,4.717096758849042004e+00,4.191968298232979784e+00,4.549828336781104987e+00,4.440467026351828217e+00,4.370290250932629128e+00,4.172362315284227741e+00,4.404720172057823291e+00,4.235910604487379771e+00,4.132811590322912565e+00,4.062706979860611689e+00,4.016970007073704885e+00,4.585124091927352374e+00,4.337080603052597461e+00,4.388616280649748624e+00,4.489429090526581234e+00,4.545354406486793231e+00,4.671770715748665204e+00,4.603439628529480743e+00,4.479223767974040094e+00,4.466935841324256806e+00,4.417643596358455937e+00,4.754763851210014991e+00,4.995759455555831785e+00,4.769859305909413649e+00,4.837360222483772176e+00,4.857015144283715280e+00,4.670106129801593120e+00,4.788148516441796509e+00,4.790350466368364479e+00,4.866111293178325248e+00,4.596632042974410304e+00,4.774799738771211999e+00,4.896470881716408208e+00,6.919461526629886450e+00,8.442356696063573196e+00,5.314678021516942685e+00,4.613698818501405619e+00,4.549727448961853327e+00,4.651596643985232760e+00,4.583485203411837183e+00,4.803325094628280389e+00,4.676867471468788118e+00,4.575632901133005248e+00,4.885923865115159970e+00,4.779295048758441133e+00,4.867626968829482870e+00
6.678125511549291460e+00,6.707532171857894632e+00,6.641607000041058306e+00,6.144812660357438894e+00,6.294655532334145320e+00,6.717028049813431601e+00,6.860697973213933487e+00,7.078535564382262280e+00,6.884023095871648401e+00,6.436145664711062864e+00,6.180210013135168268e+00,6.267327735851961457e+00,6.872848155517556457e+00,6.908174688267498809e+00,6.637958828164409297e+00,6.584643588066596998e+00,6.327592729550843842e+00,5.725546905241273521e+00,6.212623051657002904e+00,6.512948252374051172e+00,6.609935809386128014e+00,6.474324489694442519e+00,6.509860708869184442e+00,6.161616328839543577e+00,5.897637796747526195e+00,5.889477429909360851e+00,6.423536431957820092e+00,6.264187683515910265e+00,6.346342545686040282e+00,6.305219945316719254e+00,6.001716432337178553e+00,5.628433845875291830e+00,5.711432712163186487e+00,6.314580363102460403e+00,6.315591944726821616e+00,5.996204530326898485e+00,6.059641487271720806e+00,6.640616708867032258e+00,7.021657466544744430e+00,6.516664703831057892e+00,6.708284846657034173e+00,6.372140179736444310e+00,6.410908641838729771e+00,6.165919110600168729e+00,5.977376177797985690e+00,5.850343932950762493e+00,5.542822530218356469e+00,5.979806051322607452e+00,6.205577156746851841e+00,5.786877590895085355e+00,5.524218846953555584e+00,5.109493790858691931e+00,4.928211870792589266e+00,4.552083195694849316e+00,5.457247030451599201e+00,5.852886804133706988e+00,5.381167700331890735e+00,5.243732871129848760e+00,5.147574293891699959e+00,5.055176268535761963e+00
6.582601849021534335e+00,6.615210075003699508e+00,6.473467369224750634e+00,6.284564261023297682e+00,6.308017090364555379e+00,6.684593529284637903e+00,6.805197955164098644e+00,6.555073364012192982e+00,6.552663464483985400e+00,6.495557062547935523e+00,6.345398033130492443e+00,6.407246759848450601e+00,6.888549109493368405e+00,6.853454446155294200e+00,6.796788327722452117e+00,6.696331948687341828e+00,6.570096803474117841e+00,6.365274065856080021e+00,6.425999465136607469e+00,6.789376107860825016e+00,6.756007560490531638e+00,6.704078157823491146e+00,6.755375037101006619e+00,6.546780244613364275e+00,6.538813206850464077e+00,6.522752063607042849e+00,6.744726450766351356e+00,6.764514946166729992e+00,6.671871726746867459e+00,6.738712740405998325e+00,6.593157217126126568e+00,6.437734678618536321e+00,6.459408119137493465e+00,6.784917299418640191e+00,6.817758535481451609e+00,6.753016461461034403e+00,6.669424669861760968e+00,6.638634685282877257e+00,6.339667723705701974e+00,6.593526199378748842e+00,6.659544774119778410e+00,6.596547729489369516e+00,6.569167477603074623e+00,6.370804387125687640e+00,6.499343518064029546e+00,6.275830341539055723e+00,6.433942108775054791e+00,6.535863209682775121e+00,6.504051018217323232e+00,6.503085828469098217e+00,6.491040737180123976e+00,6.400580468995806349e+00,6.158364241201762290e+00,6.095520321686512588e+00,6.482531514984334997e+00,6.578950268579824900e+00,6.512003028198944499e+00,6.447957457489768451e+00,6.363982584114788565e+00,6.091042885810114882e+00
7.290795246457651757e+00,7.473149173309818316e+00,7.345247028289514368e+00,6.910550709833949590e+00,7.173886336520408413e+00,7.552519154133970680e+00,7.665546132264172030e+00,7.636545922623891869e+00,7.580932930897278155e+00,7.333074237951549001e+00,6.928626124679865939e+00,7.182205580230100139e+00,7.588399061236034804e+00,7.581239453568041853e+00,7.563899416567263501e+00,7.445197536131255234e+00,7.243185647013029360e+00,6.843471300251751543e+00,6.910030058331612324e+00,7.283500839164235963e+00,7.447284032335913295e+00,7.528483921672767032e+00,7.435933178940218546e+00,7.096190640865141397e+00,6.795784271040473890e+00,7.006272480847385076e+00,7.324620299303160387e+00,7.390846882898249426e+00,7.300519876355226145e+00,7.280183959532630311e+00,7.053541649451712026e+00,6.805173945414227710e+00,6.877044066080876483e+00,7.178728615315295158e+00,7.228371557592964791e+00,7.205416763201253794e+00,7.090825448288334165e+00,7.019895875815809205e+00,6.669697040225107010e+00,6.890439708818997921e+00,7.148421367985390518e+00,7.192548500376068965e+00,7.213277724686507852e+00,7.089786723565202564e+00,6.798176866494684667e+00,6.792544434409454546e+00,6.792731196683709172e+00,7.115718482503731401e+00,7.248086776541510012e+00,6.803761323220212986e+00,6.670652986004274254e+00,6.533518896602083181e+00,6.245184862583829322e+00,6.255850537106674381e+00,6.863867461387481050e+00,6.913582844338692190e+00,7.080932628497672354e+00,7.021327392173171589e+00,7.002566860962044615e+00,6.713818172946165674e+00
5.552544457160951019e+00,5.615437844400120504e+00,5.431822433492661695e+00,5.682629237879274875e+00,6.015848559405438500e+00,5.749595567455832779e+00,5.646524674423009316e+00,5.472159185065599729e+00,5.341534393070363151e+00,5.158418933680501084e+00,5.496681074484122576e+00,5.293023077946778621e+00,5.373648829535704330e+00,5.347545046647497635e+00,5.459508840126077622e+00,5.294843599546553925e+00,5.371995407146537005e+00,5.552347873451620508e+00,5.642121112593895482e+00,5.680968061886344955e+00,5.418501410637301063e+00,5.659457127333026527e+00,5.528283659184652699e+00,5.463291777309306596e+00,5.459129697260182823e+00,5.725389227241834078e+00,5.726556069143188488e+00,5.546427496762365905e+00,5.356182611412148908e+00,5.467071707406923942e+00,5.341142030747797698e+00,5.474242025029200320e+00,5.652893615915101755e+00,5.428925032425373054e+00,5.515716220086238408e+00,5.716130920621016465e+00,5.491891332147321059e+00,5.396229181311426260e+00,5.475773965722357417e+00,5.618264513814969163e+00,5.431300747612905155e+00,5.484403901529401715e+00,5.578120990775591537e+00,5.548175863364776639e+00,5.350503861015398321e+00,5.407605472604155139e+00,5.325690410775265171e+00,5.361215285274003151e+00,5.302091214569930600e+00,5.445721853099270149e+00,5.394398313514792598e+00,5.408702508069665349e+00,5.471829462828866397e+00,5.282878769391850859e+00,5.322888229844556562e+00,5.295763898646024259e+00,5.389297552892134746e+00,5.350224052020452703e+00,5.393714531268065215e+00,5.202305066524320232e+00
2.077467570374196715e+00,1.388194104449917088e+00,1.096639060546802158e+00,1.386384352281417653e+00,1.945499304179710842e+00,1.096505678510995896e+00,1.384693339872388629e+00,6.927675270350851511e-01,6.880405479907328870e-01,2.300891279788515931e+00,1.944333584389683178e+00,1.607872296578719107e+00,1.379498373541901968e+00,1.231698796382886402e-01,1.096016470301311330e+00,1.851431985532728253e-01,2.213338193194492598e-01,1.093940487507032433e+00,1.606999268441691608e+00,6.895479928576799811e-01,1.103704753441922204e+00,1.097523524384703908e+00,1.079479026624629023e+00,1.385566566857761028e+00,1.094261464442334519e+00,1.352051086393748491e+00,6.963843685410281426e-01,1.612745984671035249e+00,1.380959684782840036e+00,1.091031758068392143e+00,5.002948823047211752e-02,1.392322306436337920e+00,1.089180754451047450e+00,1.098025967701773187e+00,1.100017047720064145e+00,1.479351204985134560e-01,1.095553296947365363e+00,6.898615988044338732e-01,1.946444319267022438e+00,1.854165224172716897e-01,1.370379665779932088e+00,6.775554416565938709e-01,1.100032652179865789e+00,2.077391895056145632e+00,2.064944573000356609e+00,2.194137213486285098e+00,1.787691627632669089e+00,1.605993554347890262e+00,1.937680609974014923e+00,2.080068691891036270e+00,6.887361793421172829e-01,1.611520046709017384e+00,1.099394414789479413e+00,1.096089497572061644e+00,1.094237450598775752e+00,1.567491912743890492e-01,1.611042149662726519e+00,1.379479588359048492e+00,6.923378019807107098e-01,1.376481096364144063e+00
3.433662170986189199e+00,2.772889669606094731e+00,2.707659950271754212e+00,2.485373375084862779e+00,4.615406980819520832e+00,3.333986805605925863e+00,2.891215876064568313e+00,3.045418712665390437e+00,2.994594981301001990e+00,2.304960182174685901e+00,2.564875146057717270e+00,2.080432305191181275e+00,3.044657362763676822e+00,2.943345793452448511e+00,3.430665837785364491e+00,2.834089160724260203e+00,3.133995040454277348e+00,2.638802090480827811e+00,2.302878547947313503e+00,2.833226210427281178e+00,3.294251678916889858e+00,3.178708375132208275e+00,2.945700327522198236e+00,2.995454796395980779e+00,2.565107372807091224e+00,2.303004765238664486e+00,3.218522998167654414e+00,3.135492085304131038e+00,3.048357885980770288e+00,2.640002048416587588e+00,2.774369939363125592e+00,2.833529668884315011e+00,2.706942555880918366e+00,3.335548136670864139e+00,3.465813406295077836e+00,3.134264940769307728e+00,3.259479002531051606e+00,2.772978490409832464e+00,3.136560001138167575e+00,2.639634652318349151e+00,3.258686645961288431e+00,3.294346470100381286e+00,2.943783307311054642e+00,3.134875119178085701e+00,2.996017897377893924e+00,2.302487629183067597e+00,2.301378498146748885e+00,2.486025095978880994e+00,3.040806026588947830e+00,3.296568174239144167e+00,2.995424135363613072e+00,2.400417207034836409e+00,2.198984130673515391e+00,1.791893281560245965e+00,2.399033140907231409e+00,2.995264769820972450e+00,3.584030008972689973e+00,2.564253248033597110e+00,2.708099280312023627e+00,2.302852048729284729e+00
1.633904412186366548e-02,1.707114151346275990e-02,1.399840373840217200e+00,6.991058035081323396e-01,1.400747442692057865e+00,6.991833952980387734e-02,1.800034796028519013e+00,1.790256011442113548e+00,1.107229992568198984e+00,6.825291859330351318e-01,1.386802869510435299e+00,6.857261475199724066e-01,3.368846540569491940e-03,4.767678089415158804e-02,2.052200422846324826e-02,3.000017962218012868e-02,2.931550665776054901e-02,5.681961204040412161e-01,1.075451813956302516e+00,1.089287936265304735e+00,6.346999569627906901e-01,7.108293999095502413e-02,1.750516167606690709e+00,2.774098282867616498e-03,6.787492126646739177e-01,1.245791428421469116e-01,5.734568608228539643e-01,8.821982139418214908e-02,4.758644143116778913e-02,7.991029705142024819e-02,3.520864505123106475e-02,5.228852816110538537e-01,1.940927566304906371e-02,7.203242049138844361e-02,2.987149402895610678e-02,6.118091643442665761e-01,9.314684891295064162e-01,3.385417478124126689e-02,3.486629311869992448e-02,5.436868410954620590e-02,3.796827846358988290e-02,1.351214462593188559e+00,6.397679476565045764e-01,1.083180043494877509e+00,1.020104096963629026e+00,6.031939322169092149e-02,4.061202307201410705e-02,6.713691946359872341e-03,1.573338951564310501e-02,-1.585629336179653417e-02,8.566837953266556727e-02,1.311151541070730009e-01,5.394890251802046954e-01,4.524728910853986069e-02,5.901802145992509491e-02,5.454646966474264724e-01,6.108176597494670013e-01,6.180201671732236113e-01,1.352793168624832676e+00,6.914826263239398640e-02
2.484462369760073841e+00,2.396640755745779838e+00,2.565516686065808294e+00,1.944835701147431761e+00,2.197296821185389604e+00,2.484312711246437377e+00,2.638540232512494477e+00,2.397281405856553693e+00,2.196726698822304424e+00,2.196845519651925205e+00,2.081335076090614411e+00,2.079228827871104635e+00,2.080199557911163843e+00,2.396087101183085100e+00,2.995360179387741795e+00,2.639013918759014921e+00,2.489859493041161720e+00,1.945148887112157166e+00,2.639482506401558126e+00,2.302937662922969420e+00,1.792536313001624748e+00,2.197909204902066538e+00,1.940117552381207311e+00,2.706580961825938658e+00,2.890159144600893626e+00,2.643792300381831328e+00,2.709457207381866350e+00,2.638175121799831935e+00,2.948362087153070910e+00,2.079637382988277494e+00,2.639929090299987458e+00,2.888962832015498972e+00,3.613816379776377818e+00,2.638397831121527481e+00,2.945224272740783356e+00,2.994767588583934437e+00,3.135610359651468837e+00,2.892530676563074721e+00,2.488457663022257016e+00,2.942836895415060106e+00,3.329311844256426234e+00,2.395962913879719380e+00,2.195730303219477708e+00,2.082969606991209144e+00,2.773887998703806090e+00,2.485375397915224660e+00,2.396520296338094713e+00,2.943932656926722569e+00,2.942425574260469023e+00,2.770843647152108069e+00,2.638527123299944765e+00,2.565683310181715804e+00,2.833749598055427033e+00,2.638837220155135110e+00,2.774035504076747038e+00,2.637465723426189346e+00,2.305447317834782961e+00,3.136728319558275135e+00,3.180335443326029132e+00,2.832838465765252778e+00
3.582688645701411989e+00,3.257284271868381875e+00,3.044295304654555334e+00,3.257428533305273710e+00,2.941240677321281805e+00,3.178129499990742790e+00,3.611987832100310047e+00,2.994894948551811709e+00,2.772349974132288786e+00,4.336303334249699937e+00,3.869382659376216171e+00,2.995935232098312806e+00,3.219143323618135266e+00,3.331697533258950461e+00,4.441242400774549459e+00,3.928483749211410636e+00,3.442038574333508461e+00,3.905700954391867707e+00,4.343814222700351557e+00,3.335516528918008650e+00,3.088109848756505738e+00,3.329654075015159531e+00,6.006783855204257172e+00,5.764527407779060475e+00,5.011413510149200334e+00,4.857041517156853949e+00,3.913163026241528453e+00,3.658996283575324249e+00,4.842355896780988544e+00,3.933289757056760649e+00,4.231538382210800364e+00,3.999888426191680058e+00,4.932026264273339677e+00,5.154921900980426130e+00,3.850373987081461280e+00,3.463897663974839336e+00,3.526146079446316417e+00,3.215578753087836805e+00,3.465059753952839383e+00,3.424836168765545530e+00,2.935496415224571720e+00,3.403051333468450235e+00,4.007791298564414184e+00,3.592075942724825666e+00,3.716169743358558097e+00,3.538818894669413684e+00,3.334541299987991092e+00,2.882569495900253909e+00,3.329599721468090134e+00,3.712544899796546005e+00,3.606349058961786813e+00,3.705958662754810895e+00,4.467305665913370305e+00,4.186587190877398612e+00,3.948826194902616216e+00,4.158445988336813670e+00,6.025805514616039638e+00,4.605919699311035842e+00,5.499620235855128492e+00,4.505427820332166711e+00
7.498055867632981375e+00,7.452423876299737238e+00,7.485824091362640154e+00,7.555841214041560505e+00,7.623223204640654060e+00,7.513901041381563672e+00,7.569191201893682219e+00,7.491208488055493220e+00,7.579589977092567210e+00,7.567111173399471369e+00,7.696254010881697916e+00,7.860526723683883610e+00,7.925922168379437416e+00,8.679104254760511949e+00,9.008222017517054425e+00,8.408439241113033091e+00,8.092610431826502193e+00,8.055132871306938114e+00,8.145369431826022577e+00,7.968881205471103790e+00,7.877140870997494382e+00,8.218699959961130119e+00,7.982285586218459628e+00,7.814089547348570086e+00,7.864635046174887734e+00,7.934797597134294556e+00,7.755082048133052020e+00,7.693615201802395553e+00,8.009325042485921031e+00,7.793710992333083176e+00,7.663393746197514567e+00,7.667096386521177642e+00,7.711955798044949795e+00,7.648707317624489299e+00,7.623742510473073608e+00,7.832681095054039311e+00,7.703389237586726779e+00,7.615861874233350370e+00,7.620207679658740574e+00,7.698008148112039706e+00,7.618537823238712647e+00,7.704555136633096879e+00,7.989057711117033556e+00,7.777980629741602314e+00,7.701644777400559860e+00,7.703301454581234609e+00,7.697799899022078840e+00,7.727835708156264083e+00,7.739123613710266802e+00,7.875337280197856060e+00,7.758872956261117615e+00,7.615981326245606198e+00,7.418165747335809357e+00,7.301482425959602729e+00,7.631878862832415678e+00,7.723536288593298771e+00,7.878656282371020225e+00,7.888217207572028933e+00,7.734704406784263853e+00,7.442389307729591508e+00
7.865589043939827718e+00,7.875201735453755347e+00,7.808171589772123333e+00,7.929893967130441368e+00,8.081937471037672793e+00,8.017350340337458192e+00,7.872850041353756545e+00,7.951895714787985625e+00,7.830615834025230093e+00,7.752946749979633623e+00,8.010135412371287345e+00,8.113730995714318439e+00,7.835677072614884331e+00,7.886545745714891531e+00,7.855381186480753009e+00,7.688210512675652808e+00,7.585646107613272626e+00,7.715947742476583215e+00,7.945570083749915469e+00,7.584446857112985718e+00,7.512370995326352663e+00,7.370534666912941901e+00,7.313461321156108141e+00,7.261041988722973350e+00,7.535228881463946315e+00,7.776144630505868349e+00,7.483208442084487544e+00,7.417576943090452346e+00,7.388147374616687024e+00,7.241154023504970283e+00,7.272041152203824410e+00,7.415316666304905269e+00,7.705960981183269887e+00,7.426847341840853822e+00,7.367899764066152102e+00,7.290810663682593784e+00,7.312900328629123869e+00,7.218340914592932478e+00,7.456229135112600659e+00,7.785511180992344293e+00,7.421686369078892120e+00,7.397450544469965195e+00,7.251096222906906696e+00,7.270174188044463470e+00,7.182091986430101826e+00,7.449102263045691785e+00,7.683917601663377894e+00,7.319114986000244905e+00,7.145152617912684967e+00,7.183105812997540696e+00,7.168284614716736058e+00,7.198045479846205019e+00,7.033942308054343506e+00,7.581129170714561383e+00,7.780243744236220671e+00,7.775061365491135135e+00,7.724970324934928634e+00,7.711182439806523625e+00,7.724877939464547261e+00,7.399029947653920303e+00
5.234598519589513721e+00,3.527553704671470669e+00,3.213828530267735406e+00,2.562046826253549625e+00,3.458139892932483583e+00,2.775261077727999126e+00,2.311257821918291544e+00,2.079452670316030094e+00,2.305831464296403510e+00,2.997939624199498443e+00,3.093549478611560044e+00,2.559736356156026016e+00,2.291996562897940404e+00,3.737550225730296383e+00,2.200795505789647777e+00,1.405850028171947930e+00,1.945441505921676972e+00,2.635113596103635825e+00,2.638708323611512085e+00,2.196693458336822058e+00,2.769008924893698875e+00,2.943966544256263695e+00,1.598169075008662565e+00,2.562612536024246879e+00,2.629034715116256304e+00,2.394846759787104595e+00,3.088117114998853996e+00,2.945260442015352975e+00,2.203200310042365828e+00,2.074016251998565874e+00,2.566609847020902002e+00,2.482631938624150880e+00,2.301996668843755867e+00,2.194951250305473778e+00,2.079510192899141519e+00,1.615779771409169507e+00,2.193081376459703247e+00,1.944133067463641229e+00,2.556319591750532805e+00,3.685017910552689901e+00,1.934150804276311586e+00,1.380800683732911427e+00,2.565276549156918051e+00,2.484544674524127750e+00,1.607342948228923873e+00,2.637826548438463536e+00,2.891773787646251481e+00,2.641006302933958771e+00,2.193545260826918586e+00,2.707602090279355167e+00,1.947023968248481562e+00,2.308113319299288868e+00,2.706555015706891609e+00,2.835700612174958835e+00,3.002604821033531213e+00,2.739017309778412734e+00,3.561719738321928119e+00,2.837124008935400177e+00,2.938811815830824070e+00,3.213054416213624087e+00
2.899594595765866423e+00,3.367767102082644293e+00,3.150444001631578228e+00,3.063245001965686498e+00,3.622112157242005637e+00,3.495608549567587708e+00,3.121548858620946110e+00,3.090363844861562015e+00,3.045782501390438490e+00,3.045731677089606571e+00,2.565359976406288656e+00,3.235891065016585078e+00,2.946664098324804915e+00,3.321905787633021578e+00,3.177549435053455884e+00,2.776185688095363258e+00,3.301519792107419082e+00,3.015099323402468556e+00,3.446427042662696838e+00,3.298387324886487448e+00,2.838338739739532546e+00,2.968764216617508112e+00,3.415798509466972277e+00,3.218981654961511119e+00,2.836265302217377826e+00,3.099368307470758754e+00,3.688705336239302746e+00,2.639613566515492504e+00,2.774166563345019654e+00,3.178676594778216735e+00,2.998298132824155360e+00,3.043672841060454992e+00,3.435558267981879244e+00,3.219122328618905904e+00,3.218689655581815412e+00,2.708645741707170096e+00,3.218041141868416499e+00,2.830146839671101144e+00,2.485884199369714942e+00,3.217927110471541230e+00,3.134303885137467827e+00,2.890909170002937234e+00,2.397230718062315358e+00,3.042884743374857592e+00,2.995585573005171032e+00,2.945121927134456641e+00,2.945681551556447619e+00,3.618305394423817489e+00,3.333727553470079208e+00,3.434907332778113442e+00,2.890723029449527193e+00,3.257903310074562686e+00,3.045334479387591831e+00,2.769760266914617741e+00,3.178783158666727005e+00,3.090794413883077851e+00,3.134879034652436225e+00,3.297049290418343492e+00,3.400599913349822589e+00,2.774562382136978922e+00
2.079745033756391859e+00,1.944991552287439029e+00,2.564495157421864402e+00,6.970226145956198716e-01,1.793259131692338748e+00,2.077253111185608514e+00,6.950565347127716231e-01,6.937645397065262953e-01,1.947323571801040876e+00,1.388735048181724885e+00,1.099680944289194828e+00,2.079063184735963077e+00,1.609100109684939106e+00,1.587770342751164687e+00,6.994127895737318745e-01,1.946854749330466205e+00,2.082551984537041267e+00,2.197112291953549956e+00,1.386517840148503655e+00,2.303939518034358258e+00,1.791559816196606203e+00,1.945796590761977418e+00,1.791740373368342132e+00,1.789137804787668706e+00,2.400164815378381888e+00,2.081875278238881410e+00,1.785594436779925687e+00,2.645850445649502447e+00,6.898201809190854794e-01,1.395881935431257714e+00,3.321727477380298943e+00,2.774930361535131063e+00,3.178432336823888260e+00,1.116289435331899949e+00,2.202301933390082844e+00,2.065256112397697574e+00,1.624831192722268058e+00,2.782215502178134514e+00,2.588477160691327494e+00,1.390102857822235860e+00,2.492312935554753306e+00,2.958631187196309131e+00,1.814072957221357640e+00,3.185130827082343519e+00,2.310009843540115071e+00,2.949581147032446005e+00,2.200484158566650805e+00,2.567661892020208114e+00,2.479789102229859932e+00,2.950822768825294595e+00,2.198488872702646368e+00,1.386245657904132456e+00,1.791330060141710590e+00,2.402785329032455675e+00,3.167425000522442247e+00,3.744262851346787713e+00,2.274069445934117528e+00,2.194896888511646882e+00,1.946336726581283427e+00,2.401249734682608050e+00
7.986228393478741694e+00,7.006533774225940370e+00,6.781962148723813755e+00,6.510316929960257681e+00,6.158677047389565118e+00,7.296974118004346366e+00,8.288371435292583911e+00,7.141381077458468063e+00,8.038787641148688934e+00,7.830903627186115656e+00,6.594538492545281905e+00,6.051929375709709014e+00,6.302373804127576307e+00,7.632437533685335396e+00,8.608621621646593169e+00,7.139113671970053865e+00,6.433478599862487712e+00,5.953037191763502101e+00,5.707364591353641714e+00,5.445409660700132548e+00,5.629305294114583802e+00,8.484405670657240606e+00,8.093861246282916255e+00,7.208394243141054147e+00,6.105778530229421186e+00,5.821031661351656616e+00,5.556558843808054426e+00,5.866199686899064680e+00,6.957777386274881515e+00,8.524943567960052704e+00,7.174277388910804021e+00,6.037967897689234142e+00,5.829931203566581566e+00,5.490571420157065674e+00,5.456780016684471768e+00,6.861956805427614547e+00,7.288161927421781705e+00,6.406145071521333278e+00,5.779197212738725220e+00,5.539975993268261512e+00,5.356996817234831454e+00,5.218560462999557892e+00,6.912977263053935673e+00,7.789056401086428494e+00,7.750914709838057526e+00,6.267696978537527386e+00,5.818849288893305882e+00,7.361411056149560039e+00,7.486928972164801799e+00,7.341100199598572296e+00,7.048641794451741660e+00,6.364988297599273537e+00,5.877689815872528811e+00,5.597876984007617018e+00,6.680683013084721900e+00,6.548063922173484208e+00,6.576489815835831365e+00,6.262806478983209857e+00,6.946525508831398632e+00,5.632228941292090063e+00
5.806262995955672856e+00,5.728447610677963375e+00,5.819968296098219085e+00,6.115396833272287225e+00,6.066134082969175445e+00,5.721235651566138891e+00,5.927420142319852481e+00,5.840960918128804025e+00,5.733009827244692325e+00,5.904887633913525669e+00,6.055725337330709834e+00,5.965713067791449831e+00,5.946491210845317177e+00,5.931456454668664335e+00,5.846058638701931542e+00,5.712523651528728763e+00,5.838576467485474097e+00,6.016177089686226331e+00,6.139629823770756722e+00,5.855629220209179309e+00,5.838318487872858675e+00,5.902573197603078192e+00,5.842696853934381096e+00,6.205346475833119158e+00,6.516991272885301001e+00,6.423553571818826136e+00,5.978839452193877690e+00,6.039817394576100895e+00,6.002575144228210924e+00,5.907674914681487088e+00,5.832595917141113695e+00,5.963883490926729536e+00,6.122026067412394745e+00,5.993609986243669141e+00,6.198942652335071024e+00,6.171668338273931020e+00,6.308784266224336079e+00,5.823085448326374092e+00,5.946074483614336437e+00,6.140239075953368264e+00,6.380071298659078849e+00,6.103060421491202980e+00,6.055177826889996950e+00,5.857045720123378985e+00,5.853976031745594000e+00,6.083121830559494292e+00,6.211811642261119815e+00,5.950335545040062790e+00,6.017493916705645596e+00,6.160922765552120595e+00,6.059906969725826542e+00,5.933965320239869889e+00,6.149709107917199269e+00,6.151384309916100968e+00,6.218291423833627540e+00,6.133649095441055188e+00,6.169922624125725896e+00,5.863040760280446406e+00,6.152827727297292881e+00,6.002663146356518986e+00
6.610861109593424878e+00,7.122257023833731715e+00,7.113361829746693843e+00,6.134139066940665685e+00,6.135393865617268183e+00,5.812033940885496186e+00,5.850126307822501204e+00,5.854518787973239213e+00,5.855094583667428410e+00,5.876930521310042899e+00,5.811243505523847830e+00,6.026480834851862589e+00,5.744992912115017170e+00,5.966538410574763418e+00,5.766413829895706833e+00,5.686793036814220770e+00,5.763007982713216570e+00,6.131951852765872957e+00,6.039572988148238508e+00,5.714095228742023025e+00,5.610565711402521138e+00,5.945207013068877444e+00,5.881521753634146421e+00,6.183462222085629456e+00,6.389652985544953090e+00,6.183891716722266452e+00,5.825033906781505344e+00,6.452567740765829285e+00,6.040941144439194943e+00,5.968480043262426982e+00,5.939479457060717671e+00,6.657106653076200864e+00,6.101668910576856675e+00,6.022959688587655513e+00,5.890852991500896252e+00,5.875561772057805499e+00,5.688422238972545841e+00,5.766389395206484636e+00,6.184785909378327950e+00,6.442326629342813860e+00,6.174065072827826128e+00,5.949874402462651979e+00,5.881813701079929402e+00,5.818304200495681755e+00,6.034486157620320590e+00,6.707760643084126784e+00,7.015748141164661611e+00,6.031214965891256163e+00,6.206660844053243586e+00,5.996141487108817891e+00,5.810680540129653515e+00,5.742899187274947970e+00,5.813768566797832271e+00,5.971724399454702237e+00,5.610247591448650262e+00,5.571691385564001564e+00,5.701557905330523646e+00,5.710692419353875948e+00,5.772517105741706622e+00,5.285101855254107583e+00
1.945904673364074577e+00,2.084058334853747585e+00,2.641874738247298016e+00,5.629440377590136713e+00,6.608483619815725518e+00,4.407266238091347432e+00,3.529999912939259854e+00,3.114389680351323353e+00,2.724636461841137169e+00,2.780364238435226731e+00,3.336014075048313376e+00,4.728980220887247121e+00,3.169718607834207891e+00,2.890108585966586485e+00,2.834879060822958152e+00,4.787987533427475739e+00,3.754538600481002408e+00,3.493339204585259594e+00,3.982587200592786036e+00,2.638932917424988478e+00,2.639478865889599124e+00,2.641607619906254367e+00,2.481164306903317129e+00,1.933867439674765265e+00,3.150695301268404247e+00,2.563956842987476392e+00,2.552852859832936083e+00,4.582678999824829624e+00,3.639362105567566008e+00,3.470567017840143986e+00,2.826104261894518022e+00,2.708863638848471034e+00,2.644495307846359111e+00,2.396066333309683660e+00,2.196058687672718168e+00,2.772436901946368160e+00,2.194236800094912176e+00,2.490350868033297527e+00,4.215414188227365244e+00,2.704593021761005467e+00,2.772157700453456108e+00,1.950315782436838008e+00,2.074119593300428832e+00,2.897994645993588581e+00,2.947903835580388154e+00,3.300848158459850801e+00,2.835189931106575134e+00,2.563885991474412318e+00,2.484796288361007743e+00,1.383607529950167114e+00,2.890683794098954262e+00,2.483063022899291372e+00,3.655054812960555566e+00,3.372227024793952310e+00,3.441165247795667792e+00,2.312382240734002004e+00,2.118841569234616973e+00,2.404608510333342775e+00,2.775820582981213480e+00,2.486201642248311749e+00
6.565601007935699229e+00,6.302035307642269935e+00,6.880824863436749261e+00,6.553192053165578734e+00,6.587290753618788131e+00,6.389587050279294189e+00,6.015913385001747216e+00,6.295466519155949570e+00,5.742521984674429980e+00,6.079928399023222241e+00,6.120364964421306730e+00,6.565906068374864013e+00,6.270680397162429642e+00,6.199648368723595482e+00,6.434524342599447166e+00,6.092368579164000764e+00,5.827776866201154427e+00,6.079239243561302963e+00,6.408718674917314395e+00,6.068634842083816316e+00,6.127396298368910088e+00,6.334397249355087745e+00,5.844829094239522682e+00,5.909307592160499389e+00,6.108491333180041671e+00,6.459461400588961233e+00,5.988830465206278930e+00,6.077009007840126209e+00,6.304816082316784254e+00,6.062962540142631696e+00,5.802778607556466461e+00,6.138856416028484198e+00,6.513925413605364589e+00,6.166430277695754469e+00,6.153205057784055576e+00,6.249426248756165592e+00,5.995792201346026751e+00,5.882152971223909788e+00,6.132323086576144888e+00,6.465147486033773205e+00,6.199874726924534230e+00,6.187241169350416570e+00,6.148347523895104416e+00,6.018262215702875118e+00,5.769718270388731973e+00,6.041444041528783337e+00,7.160115525732476449e+00,6.328643487821501878e+00,9.642224282164566063e+00,7.889055853123221773e+00,8.266941224932399024e+00,8.106309950012674292e+00,6.528938449312478021e+00,6.486563464160215453e+00,6.758670775682348975e+00,6.536013449890111460e+00,6.349018084254569594e+00,6.440400963788954769e+00,6.385183654507176065e+00,6.194250743725381980e+00
7.388339507143565577e+00,7.469252727851052320e+00,7.321128394330294498e+00,7.230683380506063962e+00,7.410918512530385804e+00,7.362912986169504848e+00,7.355443885752347200e+00,7.336811480067084723e+00,7.457772452827851062e+00,7.372995347135970157e+00,7.325435348622102438e+00,7.369321422148462197e+00,7.443975802386749940e+00,7.382183434698552205e+00,7.539083834772129400e+00,7.440464841653224859e+00,7.336435091910533224e+00,7.257571000144138473e+00,7.424518320842126151e+00,7.461499292298809927e+00,7.427684938753884580e+00,7.496871920231547470e+00,7.397433617297326514e+00,7.334779025543031850e+00,7.289773097197935314e+00,7.389621379839535820e+00,7.496369258392743262e+00,7.382366742393943859e+00,7.496542341077193861e+00,7.415854047900557688e+00,7.289503919043367475e+00,7.237853305883523269e+00,7.358342569906496600e+00,7.422242659528305531e+00,7.383755095621628683e+00,7.426295170125356115e+00,7.434118735856891647e+00,7.507379527539785435e+00,7.290861104259500181e+00,7.369647373638202659e+00,7.502665336201219226e+00,7.420482270073733844e+00,7.525955276896094226e+00,7.368414931583040506e+00,7.259209539240565334e+00,7.174437684788702363e+00,7.251342035747297743e+00,7.356410465576011859e+00,7.230025236284774337e+00,7.344491573676324769e+00,7.361644719807437731e+00,7.181605846670810145e+00,7.008267497146426273e+00,7.190163927321221671e+00,7.376273063768006288e+00,7.415015583097509300e+00,7.451875094322734761e+00,7.732486508253665569e+00,7.350064785207956142e+00,7.113569871975681025e+00
5.893302086163862086e+00,5.849363554223139694e+00,5.864261032472312785e+00,5.797395367881139627e+00,5.612533409415151553e+00,5.723054351598780620e+00,5.851964946569886195e+00,6.022019848045689017e+00,5.936417307214655992e+00,5.868716683073720297e+00,5.754603814839380327e+00,5.652612584826220754e+00,5.879176340721405936e+00,5.896203035846875551e+00,5.976229932094072161e+00,5.941579599920624233e+00,5.894364731438092697e+00,5.664913156156365481e+00,5.715115392105556857e+00,5.895965435691169709e+00,5.879655576108069326e+00,5.858241298494786697e+00,5.826100559107530330e+00,5.825947390634486744e+00,5.644305674575563536e+00,6.000257235715992010e+00,5.748746581745065143e+00,5.790997491563852684e+00,5.705888639690741115e+00,5.617463348100768528e+00,5.615727894854536828e+00,5.493467247251888175e+00,5.449607923975242407e+00,5.527096298816164932e+00,5.584561115559062650e+00,5.580168046003016968e+00,5.886608292014851251e+00,5.869181688391273077e+00,5.741451036549920062e+00,8.340172199645325080e+00,6.042092295513015188e+00,5.772622897893461058e+00,5.886538397555450608e+00,5.746988624778653687e+00,5.753151945577591242e+00,5.421041921215036474e+00,5.415538117767129123e+00,5.660958696153755909e+00,5.568841262598245301e+00,5.719370936734670785e+00,5.698959131199036854e+00,5.470198344393585543e+00,5.459840812279853850e+00,6.207151238800737048e+00,5.611652014493033747e+00,5.683259069821482434e+00,5.824697260491318751e+00,5.699224104609599273e+00,5.959765412677395346e+00,5.660189186232567060e+00
7.037398145837984842e+00,7.097130661171060950e+00,7.220974912784123845e+00,7.310345099536354141e+00,7.432055122428899097e+00,7.259172590865578201e+00,7.498229965512411610e+00,8.116251231291004231e+00,7.684725273380524690e+00,7.473143763927665439e+00,7.525746511998129940e+00,7.790698338751724350e+00,7.405684844735692884e+00,7.235807685054253646e+00,7.196492100961441984e+00,7.249964370595586516e+00,7.263238618126048429e+00,7.446164287118854475e+00,7.508247504320657129e+00,7.266542330734612420e+00,7.221482637843090302e+00,7.143485663698717403e+00,7.277722802197724938e+00,7.188640257857199956e+00,7.267587394266459278e+00,7.403919487152069046e+00,7.131052292933476977e+00,7.121727797066923493e+00,7.158232220109639776e+00,7.133707351017098297e+00,7.159684097535883751e+00,7.317083957296397934e+00,7.394258757002298843e+00,7.152749887105315452e+00,7.096484008302073043e+00,7.164671874272449337e+00,7.051694757437599215e+00,7.144541403800996449e+00,7.272354680265129545e+00,7.413634838720325249e+00,7.107596212532247826e+00,7.058962309520194545e+00,7.106853098331822771e+00,7.178917753893038878e+00,7.068306598893149051e+00,7.252019736712665754e+00,7.406513348322075529e+00,7.215314853158270481e+00,7.097378745954167734e+00,7.060757289901203215e+00,6.995372040336528485e+00,7.043347969452125490e+00,7.233222422465236612e+00,7.335349900658131972e+00,7.128580326032071923e+00,7.153490829330734435e+00,7.044902513071714445e+00,7.114703239789177402e+00,6.955270640784263492e+00,6.978992465533741196e+00
7.079888526759862133e-01,7.207850963760970009e-01,7.272768781655193360e-01,7.044730797504323849e-01,6.915267477151221254e-01,6.902888389288326376e-01,7.031751329924833538e-01,6.894153625895512727e-01,7.068758028855358644e-01,6.917138789198595816e-01,7.043483875363122371e-01,7.431578355059015317e-01,6.991159302082905480e-01,6.547408533981730061e-01,7.156122804870913567e-01,7.382277691933388786e-01,6.737999090428911098e-01,6.704026281401387344e-01,6.921454854705089144e-01,6.924832749235581009e-01,6.960342604240415953e-01,6.801273756645493940e-01,6.868541076961677261e-01,6.857850814077145474e-01,6.677833735936926640e-01,7.638529185139145694e-01,7.110106902830308773e-01,6.029279527368940350e-01,6.317664822950860293e-01,7.515752055192393977e-01,6.584735220780307818e-01,6.525603629125515948e-01,6.655362279179350971e-01,7.441211126278148846e-01,6.567267783161435668e-01,5.996649478050756210e-01,5.963070803898951056e-01,7.557839772769642250e-01,7.075622901575243651e-01,6.944175334596587312e-01,5.767586879945501011e-01,7.745794405256289927e-01,6.566489246750436548e-01,6.898882982963084887e-01,6.737054554527488470e-01,6.460035064042927155e-01,6.961660473845272534e-01,6.868545815566490242e-01,6.279544119792550561e-01,5.957486411318271280e-01,7.036072835789106694e-01,6.402763020339824473e-01,6.409727926286845623e-01,6.405265003477134123e-01,6.443294728825834650e-01,6.161628860830800081e-01,6.737554497252300489e-01,6.484842174603564491e-01,5.903409297678273715e-01,6.466056588806674554e-01
2.484407709778672757e+00,2.078712480023652720e+00,2.301362291809307514e+00,1.792045619496701603e+00,2.638900984765662372e+00,2.484848408268949260e+00,2.833252756088220359e+00,1.791800522146660413e+00,1.101373556358028249e+00,2.196880185431299815e+00,2.080499976190583133e+00,2.197814692189698160e+00,2.302165790573582616e+00,2.567733660429289078e+00,2.640400737325070857e+00,2.770856460449742986e+00,1.792605706634468943e+00,2.200457594040769127e+00,2.195697838801101476e+00,1.791886042156726200e+00,1.791575745970960920e+00,1.388621802267936189e+00,2.305444768213235740e+00,2.639544710397813798e+00,2.399009328620780757e+00,2.639360559086802116e+00,1.796608458712031675e+00,1.609909543021593725e+00,2.302051219000806892e+00,2.706893329988855790e+00,2.400132343384546285e+00,1.946500848958254037e+00,2.486979564455876979e+00,2.198503084377329664e+00,1.610260375122471332e+00,2.640923981649055730e+00,2.638074152199900269e+00,2.409324246930011793e+00,2.090590364953894387e+00,2.399486022950330977e+00,2.201474368605182530e+00,2.301371310052738650e+00,1.946104582189480903e+00,2.487153365673376637e+00,2.636169959058462631e+00,2.550512173109511505e+00,2.638744973368366775e+00,2.773137704831021288e+00,2.768580254447015498e+00,2.564585283316985098e+00,2.485385684372303672e+00,2.298825233063408469e+00,2.936794592952857386e+00,2.774004432920628371e+00,2.709652689674110437e+00,2.194874349022516213e+00,2.707822033055272026e+00,2.833521742603277715e+00,3.091173032519008324e+00,2.707792180352697198e+00
3.686675559986674955e+00,4.038186289551362051e+00,3.519480417619302859e+00,3.553663672350019009e+00,3.463334111438790774e+00,3.854342532592130777e+00,3.611820375907155878e+00,3.685779737453027671e+00,3.871452017280016644e+00,3.329621515479940452e+00,3.331828053466326711e+00,3.529569784656440223e+00,3.850084335548455527e+00,3.664623992186343049e+00,3.812462003117376153e+00,3.783311588194976594e+00,3.848799271491322394e+00,3.609447524982945410e+00,4.344508817712095627e+00,4.355933708413697758e+00,4.521157520229879268e+00,3.912337883154617835e+00,4.008578649229844970e+00,3.869619464900056371e+00,3.870493539278755613e+00,4.044245364255891317e+00,3.736723119735561482e+00,3.969759250910809278e+00,4.392958796416206901e+00,4.275962657007551293e+00,4.077471784907741537e+00,4.834862852704251424e+00,5.035045459901733800e+00,5.338581582016167282e+00,5.699757893584233237e+00,5.241139491145398566e+00,5.175670363967192600e+00,4.989989336480908477e+00,4.795198307373203406e+00,5.498266423098930211e+00,5.097576057690853091e+00,4.911886923832705421e+00,5.287616175678403252e+00,5.272872800800337600e+00,5.288232533766063170e+00,5.380977486114775665e+00,4.966497252559996411e+00,4.844118379675075303e+00,4.487944118099821189e+00,4.465394001586951767e+00,4.464181264565979745e+00,4.275517250976725414e+00,4.499642115683880839e+00,4.442413098428225737e+00,4.477837153871442766e+00,4.478228869932675771e+00,4.613086018100316821e+00,4.663207387978965279e+00,4.635158102643559097e+00,4.407785203102844385e+00
4.753525281469875630e+00,4.527521593647472642e+00,4.743480270974543167e+00,4.903160797333119270e+00,4.927415326021600706e+00,4.843850083819391195e+00,4.712732330281230730e+00,4.336954675659424829e+00,5.099610102924962973e+00,4.743264213560037135e+00,5.095191377985607062e+00,5.161288387411125278e+00,4.504407711813112947e+00,4.532123846989193794e+00,4.360928189162883939e+00,4.777541399333988359e+00,4.700355569676038847e+00,5.091382377882858634e+00,4.947912766760263814e+00,4.497607140546805660e+00,4.530564866547966751e+00,4.220108081797673272e+00,5.419711100495575806e+00,4.497516167165837686e+00,4.644402281966729440e+00,4.624834587193014990e+00,4.330569913883301147e+00,4.331510466100557899e+00,6.374405344963244069e+00,5.418895151618364103e+00,4.820943047393599912e+00,4.780992420210282923e+00,4.774522898592318931e+00,4.918552312710747110e+00,5.814307792102202832e+00,4.511236531527444527e+00,4.812786019678311433e+00,4.744595977978236512e+00,5.509562010117472930e+00,5.195876424250415404e+00,5.050247205716183352e+00,4.420031910712404866e+00,4.563819078138225294e+00,4.691920928784504063e+00,4.663201040072899595e+00,4.941271743380160508e+00,5.479547969915263828e+00,4.745354551785924357e+00,4.593666636554265992e+00,4.785967544007942109e+00,5.377753033415571871e+00,4.348074978112707711e+00,4.198949725463998028e+00,4.626365548221103019e+00,4.860203570964027442e+00,4.914659311158376731e+00,4.853132662159024058e+00,4.749689480787674611e+00,4.586528241271301987e+00,4.592611717808864569e+00
1.608704953269531002e+00,1.949057653961670633e+00,1.946501906307532170e+00,2.078069508239912988e+00,2.196767846232708266e+00,2.079107196557146597e+00,2.197086175240341444e+00,1.791234766006509105e+00,1.387119068596562865e+00,2.196137115462888811e+00,2.395911555187447473e+00,2.302910548806816671e+00,2.077391818354626274e+00,1.384997345592142493e+00,1.945830640295457270e+00,1.943323435997047710e+00,1.791579466194135550e+00,2.197129796823988013e+00,3.135218908940361260e+00,1.945650994723480132e+00,2.531998974701213267e+00,2.486252754971792100e+00,1.789640453631165418e+00,2.396242443394888788e+00,2.484195050275127326e+00,1.794004695020528839e+00,2.638574922129130584e+00,2.833685586391723632e+00,1.947683813666409414e+00,6.920422719646547316e-01,2.193331532557359242e+00,2.708752050636467068e+00,2.080237716681945681e+00,1.605915685393828563e+00,1.792777868496416183e+00,1.612633792866755789e+00,3.131957590560932481e+00,2.396041064165757017e+00,1.949706635226974294e+00,1.944350576512494211e+00,1.944063565228944190e+00,2.484769467466407811e+00,2.709016815471626316e+00,2.194488459815478354e+00,2.390996416834998861e+00,2.481812389971569832e+00,2.079684955098403787e+00,1.789358435553907167e+00,2.196270477466694793e+00,2.304039742338006569e+00,2.197698941605784828e+00,2.079829204904398043e+00,2.403650101401813011e+00,2.484980312646345002e+00,1.791585134162567483e+00,2.531175949240982881e+00,1.172585413733325810e+00,2.584533634716281281e+00,2.079055211382861312e+00,2.399976756568039438e+00
5.958883769581068031e-04,6.878635269829278531e-01,1.094423356831899952e+00,6.932243821839224607e-01,2.114266444455988742e-02,1.230135629009603514e-02,6.949602401294859844e-01,1.445480043705382051e-03,-4.152339019886650603e-04,1.389378221455722429e+00,1.090417798376705383e+00,4.518259896379118956e+00,4.779576202517302974e+00,2.484335894451257687e+00,6.908992500649965285e-01,1.399710745622799735e+00,6.627779717016852867e-01,4.847642921086472434e+00,8.062939961010298973e+00,3.763834953056378829e+00,2.078790343979912247e+00,1.599388871659029876e+00,1.799277037833392878e+00,1.401840021306551165e+00,6.557749187217041253e-01,6.629591110863780612e-01,6.761011878429677990e-01,1.772393648120065501e+00,1.758723527100868989e+00,6.862862489798904342e-01,1.039915404186560893e-01,1.107624093489091299e+00,2.405165460838354016e-02,6.988636946706356934e-01,2.223534417064165769e+00,1.818836568206619875e+00,1.109301268063452861e+00,7.186864520282871815e-01,7.216810574620402541e-01,6.879415717450392265e-01,4.003982937628060290e-02,6.432343086476088878e-02,7.007331053645190488e-01,7.129190619871716983e-01,7.213402149340383263e-01,1.446344633724488959e-01,1.590359888731811999e+00,2.221163578654439599e-02,5.010901351256732278e-02,9.323566279123762790e-02,6.265191941672193510e-01,6.536500217207008578e-01,9.290021688917171616e-02,6.499964018224199669e-02,4.519224987818542399e-02,6.496400502240273767e-01,1.112652640353156253e+00,9.467561697160085943e-02,6.837539634740633643e-01,4.391998498891813534e-03
3.802691885663583182e+00,3.930589007439666993e+00,4.210492509952671547e+00,4.323121848182198690e+00,3.777610797609155746e+00,4.220992634005310329e+00,3.988228456978962111e+00,3.794957782030580429e+00,3.146104650258708446e+00,3.431038659357674270e+00,3.854558711421141926e+00,3.624506768845257909e+00,3.360599287679158831e+00,3.146023506749977106e+00,3.336715807967852498e+00,3.407736887579071894e+00,3.740279690108836430e+00,3.303733097243527705e+00,4.030706343858990515e+00,3.750641804908586341e+00,4.075577688323586578e+00,3.337725381720099804e+00,3.410429105828609586e+00,3.408839733173949060e+00,3.462058682421974343e+00,4.290737814654074000e+00,4.107728703761664768e+00,4.088522270284517646e+00,4.804437535483894628e+00,4.566991510732213655e+00,3.453587984541569789e+00,3.016826236125843774e+00,2.949512954827406386e+00,3.066337036165331043e+00,2.938628139753061141e+00,3.243551546118088602e+00,3.408307986720543692e+00,2.617418500460737985e+00,2.816531186150137867e+00,3.515550094408232518e+00,3.282896556945494648e+00,3.223597170642338305e+00,2.765606789683249911e+00,3.303490001320448677e+00,3.339792330559849809e+00,3.267738519160623412e+00,3.902980750785941311e+00,2.984736173563345307e+00,3.052947970546630696e+00,3.105647719643974902e+00,3.358437205746449994e+00,3.614253975320046663e+00,3.339593316028150571e+00,2.897798290911996144e+00,3.105759281943584860e+00,3.346333209747061055e+00,3.376733973623111229e+00,3.111176959835099343e+00,3.225233670170444711e+00,3.048125372127714172e+00
3.554165384229191371e+00,3.461066729324783875e+00,3.687537595708823446e+00,3.871320730547127997e+00,3.932960087649747472e+00,3.967442824122205725e+00,3.779889987116046068e+00,3.294403748142070487e+00,3.176375336295111484e+00,3.554271815245163779e+00,4.219281564435368281e+00,4.230945655892596413e+00,3.779834952978473606e+00,3.913580466772932365e+00,3.929399257441480664e+00,4.266922927618804096e+00,4.633820239173029876e+00,5.175056070614006742e+00,4.947843348613580439e+00,5.053963129802162335e+00,4.807373483468124320e+00,5.092680046916839842e+00,5.098778048687070630e+00,4.946907880019229431e+00,5.026103900215473708e+00,4.968864219861194087e+00,4.769969298298771143e+00,4.778740600888469636e+00,4.683982397713738699e+00,4.719284658999483462e+00,4.758391966824019548e+00,4.858479234364857291e+00,4.836959367851750180e+00,4.458684160798922491e+00,4.351314966411504948e+00,4.547318075184524133e+00,4.869342041357759499e+00,4.943723938005071261e+00,5.051984744468636102e+00,5.077591987439980414e+00,4.720315625215807387e+00,4.611483143889191894e+00,4.659307955340159957e+00,4.892399949267619341e+00,5.063206610117005013e+00,5.024225185326773868e+00,5.284960746384971486e+00,4.870801680301289238e+00,4.811707925798990537e+00,4.574413739099957965e+00,4.873596016759241145e+00,5.123815751618459480e+00,5.336111088214220644e+00,6.663129104726109198e+00,6.629261210301543805e+00,6.421424561721780222e+00,6.199567292788870532e+00,6.145089871947830851e+00,6.167533291437865550e+00,6.096828500482967428e+00
2.995178527944643232e+00,2.890201169397963454e+00,1.791177059553099804e+00,3.332377157460047368e+00,3.045118892074853534e+00,3.786778614658917519e+00,2.993506568378920818e+00,2.638202997930120031e+00,2.565337894647485850e+00,3.219121324702805875e+00,3.257535657634070603e+00,3.185235155289426245e+00,3.136711086679812244e+00,3.758721280220096883e+00,2.890875358037447551e+00,4.811294457314755135e+00,3.260548943294963919e+00,3.135840372769438833e+00,3.043944618757782994e+00,3.497110591936008817e+00,3.261462838475743808e+00,2.890962905511730519e+00,2.566125123463716129e+00,3.369708359157453703e+00,3.762841278352679453e+00,3.434441506931335208e+00,3.221197425266544290e+00,3.001178741254382221e+00,3.434301545482638218e+00,4.464750274940825214e+00,2.945427572362412150e+00,3.635539968030938596e+00,3.849726669514100141e+00,3.044515393396273417e+00,2.945216481372355144e+00,3.178056281665606608e+00,2.640749167278846343e+00,2.636740754716324187e+00,2.398506863666087341e+00,3.333903798545144959e+00,3.092988805167692590e+00,3.433889577600055532e+00,3.762243694587695142e+00,3.219489746477436132e+00,3.440523058182274774e+00,5.193662996352578887e+00,2.484706604419621989e+00,2.886848307210252429e+00,2.858786167336286432e+00,3.296294529537768803e+00,2.565552039238131687e+00,3.177854944635860157e+00,2.771135175744724677e+00,2.637604225349586606e+00,2.639526956252975065e+00,2.199953920192965651e+00,2.993739941545751293e+00,3.331735368011432552e+00,2.945452881031776382e+00,3.762128095906442038e+00
4.219319206855326243e+00,4.158470703016246439e+00,4.007968239261474608e+00,4.128296627194463220e+00,4.090815602940921281e+00,4.370517947516492363e+00,4.305317112281228376e+00,3.583525848684137483e+00,3.848932606800114176e+00,3.495391263596932419e+00,3.639392107653466546e+00,3.806510839757138775e+00,4.406218200017852915e+00,4.247977410758220884e+00,4.672640316352086209e+00,4.344641944716699733e+00,4.371725448601202046e+00,3.928961615903339588e+00,4.045680985750751191e+00,4.159572706746762272e+00,4.290638476036528814e+00,4.263257857159949538e+00,4.276465904185588585e+00,4.575838924836182819e+00,3.988915028854784328e+00,3.806203917136858461e+00,4.060441305642599197e+00,4.653302117151623563e+00,4.364536134717421412e+00,3.688360460895545589e+00,3.988638739002072775e+00,3.892022549117359453e+00,4.126926302881209097e+00,4.042503124674986736e+00,4.256870413750567295e+00,4.355165747396659626e+00,4.442682713936529026e+00,4.233563679931061863e+00,4.251938320571374774e+00,4.248183182545591130e+00,3.970170574336162161e+00,4.733694984911080539e+00,4.140743969722175066e+00,4.509100801347616816e+00,4.896732283561929577e+00,4.369425364575032944e+00,4.277436449432760135e+00,4.315518150375954320e+00,4.370238960274495987e+00,4.476680427057329048e+00,4.531126062665000731e+00,4.604863228272590092e+00,4.060753342677742239e+00,3.763229340685132485e+00,4.109237990252009531e+00,4.076517203443644100e+00,4.418917594861764719e+00,4.531471821753512152e+00,4.189443625768802804e+00,3.640182297269944467e+00
5.834062258875587048e+00,5.890306687021482190e+00,5.903974731269215681e+00,6.146425348070844841e+00,6.272273650394135203e+00,6.098217303666855216e+00,6.163227707322636917e+00,5.905018735308598110e+00,6.184796722028049309e+00,6.324661719585612296e+00,6.432861264307144999e+00,6.672285201155048640e+00,6.360637230284513777e+00,6.373495250229575859e+00,6.260290006060988510e+00,6.229015794279945339e+00,6.297328917105549984e+00,6.345368851925761611e+00,6.427464051682923341e+00,6.247720631972685013e+00,6.515882054161731496e+00,6.456296971561998888e+00,6.394509290852847805e+00,6.253003165351138648e+00,6.495533113087462951e+00,6.496379523963398128e+00,6.226129598728793013e+00,6.172185588391278621e+00,6.079949060577647835e+00,6.315312165041446768e+00,6.548708202632085751e+00,7.761423343663669705e+00,8.084070537546391932e+00,7.707568540146502833e+00,7.574081249603399790e+00,7.509127856601463868e+00,7.279988096227420158e+00,7.185825984455191495e+00,7.922632444820545849e+00,8.113043781574685198e+00,7.716310653973434519e+00,7.600517656609459216e+00,7.506265076316662288e+00,7.347061136480776966e+00,7.195129947773743595e+00,7.602375129371313101e+00,7.839292405869733749e+00,7.508143479058033698e+00,7.425777517715331122e+00,7.386511136205355932e+00,7.253091752510671064e+00,7.263434902988181285e+00,7.620725127903313023e+00,7.952318772017113346e+00,7.753832899151749558e+00,7.708305988259345654e+00,7.750104053345387101e+00,7.533786000532992411e+00,7.563127858809695070e+00,7.818503397594160909e+00
4.919375143256290883e+00,4.880822859835567407e+00,4.903519145325708095e+00,4.827189045586342431e+00,5.082730675876916848e+00,5.078509501977498175e+00,5.012874775757041768e+00,4.845328765216340372e+00,4.792790051436853993e+00,4.669441473066963333e+00,4.811543655260924979e+00,5.200477381138247424e+00,4.877013276801297259e+00,5.238037648584620953e+00,5.163939444623816932e+00,4.842961508789937142e+00,5.004522571746621296e+00,4.959103533465614611e+00,4.927582049383572915e+00,4.946037692129904073e+00,4.996963756155826886e+00,5.204575492453854757e+00,5.175551745052959340e+00,5.283424219099034147e+00,4.936572737158380519e+00,5.325204575229051329e+00,5.049707096336135237e+00,5.013102080736675958e+00,5.301891856168029271e+00,5.175591777710626396e+00,4.876743480017010413e+00,5.340281794034643426e+00,5.342207119090049083e+00,5.259604421790142759e+00,5.204809911203185813e+00,5.057935911179844979e+00,5.201379784609572177e+00,5.288123808280817961e+00,5.358200128706524623e+00,5.444471567777275034e+00,5.331644920963606538e+00,5.172953217141539994e+00,5.438212766947645882e+00,5.491198101742659432e+00,5.180549224481030279e+00,5.210671122108242237e+00,5.043517792546404088e+00,5.167311895854082238e+00,5.370097821332980637e+00,5.137017765354416454e+00,5.318921524157815384e+00,5.010057321311667700e+00,5.164410571354943080e+00,4.929440459384175632e+00,5.109235572360242728e+00,4.828149802394793966e+00,5.021287792843568631e+00,4.710118218234894627e+00,4.670437692402989782e+00,4.542393749528226721e+00
1.791749005080495838e+00,2.079244559361421718e+00,2.484508073481245916e+00,2.564423077420328489e+00,1.608865203296236723e+00,1.608001480670736560e+00,2.079062735920299332e+00,2.076235528659090779e+00,1.946271102218728455e+00,1.791215217814228655e+00,2.077873279099947457e+00,2.706213828361915041e+00,1.609850731129611745e+00,1.388248946898616998e+00,2.484339643225736083e+00,1.790827494556688215e+00,2.196366572603946299e+00,2.300544520190785924e+00,1.792199780898178219e+00,2.078536451044380673e+00,1.389448333881849074e+00,1.609233712678878936e+00,1.607672944116560032e+00,1.609713112703615279e+00,2.199663810999521019e+00,2.194665107079763366e+00,1.608593880062688219e+00,2.303413327378931008e+00,1.609038847198888789e+00,1.609798040868297475e+00,2.198148777820613908e+00,2.197043883704090650e+00,2.081166441665375899e+00,1.605590055008250472e+00,6.719073746226552624e-01,1.608779617250543748e+00,1.789775449156098652e+00,2.013523881902248736e+00,2.196561711514936288e+00,1.390635386807567375e+00,2.297441423013623307e+00,1.099153403470203960e+00,1.385866162368929011e+00,1.604674974920831554e+00,1.388050133560498667e+00,1.608747178311865866e+00,1.387018103403849123e+00,1.794541272377150554e+00,1.608429492217419376e+00,2.081513785115323589e+00,1.606950620629538085e+00,1.385264379123758438e+00,1.385546218513650008e+00,1.609406487963759069e+00,1.109638392559129327e+00,1.605130629508380480e+00,6.713441983339922814e-01,1.380375793988852573e+00,1.392179178989300548e+00,2.389807321868326451e+00
7.512127214135570163e+00,6.951255042956481667e+00,6.620901071833226403e+00,6.146476065416216272e+00,7.183119579451036074e+00,7.093775970908064110e+00,7.727581059984588663e+00,7.983231743352074972e+00,7.242609566676804000e+00,7.346453438277708692e+00,7.428529827492012849e+00,7.220986180115519737e+00,7.202297171729404646e+00,6.992193077639536902e+00,7.003609789300153210e+00,6.915087358851677912e+00,6.700695020610170971e+00,6.799249095839912549e+00,6.885063595387119761e+00,7.071645528121973001e+00,6.921978659561569991e+00,7.050077389749370482e+00,6.899907034061025790e+00,6.882485274290318422e+00,6.247563165754419501e+00,6.530925401271709951e+00,6.682590631190000074e+00,6.623783069023856385e+00,6.844815169824970624e+00,6.732695198054498675e+00,6.795909925538411223e+00,6.672134772573516059e+00,6.654991480543179350e+00,6.866369309557812883e+00,6.778110206654439196e+00,6.822535678393188974e+00,6.674218179550878816e+00,6.460843763180971422e+00,6.069563071908365970e+00,6.786471876811345894e+00,6.734723326595132065e+00,6.501881749299794677e+00,6.704420818609735377e+00,6.598003835514553828e+00,6.419319298902728121e+00,6.310374283027975650e+00,6.564472962842305748e+00,6.503773996172017569e+00,6.504871103734489068e+00,6.380776100791804240e+00,6.232855303939087932e+00,6.061781388524922320e+00,5.830497349766426751e+00,5.662500703993742945e+00,5.606209267258781992e+00,6.253657557302465975e+00,6.120430028527193755e+00,6.065044943800883104e+00,6.106038504307963244e+00,5.558248356588296524e+00
6.425700168462578965e+00,6.151703451003621481e+00,6.044091646885418889e+00,6.401839944610224542e+00,6.526722212957415614e+00,6.188416788973455596e+00,6.125383739002871586e+00,5.891969308616148204e+00,6.058587875674491308e+00,6.742480048326982001e+00,6.541384175306131255e+00,6.379182206501527119e+00,6.262636362516211364e+00,6.109645000160403683e+00,5.910588514503296587e+00,5.818147893230496415e+00,6.112444615979821805e+00,6.952278679821389140e+00,6.509359480242489226e+00,6.079607419190759643e+00,6.382164806658637168e+00,6.577075613934325382e+00,6.376345419964501993e+00,6.188233641942789909e+00,6.591231757549136816e+00,6.473567310798766350e+00,6.236604721767045056e+00,6.303729894057137351e+00,6.406902778543096311e+00,6.458028628767915613e+00,6.490139596562162438e+00,7.695708453221702605e+00,6.822436992398386302e+00,6.503193248123013248e+00,6.538136848752585273e+00,6.585619890628111150e+00,6.163531994155746041e+00,6.314730154559752506e+00,6.537120552187815292e+00,6.568852943497299535e+00,6.329601682084610381e+00,6.188421515849078958e+00,6.293677242307235353e+00,6.108443526483900321e+00,6.000184603282152196e+00,6.187033279447776479e+00,6.474497095312622186e+00,6.099311974690382776e+00,6.026399625194142295e+00,6.280944578669298117e+00,6.082954217448758527e+00,6.094794592352908325e+00,6.117163144811732955e+00,6.347875846654539522e+00,6.197005246165496750e+00,6.237906838821452915e+00,5.992644515519850223e+00,6.120023419038628454e+00,6.371789558472421788e+00,6.321579826121264567e+00
6.120699369600156814e+00,5.953551165867703610e+00,5.957424957588712822e+00,5.866282115425191179e+00,5.924632413603799108e+00,5.875575185109477516e+00,5.831901462747489440e+00,6.284269661021069098e+00,5.984408605226384736e+00,5.779771487035019639e+00,5.470550418844323914e+00,5.580550502576135941e+00,6.004522499113742917e+00,5.901503446727700997e+00,5.933934047930298661e+00,6.000914817750457431e+00,5.802909253171996795e+00,5.561923366779071287e+00,5.659227186130498133e+00,5.994474362395810552e+00,6.479588685272301696e+00,6.478127146474616183e+00,6.131423340238404407e+00,5.920980093608057437e+00,6.307892738708822833e+00,6.619763539014774878e+00,6.568608979987796026e+00,6.237208405668765110e+00,6.015441762192542896e+00,6.357841553809997492e+00,5.928741101428777860e+00,5.493580424888013347e+00,5.706688267254602209e+00,6.485923086998020004e+00,6.224532662602624278e+00,6.010907418953371995e+00,5.772990263236986053e+00,5.525206990064750912e+00,5.461151909309307051e+00,5.518494595305440953e+00,5.906519038605635430e+00,5.747835873475811930e+00,5.827288561800249234e+00,6.180549580072286275e+00,5.888630834594818175e+00,5.799309955979112807e+00,6.021772470783401943e+00,6.438032036469893526e+00,6.607396134418720202e+00,6.048601735890281716e+00,6.437063441051738444e+00,6.749100475029137236e+00,5.684226450073365910e+00,5.474258273058129731e+00,6.164388631511584116e+00,5.872508611062063899e+00,5.759055729865538709e+00,5.764093148913977060e+00,5.499789066861731968e+00,5.113155160230496321e+00
2.317178601843398411e+00,1.982511635142993889e+00,2.384367454687808419e+00,1.445784079175579162e+00,1.395743002100964469e+00,1.789041716959594241e+00,1.993811241679916302e+00,1.099041343083586808e+00,1.140459249463848579e+00,1.137351015800642795e+00,1.419906774549289263e+00,1.944972112917059404e+00,1.642103078521401027e+00,1.794935583186887618e+00,1.453956492283346114e+00,1.856232039868082495e+00,1.391318863444577225e+00,1.108339704255275837e+00,1.609843120324601751e+00,2.079232088143825763e+00,1.607114451986229486e+00,1.790319714554243102e+00,2.310322341762699683e+00,1.092685686151330327e+00,2.211873133850511319e+00,3.526239058406459126e+00,2.475104950267719595e+00,1.791532100747691203e+00,6.823103096715172899e-01,1.949989646686820732e+00,1.609288181028560416e+00,1.394392375679638363e+00,3.297358702122072494e+00,2.831894500474434917e+00,1.944871574146894044e+00,2.302122790323971824e+00,2.078413435023603650e+00,1.127379762477445757e+00,2.078938772940662094e+00,1.626349760063960259e+00,2.640751859743831531e+00,1.386361772805255299e+00,2.578603493914303435e+00,2.301186012730446873e+00,2.561981938698904671e+00,1.946432165749721444e+00,2.708025684086011076e+00,2.397942701538013477e+00,1.802764012323819776e+00,1.948025580320115635e+00,2.078169580846517039e+00,2.398203653612128949e+00,1.788257387230715478e+00,2.198266528247323492e+00,1.797905681786320820e+00,1.813371614221364503e+00,2.414836318918953229e+00,1.119297580453832097e+00,3.092931667577644372e+00,3.156079813697107106e+00
2.728663477470411269e+00,3.463633609260765134e+00,2.782304201930126730e+00,2.317251680749423670e+00,2.643631921404375973e+00,2.406965983796003350e+00,2.861560726510331776e+00,2.893072897282557232e+00,2.659200790505162448e+00,2.303688630750209576e+00,2.983171710887421391e+00,1.974587039907270691e+00,2.091565213689041691e+00,1.613213666241592570e+00,2.093210564117550465e+00,2.203672841923543846e+00,2.082770903044673716e+00,1.796389913526837967e+00,2.065597531253745789e+00,1.945339428955070504e+00,2.201481760127838250e+00,1.105517855695749452e+00,2.482790361267697588e+00,1.607695504948163823e+00,1.799355001799747278e+00,1.635133244867085001e+00,1.955526033799441343e+00,2.310096925636689669e+00,2.074858010316259715e+00,1.799771957273860634e+00,1.092265739606822716e+00,2.644955344677804021e+00,1.797331643966527892e+00,1.611648424754049680e+00,1.793421285815639310e+00,2.183125351841253448e+00,1.805379051549426350e+00,1.105276303815830863e+00,1.392392448596638133e+00,6.847488005290377489e-01,1.620402855688335864e+00,1.950299382603005505e+00,1.948181264332377705e+00,1.618008966578291741e+00,1.399505192257858965e+00,1.382408540572632294e+00,1.795766813663990158e+00,1.795059876430614043e+00,1.117917187737768048e+00,1.073683274642463825e+00,1.378220417263864350e+00,1.619701473407903602e+00,6.895072311903249762e-01,2.086543715129647758e+00,6.748665060923230152e-01,1.097119355956176934e+00,1.797851087141723925e+00,6.969378136841448690e-01,1.386194338801074011e+00,6.777991592669329046e-01
6.927512487557087040e-01,1.381628040949676395e+00,1.608892774256314828e+00,1.095659417164236205e+00,1.943120499968480575e+00,6.959883420424300970e-01,1.792765988745220751e+00,1.098781609242681645e+00,1.100138136910445708e+00,6.888201793023432939e-01,1.607141883573299124e+00,5.214253161444254436e-02,1.381743187318873911e+00,1.394221795054476187e+00,1.601430691739874623e+00,1.372704816697868369e+00,1.602032158634053349e+00,1.385825879283595796e+00,1.429179113217555683e-02,3.081138478970454312e-04,6.891326397030629325e-01,6.459817069859584704e-01,1.927573654322182861e+00,1.929567114906256320e+00,1.101059558648721959e+00,1.097718671102349886e+00,6.901921066883963674e-01,1.387386990450977908e+00,1.378205317546201680e+00,1.094343808361725623e+00,1.375670600887437534e+00,1.786225907194323170e-01,6.728049379895888471e-01,1.094621993284588202e+00,6.783892209955193486e-01,6.834097468851773050e-01,1.102385607877077955e+00,1.091929175890092418e+00,1.389697302009921254e+00,1.936350715488338370e+00,1.086949908390469233e+00,6.946588538606199847e-01,6.751533179731453727e-01,1.387834916166320376e+00,1.379766202745122072e+00,1.262097802140714986e+00,1.098394956211145912e+00,6.765971398907880685e-01,2.978923323912822108e-01,1.110122854985969409e+00,6.868916417556411025e-01,1.094405528425009821e+00,1.378052250460531480e+00,1.087609207698854830e+00,1.098549715995851273e+00,6.861304989768199913e-01,1.783188027756253735e+00,1.095316048117785268e+00,1.105263540485943441e+00,1.092727370342855497e+00
7.651134523565855439e+00,7.568998727297018725e+00,7.693931313213029810e+00,7.715903107634325409e+00,7.760091342926141778e+00,7.726425039630954394e+00,7.674509193028784537e+00,7.516118647424221422e+00,7.621539945645476877e+00,7.560403039623444066e+00,7.508959797876755715e+00,7.685537312684167510e+00,7.578550455553453524e+00,7.649390364264719189e+00,7.553128168375828899e+00,7.696281071389125650e+00,7.699979701447715819e+00,7.744875359105301449e+00,7.788063865053335810e+00,7.795529528703967870e+00,7.718137321263073503e+00,7.873777818347337920e+00,9.043225540742954038e+00,8.926168523748323480e+00,8.401882734475947245e+00,8.236805463685135109e+00,7.967484793134113730e+00,7.911742407704019264e+00,7.790212924043482978e+00,7.767397778040373346e+00,7.789643878899022766e+00,7.731992511661267997e+00,7.729563358016164898e+00,7.833816405638067693e+00,7.631602699113356536e+00,7.675200450592432944e+00,7.735160567248057006e+00,7.695087481677672869e+00,7.741060725036063239e+00,7.719331006695015596e+00,7.513269886199013037e+00,7.668764753881817775e+00,7.675717332314959229e+00,7.729334039794357736e+00,7.751818370400605396e+00,7.629154161833833214e+00,7.656639152731974818e+00,7.687907492083814631e+00,7.582205652045451494e+00,7.517464773633695252e+00,7.518233939919624298e+00,7.655962578901854165e+00,7.590928125113276970e+00,7.635991130728906562e+00,8.117589310387479884e+00,7.896007694999955362e+00,7.725532611873516586e+00,7.745202801407389259e+00,7.729896304709433785e+00,7.674747583439214260e+00
6.212701685176772237e+00,6.122008649763488464e+00,6.119480305844799517e+00,6.532423437591239335e+00,7.961896426460684850e+00,7.448074642898921738e+00,6.839313798844413483e+00,6.114283121910066399e+00,5.452807566795372374e+00,5.180168584337454973e+00,5.103915357664200236e+00,5.162623862568906041e+00,5.041315313055044989e+00,4.895091912074003737e+00,4.955539577716422173e+00,5.066458813396164551e+00,4.673117330465965225e+00,4.750924127920673534e+00,4.623208967555865634e+00,4.717087071481832261e+00,4.421850473278669647e+00,4.859124872602737177e+00,4.584840805527319318e+00,4.344394159859106708e+00,4.583138964275748961e+00,4.785800389597048898e+00,4.393513977749057275e+00,4.635235041482144602e+00,4.778547876069744405e+00,4.654762677086475620e+00,4.244434949992181849e+00,4.596610847328622462e+00,4.622259901344439648e+00,4.552225097182522440e+00,4.367688860758265790e+00,4.428168225548204440e+00,4.358739743255891419e+00,4.209303362856549491e+00,4.345569546799203486e+00,4.174063014451063758e+00,4.454476877196457352e+00,4.468414917414133214e+00,4.626188499083898620e+00,4.716478074596454739e+00,4.443801667740978623e+00,4.276423309445382515e+00,4.496733183389478583e+00,4.540154525375727168e+00,4.368362798767207344e+00,5.109136005973736516e+00,4.510691500013610522e+00,4.301515015036877720e+00,4.521656802208330994e+00,4.466844437949265334e+00,4.727216623351499614e+00,4.532651850792298376e+00,4.443852706759478188e+00,4.232942562090911132e+00,4.339474979280472766e+00,4.777909805077040772e+00
9.812619743280203366e+00,9.476971869899427858e+00,9.341798830772962248e+00,9.432958848181362654e+00,9.510229990502965691e+00,9.322548993931215833e+00,9.233013037632776587e+00,9.137572288769097995e+00,9.374500111286913295e+00,9.430747988291749095e+00,9.341953188763122640e+00,9.345190887681372516e+00,9.232687935138461199e+00,9.156607888281133256e+00,9.217017196367494947e+00,9.095657333506073527e+00,9.171291954200196272e+00,9.148417319196676445e+00,9.241832267793862243e+00,9.257368425832680714e+00,9.124046398221846488e+00,9.044161750299172908e+00,8.993383125854174764e+00,8.895707340579670941e+00,8.964627411015852587e+00,9.052432071312278339e+00,8.982770356096567710e+00,8.999200104216274809e+00,8.985308384589373532e+00,8.965158266685115507e+00,9.080436370993556494e+00,9.106367313746801528e+00,9.062597208142156191e+00,9.083423862403309457e+00,9.038152635493162279e+00,9.018205634035577845e+00,9.080618301658647695e+00,9.027084876315649709e+00,9.006589720614371686e+00,9.040357498906944400e+00,9.375694965031346584e+00,9.171484794283610853e+00,8.980632694264253146e+00,9.048289563198530061e+00,9.052906114969125895e+00,9.156001202290992680e+00,9.090313793771569451e+00,8.983488948553851827e+00,8.940821732689876455e+00,8.890349588740082964e+00,8.867608625643496723e+00,9.036182684609688209e+00,8.812358140491715730e+00,8.771451313481668066e+00,8.980677325274058376e+00,9.131493365611621726e+00,9.052608628219573461e+00,9.067925075907330879e+00,9.025237188529651178e+00,8.868982746654204163e+00
2.567322707967981898e+00,2.636225530019796981e+00,2.304771414349876313e+00,3.331478859317313024e+00,3.091154924108176161e+00,2.771129800563735479e+00,1.791691434436516905e+00,2.080868657364027374e+00,2.397481648825483092e+00,2.826270205653327761e+00,2.890886578858793854e+00,3.465699450627991673e+00,3.043160252759212092e+00,2.080597927155727334e+00,2.772218623654946423e+00,2.713444818349464605e+00,2.707188172191197673e+00,2.483570026671388042e+00,2.483577480561869777e+00,2.942847338565425463e+00,2.565005840238964385e+00,2.638158635851617806e+00,2.770419077048717149e+00,2.944701101171261381e+00,2.889916559938271678e+00,2.772650145375369579e+00,2.638235593894832309e+00,3.070780923595471279e+00,2.771466150627396097e+00,2.886476867158134230e+00,2.638696979231394568e+00,3.161301980414061852e+00,4.354128711551250142e+00,2.470699466885530438e+00,2.477638177354930527e+00,2.888933389634211313e+00,2.542369552165228530e+00,2.376846944276906903e+00,2.748460480937631178e+00,2.562779775749068012e+00,3.429753066215371238e+00,3.275701841156434035e+00,3.904947816223004242e+00,3.570956584657360544e+00,2.985699015320335992e+00,3.088853551151095722e+00,3.662785897207767594e+00,4.165812363441768085e+00,2.824091467368880171e+00,3.071824028076031166e+00,2.994830889984627653e+00,3.044274568504700795e+00,2.768779743217200107e+00,2.993992370829417382e+00,2.395080476167436245e+00,3.147106059628388852e+00,3.135873932700474764e+00,2.563359295991999076e+00,2.709018660427563674e+00,2.639734558093660866e+00
6.350544809760831910e+00,6.556871867147179067e+00,6.305270484770332473e+00,6.441428662159840890e+00,6.569555598856482881e+00,6.236268275970064501e+00,6.350077995456142155e+00,6.203043579406591235e+00,6.171512438411999035e+00,6.357501747493651045e+00,6.651161466706934533e+00,6.657498293629735109e+00,6.328674019782630999e+00,6.235696523361127674e+00,6.279223172927601127e+00,6.091756908099140944e+00,6.045954427243769302e+00,6.452297067317955381e+00,6.479846573588964986e+00,6.172392571673619877e+00,6.074640714900251481e+00,6.273967750538267829e+00,6.159111016760846269e+00,6.355940864189379980e+00,6.266150004427331943e+00,6.343913005716935061e+00,6.120836412408235283e+00,6.108742354785275275e+00,5.958206104117789614e+00,5.997620885618909270e+00,6.414192238345896691e+00,6.248889674705782049e+00,6.324200951480346333e+00,6.088067772717293380e+00,6.054820860960687057e+00,6.037575414405586649e+00,5.922316301176866915e+00,6.338583839149265486e+00,6.315174706063886312e+00,6.299450664323114069e+00,6.025135496380550570e+00,6.005523048818925957e+00,6.004318607510336747e+00,5.890423322818740814e+00,6.162718809199742687e+00,6.204872798803383382e+00,6.282908646116483808e+00,5.981192015904663428e+00,5.962482820871168876e+00,6.098867015529989111e+00,6.117041186687345089e+00,6.335789266458945690e+00,6.253737581592108796e+00,6.359268467880093922e+00,6.238956500781931425e+00,6.505989960002366956e+00,6.375577282436490023e+00,6.324865524862983257e+00,6.646166962889842544e+00,6.297308164781730611e+00
1.608055527321063272e+00,1.607955655935986217e+00,1.097490681915535449e+00,1.791976101610471384e+00,1.387078409987283489e+00,1.385920332484601447e+00,1.099601096849112780e+00,1.098266617297240177e+00,1.610036258847099999e+00,1.609055505995423907e+00,1.945601032064431690e+00,1.098212669195311131e+00,6.930675942332528150e-01,1.384967334226421043e+00,1.380788417820329350e+00,1.099214775329370841e+00,6.841907594552103511e-01,1.387438383057778557e+00,2.396538559078396524e+00,1.945431910389578301e+00,1.100874700926457450e+00,6.923937443167876848e-01,2.071438391544617286e+00,6.814737395118183327e-01,1.795848810781146998e+00,1.606514301463411343e+00,1.932518267155092451e+00,2.949606523312414907e+00,3.260048004566844071e+00,1.100356206840662043e+00,1.096657017789471222e+00,1.379630022663435707e+00,1.604013469204695230e+00,1.383527092209511311e+00,1.944554668239090400e+00,9.519439540937787991e-02,1.106704558290051654e+00,1.097045586989128907e+00,1.605321513702147262e+00,1.090256633342026937e+00,1.215686713302208677e-01,1.095959674801101569e+00,1.359624391166007751e+00,1.608264394118615659e+00,1.613794645009839268e+00,2.079287271478988508e+00,2.480575903579246066e+00,1.608419553500344490e+00,1.598173406892262838e+00,1.783688807223142492e+00,6.939359830645538407e-01,6.934265215664323634e-01,1.098662857551402583e+00,6.911234180958026885e-01,1.099561496160629259e+00,1.095697949864326226e+00,6.865799184660449361e-01,1.098335213418158762e+00,1.607678516641646960e+00,2.294781923562481118e+00
5.446568445275362436e+00,5.686326132731273297e+00,5.496364659287007903e+00,5.497928498770874306e+00,5.590898351439599345e+00,5.366087137456074352e+00,5.228997309235833946e+00,5.196177347516473866e+00,5.312856154336465409e+00,5.331093146622389867e+00,5.704736420791030937e+00,5.691446810298447012e+00,5.513611140357308926e+00,5.332630113051231469e+00,5.384238549017044129e+00,5.729748099913553716e+00,5.594157301200207044e+00,5.726249107921889347e+00,5.598665370467687197e+00,5.525513014258400801e+00,5.544543629653997385e+00,5.659085713844144827e+00,5.324085895874667074e+00,5.417372846256164109e+00,5.503583795041302018e+00,5.412460200807610811e+00,5.303208730507988022e+00,5.184146423851328400e+00,5.388215450556065989e+00,5.295127015272356630e+00,5.395886071486319935e+00,5.438329131532243288e+00,5.417691680450490210e+00,5.676313128463723601e+00,5.639734715057930892e+00,5.410400529828326199e+00,5.731149926094539993e+00,6.022786901474229460e+00,5.759779569712148550e+00,5.804866604603752478e+00,5.329033337317187424e+00,5.496054762181281639e+00,5.202954131554905715e+00,5.432307357545975712e+00,5.303068623546301374e+00,5.426881987549911024e+00,5.409494547148699262e+00,5.471127183740260413e+00,5.335840912556609972e+00,5.231314341973051896e+00,5.226528981659961381e+00,5.570822242692345938e+00,5.549508199412817255e+00,5.519646137142138365e+00,5.429092243987941657e+00,5.923062675895311990e+00,5.436274241851527300e+00,5.846370320579207025e+00,5.555332961618568710e+00,5.889866788800516062e+00
2.484954696447076117e+00,2.195005523548181348e+00,2.078469682012928033e+00,1.385484326429455626e+00,1.100002604498049541e+00,2.301780038721686683e+00,1.609297371801573284e+00,2.079589501154392561e+00,1.610397297021678886e+00,1.610430300093835809e+00,3.139070356533168127e+00,2.638358346471813665e+00,1.947257903498344600e+00,2.302452649105575233e+00,1.945073876548453873e+00,2.299436906680528470e+00,3.210863065500961344e+00,1.792094294681580546e+00,3.629246468905977352e+00,1.786497085513623961e+00,2.079001914876057011e+00,1.607034261282036747e+00,2.705706244093581958e+00,2.560393941858698952e+00,2.298659333908025015e+00,2.890894577748236660e+00,1.400542167083373091e+00,1.098333723163564146e+00,1.946879271957274504e+00,1.613483173314304242e+00,2.483496417952513746e-01,2.495104795347502957e+00,2.567353813630325554e+00,2.197452698941782412e+00,1.394743849018316606e+00,1.794877907394736072e+00,1.807578116519596989e+00,2.319378112165916050e+00,1.948377682438677816e+00,2.399800801856917243e+00,2.395305379517449929e+00,2.305730151399333572e+00,1.785400227039202647e+00,2.073478689832753741e+00,2.395720396416940456e+00,2.073561064159435308e+00,2.298239513170219350e+00,2.304219909713225878e+00,2.406924685077535209e+00,2.080390101991788310e+00,1.946833425995510458e+00,2.993390241959302145e+00,1.380204811702180345e+00,1.790092321829634958e+00,2.302728660157617568e+00,1.944061662235494703e+00,2.170883457525299765e+00,2.944727189999132744e+00,1.385287518255059025e+00,1.946915449078401084e+00
6.925757503684316418e+00,6.353039532859603433e+00,6.157569717151865518e+00,6.493904610389811261e+00,6.330634955741209602e+00,6.465731915366606408e+00,6.490345910959342213e+00,6.294957627285936219e+00,7.475746365144368966e+00,6.958598612288796836e+00,6.943117280789568468e+00,7.397499482854391850e+00,6.983029670413317014e+00,6.530717686557349744e+00,6.305087593263924539e+00,6.605937119646106304e+00,6.546355503657993680e+00,6.547419977237222355e+00,6.571918689133055658e+00,6.462505679126838487e+00,6.736242986928383303e+00,7.954094023417350279e+00,7.563572043327623895e+00,6.960946164312471929e+00,7.028995471663064265e+00,6.957019928892870908e+00,6.704008876302401276e+00,6.392655990511667774e+00,6.323263801241935766e+00,7.079835926633466059e+00,7.286552342166897844e+00,6.927010521051955472e+00,6.479253953370660568e+00,6.205309636903336923e+00,6.995705558601929219e+00,6.899456442394470201e+00,6.327779199769011598e+00,6.249308609384967461e+00,6.349780458122686433e+00,6.644568383123787392e+00,6.921134316973314604e+00,6.647122893635090790e+00,6.520521524540249025e+00,6.308281321818703269e+00,6.279013626224172029e+00,6.371633581190801365e+00,6.333375256368604767e+00,6.287238490078045139e+00,6.204616587882843426e+00,6.675385030328819802e+00,6.392955644642756674e+00,6.074213026535611348e+00,6.125415511597045892e+00,6.058942409236388826e+00,6.241707175559307430e+00,6.389737706737110834e+00,6.224096181527190907e+00,6.361902717674523977e+00,6.217696999562263294e+00,6.057694493173947592e+00
6.663943684250322796e+00,6.720334861930935766e+00,6.533714087317237684e+00,6.691493476849792010e+00,6.632642771918786373e+00,6.527519623243992264e+00,6.690896037248417194e+00,6.506984390149148645e+00,6.556833607732633240e+00,6.656347600345219995e+00,6.753309201232282177e+00,6.651334883224893524e+00,6.727321286631444686e+00,6.786013412732770256e+00,6.869854070276154800e+00,6.894004428318351252e+00,7.128475708771642161e+00,7.201712991784462226e+00,7.236456972752245420e+00,7.214714128560538065e+00,7.097209152435079993e+00,7.195954772210108707e+00,7.001063747836289153e+00,7.137790400687284098e+00,7.031847244753131498e+00,7.084214755683058584e+00,7.016248023345182716e+00,6.880339361021945876e+00,6.930627879604640107e+00,6.785603681180529811e+00,6.802377917055783207e+00,6.904080013690251150e+00,6.834730876704975699e+00,6.816770668582601722e+00,6.667526359116264345e+00,6.823752454711371485e+00,6.736927864142902678e+00,6.733001870478406481e+00,6.706303179134082804e+00,6.750937891887502040e+00,6.782391664333855097e+00,6.821102407801537204e+00,6.736951975290185857e+00,6.864413060957264889e+00,6.674852008115568225e+00,6.547724503258996798e+00,6.622765599906152545e+00,6.602671479551544209e+00,6.612402527402883479e+00,6.644914161587200496e+00,7.253088388043089196e+00,6.471254227218993016e+00,6.483274202679444542e+00,6.370033939219263530e+00,6.527668544431369568e+00,6.582107912592419119e+00,6.575225993208534625e+00,6.628955059681150175e+00,6.532826167748448043e+00,6.315103427781860290e+00
4.042400837783560519e+00,4.093559176497445051e+00,4.498526829542193184e+00,4.041026469570352830e+00,4.074631476502382554e+00,4.680312049300131783e+00,4.563695190308831862e+00,4.330931534732054722e+00,4.218618727316406414e+00,4.142399243987153312e+00,4.429997194522947268e+00,4.204781802304859539e+00,4.356407636215243073e+00,4.431337016911736093e+00,4.419341344047743370e+00,4.158455199665055169e+00,4.436106123412775659e+00,4.050020133567890923e+00,4.025182743606785074e+00,4.094269561719474204e+00,4.827874486303373125e+00,4.234222980357674970e+00,4.075721499003710946e+00,4.220237891666357655e+00,4.159856499316718192e+00,4.637675940985259260e+00,4.691104234110816229e+00,5.080236225810940809e+00,4.615288920082128321e+00,4.402833479756350421e+00,4.204909934482707889e+00,4.024253495771950462e+00,4.076278115424721626e+00,4.235929622764822433e+00,4.976519202523915553e+00,4.583641569357619794e+00,4.128662877409343679e+00,4.407272427469047571e+00,4.025438766606751706e+00,3.935767239779249138e+00,3.911597431245022793e+00,4.542579563951883337e+00,4.489079156357145273e+00,4.394641264519872692e+00,4.247855335779524566e+00,4.058758731341097992e+00,4.233003416403834152e+00,4.613794045907272157e+00,4.466191343200363484e+00,4.277860772582639193e+00,4.290302585502884014e+00,3.912600536218787894e+00,5.281827373609347731e+00,4.478057688507457890e+00,4.443730131520552185e+00,4.202064208679141544e+00,4.315000129031470344e+00,3.929159920375860704e+00,4.093425079249198184e+00,3.736018607189990792e+00
9.086086393277332363e+00,8.795693646322099823e+00,8.426376942352080235e+00,8.458080494445068709e+00,8.549075602273815022e+00,8.416472999909958119e+00,8.608562078138405127e+00,9.057668953591436534e+00,9.040812006889222374e+00,9.079021588281955601e+00,9.137588507010571348e+00,9.234239665502848027e+00,9.254430620668740559e+00,8.855740204563442575e+00,8.781447196880360906e+00,8.675174315110226075e+00,8.995251460737085480e+00,8.626393252364003672e+00,8.884553103826933196e+00,8.861111746146491441e+00,8.674760387604255385e+00,8.684954796466682225e+00,8.476649400923605526e+00,8.879544226957372999e+00,8.430539638789964485e+00,8.926694563276734939e+00,8.858811174341932215e+00,8.595928838736435651e+00,8.757735673896181794e+00,9.220446113892069917e+00,8.849121316765412359e+00,8.902027645293021152e+00,8.988014263453026231e+00,8.726661753569572966e+00,8.565747489153954675e+00,8.503397081900208931e+00,8.769119443353108778e+00,8.672025981091193714e+00,8.339151407516146364e+00,8.453431376631698413e+00,8.571863450237959370e+00,8.528022906063885245e+00,8.610448332707832719e+00,8.803571006507064922e+00,8.815043379060412576e+00,8.596536047377334455e+00,8.613579012552417424e+00,8.614919720203177533e+00,9.068862400448875150e+00,8.865821341748846507e+00,8.779785016101710582e+00,8.892295220958766677e+00,8.830391700599738769e+00,8.906108867993017597e+00,8.872155394332569500e+00,9.207267291473476334e+00,8.842704448240077397e+00,9.292167577604896422e+00,9.042775420740257530e+00,8.751945642323072150e+00
4.963089545419863136e+00,5.025877715980428206e+00,5.091820943274302458e+00,5.151858613225674510e+00,5.292788240370890129e+00,5.763797830834088032e+00,6.437140592703448405e+00,5.507962205310832360e+00,5.302613178160038743e+00,5.423858687655503275e+00,5.683392934988987122e+00,5.570854613672830524e+00,5.313576452320980081e+00,5.021954325376468908e+00,5.094704178555295115e+00,5.067695758601229450e+00,5.393002577084549110e+00,4.905107264655378607e+00,4.896365617935353853e+00,4.861437667964697340e+00,4.816673332975897281e+00,4.950799642798680011e+00,4.827485213639397976e+00,5.128643453110664829e+00,4.905145132989472856e+00,5.071846420284389367e+00,4.974989554721065410e+00,4.868189203405070664e+00,4.941153172220104750e+00,4.916738050067231747e+00,4.778707478221146054e+00,4.654994692970293890e+00,5.475194456288467570e+00,5.425006253900949815e+00,4.998152550356230073e+00,4.961882194971750870e+00,4.852790399445703784e+00,4.771915359841560900e+00,4.974920955263219646e+00,5.044198684764806373e+00,4.861648282608418192e+00,4.968760300000643504e+00,5.248356903296982345e+00,5.303266382278758684e+00,5.090919065765471707e+00,4.751823243501767102e+00,4.819562172538268463e+00,4.694882922509700407e+00,5.077032721495883472e+00,4.832319297873320707e+00,6.508029741022030024e+00,5.130308691555668155e+00,4.933445994783427935e+00,4.907013652254425651e+00,5.305852178634612670e+00,5.171764184556995936e+00,5.677939177432079099e+00,4.913453725782010117e+00,5.090549895256945234e+00,5.011038185116366783e+00
6.949843681567982934e+00,6.979044322131496614e+00,6.784185996507599903e+00,6.641588448746822415e+00,6.883222520114390619e+00,7.000487217811747875e+00,7.112844096560038132e+00,6.828697126023532959e+00,7.691006052281652572e+00,7.522611954993253747e+00,7.669463940029364935e+00,8.146934012292668115e+00,9.580437387009832051e+00,8.309616020625695043e+00,7.778294067884827356e+00,7.426617210097262500e+00,7.430726166054101078e+00,7.092923474316116028e+00,7.143878756133288377e+00,7.096363109635801081e+00,7.032582638010391740e+00,6.912142003118831646e+00,6.965218638728898348e+00,6.712026222529168251e+00,6.421022190064271662e+00,6.698082014683929053e+00,6.864280011786460634e+00,6.954780210625565395e+00,8.642906830774101934e+00,7.963837530330330594e+00,7.326701620718708341e+00,6.885462882109938398e+00,7.101954658331361969e+00,7.030835920989721544e+00,6.993080381485433428e+00,6.857886449313658872e+00,6.915031764704204775e+00,6.787727931553983574e+00,6.574460001177711455e+00,6.723023086316399777e+00,6.846597101173274247e+00,6.803743657226024588e+00,6.914551343131266847e+00,6.763741916507338026e+00,6.504210247728008376e+00,6.669369413107971489e+00,6.728005557939710002e+00,6.637148576521867405e+00,6.525490853516230594e+00,6.442653964490995477e+00,6.284148355560358112e+00,5.970417210944509279e+00,6.003784891752105501e+00,6.338644479404570653e+00,6.403429335700469238e+00,6.398145826676228332e+00,6.233934338225411764e+00,6.263897293201699412e+00,6.181002249862687314e+00,6.099019480555546657e+00
1.610141355378249317e+00,2.078814354140912535e+00,2.301138768414419999e+00,1.791408320494871420e+00,3.040135397386377392e+00,2.077282440223358506e+00,3.044128465543374240e+00,2.772346174386699058e+00,2.078741824710928388e+00,3.430785975431175139e+00,2.771940323649775717e+00,2.198015795542883843e+00,2.195662576916780129e+00,1.945217976424811868e+00,2.302957084316363812e+00,1.386795292732857288e+00,1.607449848788149671e+00,2.096626097564345148e+00,2.197282308179831389e+00,1.946215085304642489e+00,2.484624102312549709e+00,2.564293780481860185e+00,1.387633215441987034e+00,3.664143000803246952e+00,2.484994676166340621e+00,2.300055969738133754e+00,2.399178792885132250e+00,2.300731677198645908e+00,2.077658324370102783e+00,2.076310520454564212e+00,2.300669056741722507e+00,2.301770862201258261e+00,1.799598379712050056e+00,2.196531929123549887e+00,1.607499358320839011e+00,1.611320282554265626e+00,2.764957720801859420e+00,1.605786979902098732e+00,2.187220503837973062e+00,2.077780076267609299e+00,2.197065815703021396e+00,1.945167943965336210e+00,2.679915443782658890e+00,1.793736464900238081e+00,1.949572064516197800e+00,2.888855811075855318e+00,2.082515888519246960e+00,2.198513272591206658e+00,1.791727653943917753e+00,2.761754877441075173e+00,2.485034758477872252e+00,3.606856268109924990e+00,2.198252671115594303e+00,2.309393734649942687e+00,2.638798401339368382e+00,3.131936163274036566e+00,2.562331008868381055e+00,1.610048188928244750e+00,2.298738727950800698e+00,2.396840842586339893e+00
6.596237167781773714e+00,6.463370705509911218e+00,7.179315784042090698e+00,6.815530644798748483e+00,6.618300227879509556e+00,6.906716605374006335e+00,6.957240824251930356e+00,6.594124857551350694e+00,6.564912731922331268e+00,7.109069314246765359e+00,6.747516403754842962e+00,6.871799102177071461e+00,7.168448217053299487e+00,6.872696486352795731e+00,6.922367056901296500e+00,6.858198150551579886e+00,7.646141277595340568e+00,7.101834899335488061e+00,6.692986492213232275e+00,7.152100150345711782e+00,6.882505754539145038e+00,6.651545493605701687e+00,6.694765351486815952e+00,6.750104535683845164e+00,6.589734397388749443e+00,6.639325656916332363e+00,7.602450383312824300e+00,7.155980030429120120e+00,7.145664866534247039e+00,6.834177305470388930e+00,6.872518456874183279e+00,6.648861393856460467e+00,6.574536914237858909e+00,7.711159848576046194e+00,7.584972536708983526e+00,7.002064856045371322e+00,7.018581751096372834e+00,6.661738035923206347e+00,6.623337365130764987e+00,6.600041500083205115e+00,6.816216205002622708e+00,6.710364946320433788e+00,6.655340922142886306e+00,6.630951877531237493e+00,7.440902284765797070e+00,6.494844023152922752e+00,6.606651814326971461e+00,6.621166566239879536e+00,6.674487623253924973e+00,6.548677485765123762e+00,6.368682661997554284e+00,6.801533426303366880e+00,6.609555956599900917e+00,6.526709819751516761e+00,6.441190017871258000e+00,6.263414901848127769e+00,6.288662599403647135e+00,6.298062773353221289e+00,6.142861976446027938e+00,6.089964919484214256e+00
4.903654183240794495e+00,4.880533139685888422e+00,5.105045176814582142e+00,5.496715757745288755e+00,5.459226169264207229e+00,4.975027728079912670e+00,4.905681974292361858e+00,4.521791550871679277e+00,4.894950038236520307e+00,5.208980983267442078e+00,5.328569910111752073e+00,5.410635598695749948e+00,4.540128910674108731e+00,4.943331044242293082e+00,4.709363841478538149e+00,4.919664988052456778e+00,5.342614651435408035e+00,5.626693858370002133e+00,5.639986500146195070e+00,5.185566998654907778e+00,5.360846623768421360e+00,5.544745660195868453e+00,5.794508029545111683e+00,5.590075700828914584e+00,5.803585586109772265e+00,5.818638939804961829e+00,5.562826445714501133e+00,5.424417628961587745e+00,5.446455366825253996e+00,5.594883264590553296e+00,5.649547425016427482e+00,6.030092125786671531e+00,5.963423986099578578e+00,5.428725243666825406e+00,5.419410828811487058e+00,5.597734138521551550e+00,5.293728063525702687e+00,5.527132307784263787e+00,5.802572330333564565e+00,5.952891989253985550e+00,5.581612263533502372e+00,5.650974579554203459e+00,5.378886222066934231e+00,5.442480083656653811e+00,5.387473977706896733e+00,6.008990022922241714e+00,5.924488540655535651e+00,5.866110442407498127e+00,5.759234954354629288e+00,5.934571058270424970e+00,5.907018293775431417e+00,6.040760557284319709e+00,6.389472677774509002e+00,7.117744705438489028e+00,7.117333432745084565e+00,6.890383242276100439e+00,6.698856393578660473e+00,6.582913460756636859e+00,6.666052225982014079e+00,6.865982182766900976e+00
5.360317477225838623e+00,5.280900169949664047e+00,5.490596174914165850e+00,5.909301636024804516e+00,7.261713220681716763e+00,5.946215820369924465e+00,5.440939576255413357e+00,5.293485558713745931e+00,5.240691773716848800e+00,5.836866626095726041e+00,5.854866682445604376e+00,5.810720247733186739e+00,6.146824169557907780e+00,5.721965162255157722e+00,5.413046242950359854e+00,5.521623610816173588e+00,5.412080830647160390e+00,5.592988259583830057e+00,5.787097139290103165e+00,5.081722616017145810e+00,5.037271272815107892e+00,5.237298273162937612e+00,5.113057393672512774e+00,5.284695335693868401e+00,5.656814549690070137e+00,5.494559485327459747e+00,5.129763689818276795e+00,5.250655893394590379e+00,5.257942875452996212e+00,5.031789484219408415e+00,5.106520892521263733e+00,5.594915565566802584e+00,5.555624123242551171e+00,5.190447694936866974e+00,4.904117692104804860e+00,4.954987480572803804e+00,5.036217506343639627e+00,5.063904876030965063e+00,5.375591136165520645e+00,5.521329727502574336e+00,5.045846279833240189e+00,4.962786941796937690e+00,5.078382890780720693e+00,4.905340280295155786e+00,5.151641003145935649e+00,5.430203554993864756e+00,5.607545423259803208e+00,5.275630789080890004e+00,4.988746082275007154e+00,5.130689288956739702e+00,4.860794159789095126e+00,5.225792635997065894e+00,5.434152201182023134e+00,5.686680286440819465e+00,5.217155225569709565e+00,5.189411628247169617e+00,5.401009704827407276e+00,5.240610999586333918e+00,5.422568726170526432e+00,5.397215008692150207e+00
8.046998820070262681e+00,8.026974496486003474e+00,7.839846198061657390e+00,7.780101659788017265e+00,7.816800720732784313e+00,7.395410683510521999e+00,7.971344720256493765e+00,8.004994433284524646e+00,7.798866311902043158e+00,7.738366020514737542e+00,7.827086799220445812e+00,7.852495606786915161e+00,7.690419862958728814e+00,8.789406523739556221e+00,8.782007703662493725e+00,8.895965836527674142e+00,8.530503593499362935e+00,8.486583156699731845e+00,8.356166424535430792e+00,8.099489042339993006e+00,8.655602365375454355e+00,8.716394134055903464e+00,8.627709439671422231e+00,8.337479660535398907e+00,8.509227866422422792e+00,8.438617207983991619e+00,8.005223103242904870e+00,8.949433822270744798e+00,8.775643226240287476e+00,8.409646246025250349e+00,8.584269749361528312e+00,8.619861284138913504e+00,8.266174338762125373e+00,8.059639289702849041e+00,8.373403630998094371e+00,8.587830979743660720e+00,8.403147104264231615e+00,8.292738035050081891e+00,8.312981686473506215e+00,8.478705677010466957e+00,8.183213322296511549e+00,8.566771653716736878e+00,9.207160512939370989e+00,8.749638377843325543e+00,8.748289107797335262e+00,8.684652441457178185e+00,8.496068200845320106e+00,8.309361905992735942e+00,8.827156141796677957e+00,8.820498784235599743e+00,8.478660371564854970e+00,9.227368384993917871e+00,8.679550026790629147e+00,8.532751502142090771e+00,8.289262181691332998e+00,8.174197510676817657e+00,8.102347919065438830e+00,8.086033983903377020e+00,8.136559791261516850e+00,9.266140371561085942e+00
7.343242545283137801e+00,8.003653379595796480e+00,7.819411810738857049e+00,7.603049994229349906e+00,7.433973674118340647e+00,7.044022308780955477e+00,7.112882525699488312e+00,7.280710412474192594e+00,8.006133330948577154e+00,7.979000849532265960e+00,7.655825736070071663e+00,7.824810489099723654e+00,7.387800638804798758e+00,7.020649505416015401e+00,7.061413517776641058e+00,6.910300337087823763e+00,6.820069854311906710e+00,6.975223506525897399e+00,6.973973014407220283e+00,6.663078625790412879e+00,6.662105160083937605e+00,6.384404898072556733e+00,6.271077845110258231e+00,6.296944712004203915e+00,6.380603761152687348e+00,6.520051533977730962e+00,6.192746749464041578e+00,6.244018467380120896e+00,6.155756406582490570e+00,5.903418958508219738e+00,5.745890709285002451e+00,5.998269265014599227e+00,6.197588072536720283e+00,5.882252837843982896e+00,5.981833028841699651e+00,5.770747190214364331e+00,5.703017289486318475e+00,5.683980348211846056e+00,5.959633609716530778e+00,5.965378793526033618e+00,5.823562281707777011e+00,5.541482807306087999e+00,5.748177731499201748e+00,5.570855970989766703e+00,5.452454284482823432e+00,5.704168024678653026e+00,5.657682700273456433e+00,5.511754217042657444e+00,5.407270353181076850e+00,5.415080420062917455e+00,5.413418617022131230e+00,5.292333678667204389e+00,5.486176192751861080e+00,5.559801846855688900e+00,5.686078405353295118e+00,5.560139190373567963e+00,5.520412264234574984e+00,5.358578382406943064e+00,5.858789767721485298e+00,5.695448725241098131e+00
5.243376012306589118e+00,4.303243225402384908e+00,4.826958805605803704e+00,4.615364019530767692e+00,4.956934160319009131e+00,4.595049168021684949e+00,4.095439658592622045e+00,4.785769997062018000e+00,4.394160913105135791e+00,4.664042836140713355e+00,5.022281198014006520e+00,4.803921290705205571e+00,4.912025306920769552e+00,4.552061491933606874e+00,4.803228731863972811e+00,4.229101317655295844e+00,4.882854101816923809e+00,4.880498474431268718e+00,4.289302351612141351e+00,4.526207410007341281e+00,4.204482358201715009e+00,4.735105419615114997e+00,4.636033523171469994e+00,4.443534633983644788e+00,4.726578119579968096e+00,4.442982054084334109e+00,4.654935399351740166e+00,4.890220963453506542e+00,4.704958173218711792e+00,4.755709911239129006e+00,4.678171791099244636e+00,4.221559820573217436e+00,4.932619095633715922e+00,4.604802946608733016e+00,4.605748992257856500e+00,4.785378856714550544e+00,4.113992972193989850e+00,4.814637583788313968e+00,4.870686118723363656e+00,4.816114089844296231e+00,4.158256025073256978e+00,4.541347431301463899e+00,4.813912156123939745e+00,4.632501747356164046e+00,4.587713045708422754e+00,4.753540542220408227e+00,4.890953336527975814e+00,4.759869562863409342e+00,4.586293760682071508e+00,4.308340502020942431e+00,4.833031255149417227e+00,4.475770171816471965e+00,4.733354330526085896e+00,4.921118449446594489e+00,4.871568118220011456e+00,4.592620026244849996e+00,4.477859774618253574e+00,4.723708290695694423e+00,4.573906484496645497e+00,4.897633365859706878e+00
8.789988886289499703e+00,8.747243600971502886e+00,8.906462810179197831e+00,8.762533416007679321e+00,8.957511223431632530e+00,8.911625759647860079e+00,9.083855757694653477e+00,9.616912644280589006e+00,9.297406065875426506e+00,9.163196429944887811e+00,9.223955643642241853e+00,9.086292896525488771e+00,9.152882214051945908e+00,9.042073853794450500e+00,8.944889654820356029e+00,8.959476556445329365e+00,9.031501799133160091e+00,9.078560519749174773e+00,9.092651207138606750e+00,9.069045355433074107e+00,8.991956718655103487e+00,8.951674820402569566e+00,8.917902987343410359e+00,8.918503312681139050e+00,8.867265270642493036e+00,8.932127217804733732e+00,8.811175926753080034e+00,8.783501782462467489e+00,8.789161178348532388e+00,8.720525585132493873e+00,8.680133032253371184e+00,8.481278759547251411e+00,8.731669060045458508e+00,8.772142966309973033e+00,8.844563180272539071e+00,8.881313268671428673e+00,8.721662919047835416e+00,8.641873581858115827e+00,8.705927327034897800e+00,8.700586752814805536e+00,8.721326503198326918e+00,8.800260965215661813e+00,8.707666264229711572e+00,8.590647906638919196e+00,8.454804078393609146e+00,8.383608412910335872e+00,8.453851320008936909e+00,8.413418720330502865e+00,8.357311036621128508e+00,8.308701186188079291e+00,8.292435235795537096e+00,8.117375780089117754e+00,8.124107822397606427e+00,8.257127929918635090e+00,8.415353036535474729e+00,8.315823527274803340e+00,8.341305712357501179e+00,8.312545553731473191e+00,8.277484607161209595e+00,8.277854550254847510e+00
4.585732880187235239e+00,5.549096242129993861e+00,7.041556067138481367e+00,6.181457632216068809e+00,6.163980350601028668e+00,7.109616073354985133e+00,6.118845192847066627e+00,5.250691709108717298e+00,5.169621396316502526e+00,4.614103800140561873e+00,5.060441175845513229e+00,5.050881923967781795e+00,4.779544538208001292e+00,5.271132472980612604e+00,4.890970836872541305e+00,5.066809359339851326e+00,4.480545956994769874e+00,4.990270329706138597e+00,4.941749305589467234e+00,4.893835411655212297e+00,4.788134838348624633e+00,4.504413658592495651e+00,4.342601515433782033e+00,4.594275428921759108e+00,4.521403134488495290e+00,4.779909528292030529e+00,4.551001882108797858e+00,4.419388637911115580e+00,4.415410645294231884e+00,4.198994411422397377e+00,4.591182056135529876e+00,4.562634782912733833e+00,4.731790052616587694e+00,4.388292969703055491e+00,4.886059925685469096e+00,4.768926712068128460e+00,4.621210691570328599e+00,4.669886267937982893e+00,5.117182583715553790e+00,4.578851020372201042e+00,5.164784442917899732e+00,4.891411492359742041e+00,4.942070715246915213e+00,4.925584588750923309e+00,4.484390101502343740e+00,4.652227727911627753e+00,4.786846835089965779e+00,4.674544946960248026e+00,4.747290929121221303e+00,5.003015231085479186e+00,4.795024072175888996e+00,4.603656493228358570e+00,4.499987657303188726e+00,4.595530189797238485e+00,4.278987052975474548e+00,4.948622848217735459e+00,5.028362997655941413e+00,4.867542068514163489e+00,5.326090913759452761e+00,5.960076335813164761e+00
2.565723059672784245e+00,2.771118006770116882e+00,2.484333484800265612e+00,2.302084731910373439e+00,2.080374270286587279e+00,2.484808995774799190e+00,2.564742128876416505e+00,2.772174065852068825e+00,2.079054130097136355e+00,2.832328855114113697e+00,2.079361321723814271e+00,2.639120007146008362e+00,3.582570605620377435e+00,2.197121332469477384e+00,2.638211430855346151e+00,2.398014348685089114e+00,2.832017859839852214e+00,2.564848494867753903e+00,2.483674689969960880e+00,2.944190765175825675e+00,2.890084841562669205e+00,2.831687406507461979e+00,2.300191978103784507e+00,2.564958181112375613e+00,2.080862274790141964e+00,2.943546409751673476e+00,2.889358564657542150e+00,2.639869930443514701e+00,2.196885749435959934e+00,2.639128991986820605e+00,2.996580663623786389e+00,2.994212342332426946e+00,2.638298039748333768e+00,2.568206116461799304e+00,3.042064373549312251e+00,2.080068392497269159e+00,2.639424141595943851e+00,2.300617811829123838e+00,2.483387165634558968e+00,2.775860105293166846e+00,2.397526535751919763e+00,3.364075445052823632e+00,2.774348788460228032e+00,2.486829630646458345e+00,2.485583209854408615e+00,2.833450903208269978e+00,2.196966094980223438e+00,2.772089962948950603e+00,2.486638973747877124e+00,2.708142364293328885e+00,2.639702021662869935e+00,2.944654787917689198e+00,2.298347959186309186e+00,2.637773602745584700e+00,2.079446801942843148e+00,2.194928661318690466e+00,2.303736376611315251e+00,2.890993699909586656e+00,2.945534689546811524e+00,2.564738309318476350e+00
3.969088859650867995e+00,4.094177876740709543e+00,3.990028409945971077e+00,3.892214226529407295e+00,4.204396567731301104e+00,4.394496050595531500e+00,4.564236938702828539e+00,5.024415585666344164e+00,4.688108876092017319e+00,4.317156283353267732e+00,4.726714692614866209e+00,4.831173008343912834e+00,4.478902127880621364e+00,4.330293900184141620e+00,4.109964077642878522e+00,4.288586009440811253e+00,4.128393746373911988e+00,4.262182977968165254e+00,4.191796675628450153e+00,4.126357911340027051e+00,4.043552322495597373e+00,3.729085078961052346e+00,3.969914558887714051e+00,4.042283430770058139e+00,3.556560387025468728e+00,4.144263249288542283e+00,3.718634798203421354e+00,3.890929333032886905e+00,4.024474345599986513e+00,3.954321095627414184e+00,4.043416508783089114e+00,3.664441792021913447e+00,4.126679543863112976e+00,3.713460468655548574e+00,3.911370547254487740e+00,3.952174863938611171e+00,3.760910058036955661e+00,3.736245044255800618e+00,3.971581409285909636e+00,3.828199173862829152e+00,4.075723933496157692e+00,4.126064992508782225e+00,3.807911521402314925e+00,3.872063017473881708e+00,3.135758684574294630e+00,3.968411669869643887e+00,3.871784683352749390e+00,3.869826754653145517e+00,3.807848774195512487e+00,4.043751528507105064e+00,3.885455104903031476e+00,3.891908119741401162e+00,3.891137201092408127e+00,4.217691149082177127e+00,4.073315843031194206e+00,3.584703667643689862e+00,3.760083466085494930e+00,3.556129310189933168e+00,4.094325112276429479e+00,3.638188992007627132e+00
5.879093924823464157e+00,5.857644530033571328e+00,5.822530481537774527e+00,5.918908128369629651e+00,6.161256098197351427e+00,6.013866251329054613e+00,6.009639652216385741e+00,5.811894604514523444e+00,6.713205246271750859e+00,6.431623726259018348e+00,5.859041560796905301e+00,5.785353040407819059e+00,5.806794467012516670e+00,5.670625616525655666e+00,6.453063332007991981e+00,5.764275935399255424e+00,5.608376601967227870e+00,5.500008504430298650e+00,5.674181373486619329e+00,5.577919146023935681e+00,5.438820772973236295e+00,5.246474670803062956e+00,5.353087452996146745e+00,5.319998998318734351e+00,5.173726640111596886e+00,5.501184295023119120e+00,5.419525259731219791e+00,5.448169264318146965e+00,5.471587215882540711e+00,5.189031211774305596e+00,5.010039178677121896e+00,5.366486554746910720e+00,5.395742004243543555e+00,5.352115847764321366e+00,5.215836305546036833e+00,5.469633672299821114e+00,5.343315136863314940e+00,5.420667390632795346e+00,5.428765111354080020e+00,5.448277525846267899e+00,5.492737570864973939e+00,5.380989304245461291e+00,5.572530220323287153e+00,5.286237518981849348e+00,5.408245293302338830e+00,5.323297976945874588e+00,5.320624697290977423e+00,5.213688881592156932e+00,5.554969486017414582e+00,5.678245143073941570e+00,5.613397634281745319e+00,5.406553921599440038e+00,5.587134086748823947e+00,5.641486997880255316e+00,5.953628737590796582e+00,5.716456495395141779e+00,5.596503145844145877e+00,5.541968071402546769e+00,5.793505098956648780e+00,5.337568260859807623e+00
6.517273572326782727e+00,6.396939760500472083e+00,6.289033154097506184e+00,5.945065745358446563e+00,6.167253699089593866e+00,6.559539492895932078e+00,6.466784084509086483e+00,6.322422353686356189e+00,6.444317340666752436e+00,6.303831695881711994e+00,6.035497143481930671e+00,6.216265015076585243e+00,6.437203305430520217e+00,6.496366195705814306e+00,6.576363818493140556e+00,6.489097371694676042e+00,6.253087281751742665e+00,5.944393767934644579e+00,6.177688526312057782e+00,6.542153380253569850e+00,6.540609432657395139e+00,6.365077635756208885e+00,6.548815091114366105e+00,6.174043889577757405e+00,5.955311525163542008e+00,6.028310768560287691e+00,6.485594812059130909e+00,6.461731754093740676e+00,6.386818474007475821e+00,6.327054529742609290e+00,6.350217209784698724e+00,5.853637886387987876e+00,6.121099697172846632e+00,6.391877270349026752e+00,6.399298715720503239e+00,6.411968689706452729e+00,6.319545727014833858e+00,6.210586923085568145e+00,5.867918434879161538e+00,6.201454867795717085e+00,6.538087805389160678e+00,6.591569457099679674e+00,6.467725005319992171e+00,6.398683048593364120e+00,6.218941422762067184e+00,5.829053100481540461e+00,6.176264477422092725e+00,6.497300392142657088e+00,6.309837830247408519e+00,6.230545005038353068e+00,6.191767984148571102e+00,5.904290827656852869e+00,5.439105987092480277e+00,6.145668110899016767e+00,5.786185239174379547e+00,6.211684275487794338e+00,6.196899016410145400e+00,6.801901554196568611e+00,6.164492231508313935e+00,5.700607926618370236e+00
6.056012183520913084e+00,5.990415266815932505e+00,6.384891271202497443e+00,6.595622937777584127e+00,6.973827740270789555e+00,6.233298565321563345e+00,6.258292202845174401e+00,6.403587478479333406e+00,6.308484469210865697e+00,6.282834512920940639e+00,7.584971201441896405e+00,8.224489598674885826e+00,7.227957546840555914e+00,7.049600888234302865e+00,6.781939427714771540e+00,7.101430783333190888e+00,7.545099136883977486e+00,8.317910913600798040e+00,8.315826072340813724e+00,8.070712581179160239e+00,7.598250207556768387e+00,6.968652301127709059e+00,6.872266060130304943e+00,6.805392247897659175e+00,7.660955261839305308e+00,8.092399552518063643e+00,7.063531943684898451e+00,6.640762329121502994e+00,6.753059331327889048e+00,6.724269603753474378e+00,6.727061557556101690e+00,6.671742122483915516e+00,6.974083183327805635e+00,6.779477727674417586e+00,6.556628149842447684e+00,6.540122213077982138e+00,6.677399421986354611e+00,6.457982026986721635e+00,6.616015984853118148e+00,7.323680612638060694e+00,6.644466311917051726e+00,6.149235894087255794e+00,6.144105110229618916e+00,6.590669542853979657e+00,6.456566685433739572e+00,6.196088524214601101e+00,6.460886877502831638e+00,6.459134865410088189e+00,6.600004156947530731e+00,6.464896770044371799e+00,6.684248897791508881e+00,6.870581992603901789e+00,7.062908125717404673e+00,7.269243504963258218e+00,6.856708568704569906e+00,6.495880733491303793e+00,6.923796463816465518e+00,7.104327558277029553e+00,7.002721640646691448e+00,7.793219133264362775e+00
2.638736549626012007e+00,2.483417101358915247e+00,2.637776027448230476e+00,2.398035518121092835e+00,2.302506168746683901e+00,2.639289799846298301e+00,2.638330613597549945e+00,2.484613400904999381e+00,2.637558828563908886e+00,2.890043504682473063e+00,2.841518429787929012e+00,2.995948926090388653e+00,2.831801861068164339e+00,3.090211223071631430e+00,2.564327063260021689e+00,3.043820972861152718e+00,2.637441255385502448e+00,2.566164112652405294e+00,2.832927195574062029e+00,2.708965575215753319e+00,2.832813357811899024e+00,2.484976375229808632e+00,2.399887774779286165e+00,1.946706599390117809e+00,3.089184141474706102e+00,3.043749540038940271e+00,2.772351496350088595e+00,2.639993790285383390e+00,2.397478182594186880e+00,2.707700533877766880e+00,2.401094199464648860e+00,2.834304050062413705e+00,2.923540570618122114e+00,2.998710877070874137e+00,2.716229079135470847e+00,2.397971943236379744e+00,2.831973173323927728e+00,2.772802342094371042e+00,2.200571565189281653e+00,1.611028224331805259e+00,2.893947838067886025e+00,2.639892490470276964e+00,3.176613177802262378e+00,2.710720188526561714e+00,3.136360401572667822e+00,3.135116851278786587e+00,3.366721878362405995e+00,2.943519156464760478e+00,3.296043678679580591e+00,3.041710792355520443e+00,3.220920850237641631e+00,3.135078714027081936e+00,3.400065343324808254e+00,3.585873829663770884e+00,3.331288362472296427e+00,3.369172153450312290e+00,2.832996772459611901e+00,3.295112745774830820e+00,2.770394793678722323e+00,2.637797519962037374e+00
6.628007644262727815e+00,6.611247675524251299e+00,6.594517189230836074e+00,7.113542128950271604e+00,6.896683804123817652e+00,6.705195160468965021e+00,6.714974289977520883e+00,6.514591035793938723e+00,6.532963926288362977e+00,6.459070866459234672e+00,6.604319511601976167e+00,6.598438047680176055e+00,6.651346981153001714e+00,6.524374239169077327e+00,6.564847900977258455e+00,6.800195750590431132e+00,6.853467668044242345e+00,6.763192469421276165e+00,6.963705233112957416e+00,7.223656139104192242e+00,7.123262605797363811e+00,7.227637046120647391e+00,6.857426777196362622e+00,6.923405145499181401e+00,6.878834470633577780e+00,6.951112595334839384e+00,6.909399167605122294e+00,6.835813323410415698e+00,6.764094062057185219e+00,6.647815877630193881e+00,6.693477149798067849e+00,6.669117023361087249e+00,6.803374211278558903e+00,6.739968542716747280e+00,6.612419767198567833e+00,6.595312749500093830e+00,6.655135110929252917e+00,6.541572594062338375e+00,6.632872049556922889e+00,6.721208958760289676e+00,6.685982132259197463e+00,6.699590466712846748e+00,6.701937941453211423e+00,6.548707387505444899e+00,6.573100068252449191e+00,6.548494604377117945e+00,6.573821708041874601e+00,6.585754006144961537e+00,6.587565984960631837e+00,6.594510534381532452e+00,6.556988700766502198e+00,6.526651612408244318e+00,6.403198318882381557e+00,6.643897010542448633e+00,6.983265944496579003e+00,6.866542700380145803e+00,6.847836829664515790e+00,6.801074107244205358e+00,6.950823537830278731e+00,6.650311206181460655e+00
6.597451784661180874e+00,6.560945720542452619e+00,6.545770023396321413e+00,6.228734609991811055e+00,6.231910476787123621e+00,6.520389115686080039e+00,6.344839425720085302e+00,6.211512143982150569e+00,6.430577327723496772e+00,6.585554230556384780e+00,6.666522281605239186e+00,6.819887612821779577e+00,6.758597083813966400e+00,6.627812396567579256e+00,6.566596361965540751e+00,6.510837305821864263e+00,6.524526074891810801e+00,6.257421596085337434e+00,6.723337481920395042e+00,7.027227959704553051e+00,6.934432507950673674e+00,6.552233183542719885e+00,6.413992246414419895e+00,6.757546274741275560e+00,6.661039192952558530e+00,6.875982796143641274e+00,6.932522430788178092e+00,6.684690559230407558e+00,7.021248829748433451e+00,6.913094890620532063e+00,7.080335274784991029e+00,6.673324391749821061e+00,6.824893275394749992e+00,7.026513643517306562e+00,6.810083534911780312e+00,7.188910117940148226e+00,6.852128599638019679e+00,6.888799839343858089e+00,7.668313751966419289e+00,8.926844334182748142e+00,8.525699947097953313e+00,8.783796091787900551e+00,8.340529748785924014e+00,7.337866926533404666e+00,7.336939495639112963e+00,7.528123853289341305e+00,7.016643238695031926e+00,7.300947793095290628e+00,7.198169344420801252e+00,7.182290814758349740e+00,6.798520059953894190e+00,6.473343535440319485e+00,6.259632406323951237e+00,6.072966566365495034e+00,6.371125886003481398e+00,6.733848172695819478e+00,6.763858420378804581e+00,6.729601620825777175e+00,6.563835423291937587e+00,6.541743682041524899e+00
4.140656575329214384e+00,3.180752297207082968e+00,3.495683598476100773e+00,3.586084462342175705e+00,3.787225824150779019e+00,3.969351508514054494e+00,3.368878662898097787e+00,3.137062824109982717e+00,3.638014294701291895e+00,4.093834661745471060e+00,4.149231659655076676e+00,3.782178573075340111e+00,4.092577109168074934e+00,3.783494190045940453e+00,4.443206166986128025e+00,3.639563233931407460e+00,4.289804651533384749e+00,3.806839876966745972e+00,3.685939957599163819e+00,3.396330590925813464e+00,4.023613663555892117e+00,4.922612452624299806e+00,4.232797392627976052e+00,3.761240161406682603e+00,3.497781237317348690e+00,4.076984097820623099e+00,4.005161012489448780e+00,3.788050004835654683e+00,4.110497389989996364e+00,3.736785595005946092e+00,3.688887743126286090e+00,3.913101971387351607e+00,3.786021774479612301e+00,3.871481458152072896e+00,3.893542296527046087e+00,3.465328715916303537e+00,4.140766572070025298e+00,3.663090124230357958e+00,3.612788885575723086e+00,4.752400012034218690e+00,4.026314856016582233e+00,4.843555682151364117e+00,4.874640086031295283e+00,4.093495901618180888e+00,3.835336619061984642e+00,3.868761803319365367e+00,3.738458706163902523e+00,4.127507103845786673e+00,4.073278216558347431e+00,3.868835892209108174e+00,4.604159317792044348e+00,4.024645755271239800e+00,3.968161427733809976e+00,4.082477527802094386e+00,4.494833278977965030e+00,4.218685525285787108e+00,4.403956110245310640e+00,4.025324991187594570e+00,4.277390005285057306e+00,4.075229540705969988e+00
2.079566038213070733e+00,2.487190532999365988e+00,4.243076636931172096e+00,2.302574017088788949e+00,3.713290377228120498e+00,4.037819980879474357e+00,3.257443742868666448e+00,2.637984431355260284e+00,2.562295342408186016e+00,2.229087396719881653e+00,2.564730859934193141e+00,2.301679938632701816e+00,1.793400130437171835e+00,3.179643858865501826e+00,1.794736399376304137e+00,1.948318087516840214e+00,2.483354640523018908e+00,2.390689556009779615e+00,2.396848553218183575e+00,2.078291321419996063e+00,1.613793917317060123e+00,2.080810476422201294e+00,2.481261318516204906e+00,1.775801708794814138e+00,2.639686280011865893e+00,6.932721405223598587e-01,2.285565641752866917e+00,2.637535551250679511e+00,2.945124430816164818e+00,3.610524718060428739e+00,2.945322791963576048e+00,2.396882444252518507e+00,1.608400158223586729e+00,1.792015738990461404e+00,2.076221291061280727e+00,2.075007363129161231e+00,2.196116706977045308e+00,2.707333275117611571e+00,2.567884382306486302e+00,2.402826145147863190e+00,2.077943809867749625e+00,1.096196258774350341e+00,2.197232376678972976e+00,3.046577665774098165e+00,4.640431215657068620e+00,2.493341264752484410e+00,2.564753491597620894e+00,2.773182664637825923e+00,2.475439390107435855e+00,3.716189283019573963e+00,2.638880450799647281e+00,2.891006873195218763e+00,2.189879893571500702e+00,2.197140506303687513e+00,2.395133736723063844e+00,3.221058212696577883e+00,3.965383277394101125e+00,2.203163722819788006e+00,2.831169874561806132e+00,2.563702544319508725e+00
2.640497600525232080e+00,1.966665910194610234e+00,2.317192499403681438e+00,2.075092774116860994e+00,2.839695571996512236e+00,2.992350653937875915e+00,2.764660774852081726e+00,1.611321663863940046e+00,2.554698358258001178e+00,2.306357621999635121e+00,2.561184024699809214e+00,2.303642364389748121e+00,3.236648734447868048e+00,1.785974586219134075e+00,1.620180966978136627e+00,1.791362746148449592e+00,2.487425409855788860e+00,2.584822931680671232e+00,2.484996800991330357e+00,1.947434101939828688e+00,2.565763791802797567e+00,2.773149835323007295e+00,2.294511537044560345e+00,2.638139170408767331e+00,2.469980247057049105e+00,2.399697217594302767e+00,2.638252060149542277e+00,2.199037690514693999e+00,2.198165970979193862e+00,2.301344184029694429e+00,1.947872167634313367e+00,2.707766394148783284e+00,2.415791087564585826e+00,2.084066877570793785e+00,1.954376293893642869e+00,2.074754640242983950e+00,1.792450696939990262e+00,2.941028554117271820e+00,2.567178410063491345e+00,1.939991153336793284e+00,2.195990294501488194e+00,2.198301419573327919e+00,2.208401163239707810e+00,2.773032723279412082e+00,3.047843631450932733e+00,2.773243373329492112e+00,2.890675162233389273e+00,2.565358447575438294e+00,2.762645606849704283e+00,2.083702810921563842e+00,2.303875036266377130e+00,2.302768838548803654e+00,2.197430462418400232e+00,2.305166488544120984e+00,2.484914196936482078e+00,2.198372644290298439e+00,2.564789630239824092e+00,2.399321408237136133e+00,1.788123856556473212e+00,1.389423173191197014e+00
6.895531418509993626e-01,1.375047025987534699e+00,1.095159588558645813e+00,1.945178010424537307e+00,2.197561087298277371e+00,2.195071663143519647e+00,1.093707259351389682e+00,5.818875040207221495e-03,1.941731814736680439e+00,1.371994688571703369e+00,1.940940706872402277e+00,1.944955068199422765e+00,1.795409156294987207e+00,6.981202803444597205e-01,1.606486675928427976e+00,1.371471490962745010e+00,1.780893443245323171e+00,1.381829182567954506e+00,1.942466088595947271e+00,4.464776079322162715e-03,1.382656365683056388e+00,6.923073777978173693e-01,1.609728663749263378e+00,1.948039085002872373e+00,1.609392477856211201e+00,1.097417657025107962e+00,1.790318466544747134e+00,1.385289115564147577e+00,1.100327191256239345e+00,1.386091724106155665e+00,1.608864939250920889e+00,1.942444399812320421e+00,1.603885530288011507e+00,2.202271389227111520e+00,1.097831955436683993e+00,1.787877943545422399e+00,1.385467966786239291e+00,2.063875531379894213e+00,1.790057472919651005e+00,1.093571383146717091e+00,1.784654374162978119e+00,1.384485305261632826e+00,1.789953852801664080e+00,2.480971384271948743e+00,2.630030829257255842e+00,2.566203631251455786e+00,2.485477024442336091e+00,2.483460113568197070e+00,2.382985018702734159e+00,3.136091349412394980e+00,2.829967255737137144e+00,2.398505000483226457e+00,2.482091351471956031e+00,2.197377382923090039e+00,1.603571145701925271e+00,2.585325820256679563e+00,2.093096518407796314e+00,2.200293606382282441e+00,2.707715690708320633e+00,4.922732258059376420e+00
2.320729094199791565e+00,1.952761261518340952e+00,1.123620888370713944e+00,1.820553826874656389e+00,1.803932155943439586e+00,2.087071263058346560e+00,1.795729449884783113e+00,1.945459233779030184e+00,2.092657674922961508e+00,1.405580561859910649e+00,2.090316935246711694e+00,1.402796920155737093e+00,2.587177479119902035e+00,1.121109827396632452e+00,2.509335180161945900e+00,1.828381831655446099e+00,1.805653673953787397e+00,2.311022125508364056e+00,1.945350892485506078e+00,1.386152322434940132e+00,1.945168829540178779e+00,3.433708739077601990e+00,1.797040306265457632e+00,1.792685885520301170e+00,1.815498372438782981e+00,2.301242815807081676e+00,1.941822442236022850e+00,1.385591346332861740e+00,2.707605003471230010e+00,1.626434950539151325e+00,3.177897626190431701e+00,2.308461993170150883e+00,1.946755343543828065e+00,2.887014581270690439e+00,1.607445775929161824e+00,2.888073420321949136e+00,2.396883171368497933e+00,2.583585668686978476e+00,2.301903691764119575e+00,3.415438196605997678e+00,4.011448734390962834e+00,1.795277670839272366e+00,1.381742204240038463e+00,3.217944698139891813e+00,5.166120562394282523e+00,3.000279273209367048e+00,3.735663528208584605e+00,2.835564969686720893e+00,2.809006521035520620e+00,2.778345497984627155e+00,2.638878426262186050e+00,2.566729137979633091e+00,2.484649240947460314e+00,1.791619008498123389e+00,1.610119163638162876e+00,1.604186700930871456e+00,2.484595881430825770e+00,2.707243656405912802e+00,1.949537246407866853e+00,1.945519121996685197e+00
1.945458903182000654e+00,2.302193652650539324e+00,1.945761774534964239e+00,1.946287756387345746e+00,2.302707138828469446e+00,2.197128157768720502e+00,1.945520228099091753e+00,1.945923242649092666e+00,1.946479113893986979e+00,1.792108503864172420e+00,2.489169641106797837e+00,2.302130823749544142e+00,2.486646142670557058e+00,1.791908287013933121e+00,2.301801762958254560e+00,1.948535657118714903e+00,1.794725175327250399e+00,1.945906634646348499e+00,3.174678619384105005e+00,3.220397087063552988e+00,2.398238696219960886e+00,2.398147605103247315e+00,2.386290542796811298e+00,2.197897004627470618e+00,2.397114872219405335e+00,1.791479437312645251e+00,1.390061130266296852e+00,1.946912726500428681e+00,2.197201217758097069e+00,2.836762085345518436e+00,2.303998957832571026e+00,2.564738766698768657e+00,1.796107948606028737e+00,2.302374171818395876e+00,2.302190276418106141e+00,1.945811584144635065e+00,2.941153858363214191e+00,2.198438880683444729e+00,2.078675566898742666e+00,1.386466888578520518e+00,1.609489788268106958e+00,1.102135025122099155e+00,1.602277292727514180e+00,2.080641335128573743e+00,2.564847737906677860e+00,2.399045074433678426e+00,2.080344245770608946e+00,3.828721587590109277e+00,3.510749080291099666e+00,2.707187225431044730e+00,2.638697541757854204e+00,2.485445340576503792e+00,2.831408737714241397e+00,2.081510540577290236e+00,2.484377749253726009e+00,2.079028657173837225e+00,3.178534380142872706e+00,2.995487841273769103e+00,2.565227185092880280e+00,2.484596685679684391e+00
6.274125468448090402e-03,-9.135462656882647678e-03,-1.217620024547601265e-02,-1.683151832804138243e-02,-1.055510258240990352e-02,1.693891481847316013e-02,2.374443239322929916e-03,-2.994790567853858115e-04,2.587684748181111501e-03,-9.766481744875312940e-04,-3.500486878028422240e-03,1.773769033226393552e-02,-2.405273918618508824e-03,5.688245528655979516e-02,2.271451521398285683e-02,5.463978344639296852e-02,1.267901552906026616e-02,4.959100778739528037e-02,-2.714755997631330964e-02,-3.607434899426998666e-03,4.829317403212068406e-03,6.087067514553004197e-03,-9.029588062401330481e-03,-1.003653435191254398e-02,2.279802856548524340e-02,3.946618721436095933e-02,3.976443652290093805e-02,7.192288691148918112e-02,7.744245681244393831e-02,1.115004466125262272e-01,3.954139165914104942e-02,4.192152697389889937e+00,6.244509773372063144e+00,4.731629328021897507e+00,4.440531350207278294e+00,6.446919715943098872e+00,6.183261726841096539e+00,5.848097865760962577e+00,5.538078198131038299e+00,5.899061872755114067e+00,7.304344020780054514e+00,7.976109571481963201e+00,7.665029233837457490e+00,7.026118267992661259e+00,7.046081525489763742e+00,7.068065214428361998e+00,7.269947247274708424e+00,6.751898936069855139e+00,6.382431187481532042e+00,7.109428261935702764e+00,7.400399482767284987e+00,7.125542130833064647e+00,7.600266534738867819e+00,7.423945817501295785e+00,6.856306094211774393e+00,6.437712072227165905e+00,6.379218794466068765e+00,6.013294081690683690e+00,5.983683761614964070e+00,6.236446510096633311e+00
9.270443749541463774e+00,9.235750773521845147e+00,9.422631751627323027e+00,9.568442259155947482e+00,9.681658936801470716e+00,9.309335809495552283e+00,9.040491550200405513e+00,9.025418343381103270e+00,9.123148418807250692e+00,9.079021588281955601e+00,9.317962912138506582e+00,9.340714812109794707e+00,9.162693431971222324e+00,9.085689545045372739e+00,8.950377133654304984e+00,8.920584144173671959e+00,9.080211863469799027e+00,9.387198060065982119e+00,9.310067921016104364e+00,9.186285399156149722e+00,9.076518167280976712e+00,9.423212480357216592e+00,9.363569130270523289e+00,9.035703795794310267e+00,9.191126512312418839e+00,9.274985362487351281e+00,9.064818792496257771e+00,8.976829336368465917e+00,8.999881582782155220e+00,8.971935186420887831e+00,8.958259741820075561e+00,9.096540629937880595e+00,9.349109614383793954e+00,9.075502058532533667e+00,8.854657775087373395e+00,9.041849498096324211e+00,8.926010047608746945e+00,9.489646854350414884e+00,9.292921012303260397e+00,9.222548371370537623e+00,9.329881393449362292e+00,9.141318547062400768e+00,8.975933940805784772e+00,9.033857164182435895e+00,9.025874126366108641e+00,9.150089034703290380e+00,9.358525107592090109e+00,8.999385879807515920e+00,8.969253896393380998e+00,8.959891954742058573e+00,9.174242567994109976e+00,9.008146090807130690e+00,9.038297392052541568e+00,9.052735211496990786e+00,9.125266918783591308e+00,9.268865761949017568e+00,9.325257133539750498e+00,9.770422855175031174e+00,9.231738866508626629e+00,9.244208500295888697e+00
6.689472005825304102e+00,6.458056429241380236e+00,6.333930000071785749e+00,6.446793177239580785e+00,6.435075432766883097e+00,6.059128054817781717e+00,5.894674937109760648e+00,5.415152244904847478e+00,5.775294727214035362e+00,5.757662566567548268e+00,5.801704318185270992e+00,5.877419090614482755e+00,5.481831837853651024e+00,5.490093868945863598e+00,5.553514339916479692e+00,5.727448948503639947e+00,5.451428514566668326e+00,5.469699810156277486e+00,5.530917341828422096e+00,5.338568185707380565e+00,5.183144685535050478e+00,5.071946982885183530e+00,5.197926632529292768e+00,5.099660254307627483e+00,5.165760660861852926e+00,5.297662102857367827e+00,5.042380098215782702e+00,4.984787311794599773e+00,4.896877986951901462e+00,4.756281405963825648e+00,4.832809174668571295e+00,5.262515023958616922e+00,4.906266004639406653e+00,4.710478834702723994e+00,4.757404451899271969e+00,4.835590594079922866e+00,4.703553079435202733e+00,4.759535019115422649e+00,4.841363646093364004e+00,5.090451381545988419e+00,4.796096458952372465e+00,4.804386485135887064e+00,4.915380987163187498e+00,4.750660809589263067e+00,4.699209957476901067e+00,4.659782713150831590e+00,4.726774429174420256e+00,4.665895640081556550e+00,4.308921096189772371e+00,4.644086447143883412e+00,4.405851963537806171e+00,4.441918611400684114e+00,4.257848176298632659e+00,4.772297173150981564e+00,4.786887584014743346e+00,4.709723381418637445e+00,4.797458956765391136e+00,4.865186437346026516e+00,4.946620284230883513e+00,4.532843377316047473e+00
1.949006598066793217e+00,2.309827927624921173e+00,1.946708635504369678e+00,1.944825225459823947e+00,2.196328583394444145e+00,2.078170893207876624e+00,1.383996652345590217e+00,1.946167067886765523e+00,2.299378264688098916e+00,1.385789105649792852e+00,2.394010362665979663e+00,1.792135516028726672e+00,1.946401373666468926e+00,2.565171329906086317e+00,2.078329072677407741e+00,2.397238604783022975e+00,1.944187434511284840e+00,2.208922104174367185e+00,2.402575669995611118e+00,1.394821876033906394e+00,1.610600707617017235e+00,1.948215178469705711e+00,1.610374594523967584e+00,1.971941776930434154e+00,2.206554763402884145e+00,1.388634147717406231e+00,2.226717753325762938e+00,2.086505765660721323e+00,2.772688225293968856e+00,4.835817268889609721e+00,1.790668300227028720e+00,3.254669129321344556e+00,2.303856495004349636e+00,2.195312803459853690e+00,1.949407961337565220e+00,1.096995421668838677e+00,2.302490087381702022e+00,3.218950452662842743e+00,2.834533401637070238e+00,3.950534317324601918e+00,5.135771768175183993e+00,3.740060726720867645e+00,3.969453897565544676e+00,4.240890095341633526e+00,3.734327394538355271e+00,3.893496506986996675e+00,3.523201889938837095e+00,4.498041653198411538e+00,3.497850137504727286e+00,5.067493110646516641e+00,4.858876087004057709e+00,2.889062645516178751e+00,4.607422298362632063e+00,4.260552620114400391e+00,3.518303184685842133e+00,2.400834638803839294e+00,3.197402937657797040e+00,2.631334270276238119e+00,3.689508168616665529e+00,2.708116365973257000e+00
5.611706925938955592e+00,5.593582430431595753e+00,5.490638070861931119e+00,5.641709422725652345e+00,5.458353683774209486e+00,5.637857122751499972e+00,5.697668804920200891e+00,5.671896071669775274e+00,5.614243610582882127e+00,5.717577858595524809e+00,5.660891479198814302e+00,5.735819309849907732e+00,5.915811749397828834e+00,5.575088682547219676e+00,6.607077447962809380e+00,6.242162964024497107e+00,5.732825846405951609e+00,5.599435163123989589e+00,5.726159620621817936e+00,5.723134733705976807e+00,5.811037726085436894e+00,5.668478340616093014e+00,8.708351935704651936e+00,7.769502044448212352e+00,6.708081907468273819e+00,6.760467850814820601e+00,6.838042662928314641e+00,6.528703048545525078e+00,6.764499114124574497e+00,6.401370004316020434e+00,6.686221472478219852e+00,6.203529291947983637e+00,6.276410095151058854e+00,6.253643167144746329e+00,6.179937007073007749e+00,6.110287827119956106e+00,6.151693527082708890e+00,5.866567425414675796e+00,5.711504093237560475e+00,6.066511319181606687e+00,5.991614419452385043e+00,6.091278325127993831e+00,6.069521703156862458e+00,5.838819907162132949e+00,5.875941096211563242e+00,5.596536824979147617e+00,5.885899218584111914e+00,5.877186443913225311e+00,5.832703481157049730e+00,6.084256582125478374e+00,6.071694247009228107e+00,5.891735485276266004e+00,5.592926265359205118e+00,6.278171895818405623e+00,6.042913048716428648e+00,5.868955487436543272e+00,5.752293357463771351e+00,5.592952784372521968e+00,5.460149943347015089e+00,5.127749569535931862e+00
2.833448577375234034e+00,1.946746846151085064e+00,2.707801702139433164e+00,2.638036605675424529e+00,2.565024407647001237e+00,2.565007216851875604e+00,3.177109036006716902e+00,2.302464283547640100e+00,2.196460955726947439e+00,2.484166172193773559e+00,1.949569302390611103e+00,2.303042150612811589e+00,2.398468866949211797e+00,2.942892004341792767e+00,3.044990680436541641e+00,2.890701188571477953e+00,3.133259339549735678e+00,2.834252596259815071e+00,2.484207347346106154e+00,2.890659893468336072e+00,2.565410414831056141e+00,2.302841150594490127e+00,2.997138287331031048e+00,2.772443592689581848e+00,2.197234182528783109e+00,2.832312190751116177e+00,2.397653096907151671e+00,3.135446488105003482e+00,2.890272077405114270e+00,3.178779483202280876e+00,2.834270704101970129e+00,2.302646186573797493e+00,2.081033792218413225e+00,3.494878190332078916e+00,2.565128025192203953e+00,2.564266726651805772e+00,3.090110313407711917e+00,2.198096406582725759e+00,2.772822994200555780e+00,1.947786537020966380e+00,2.301934158243879480e+00,2.303654742829795321e+00,2.200756135348996168e+00,2.995581713896737330e+00,2.398971741814142078e+00,2.399593301605627005e+00,1.387838876102230667e+00,3.084033892357334494e+00,2.573911494202460570e+00,2.944822419058884311e+00,2.398289581115967906e+00,2.564855164879819238e+00,2.401430191159585448e+00,2.638652656016851505e+00,2.772536126125514588e+00,2.775788049645556921e+00,3.134484690357380643e+00,2.196147045234920991e+00,2.889232313758531845e+00,2.646623267357243403e+00
5.246010916354133080e+00,5.095098863463083383e+00,5.115354974471576277e+00,5.605385727177087496e+00,6.093956918524930266e+00,5.242830809490352628e+00,5.134317075242422312e+00,5.416326384412902151e+00,5.347227085873355712e+00,5.691410531377847803e+00,5.672195841229567215e+00,5.863302223963097859e+00,5.542709789287792788e+00,5.408375927629854196e+00,5.040231429093837257e+00,5.079707523035915884e+00,4.968667587203196234e+00,5.732294706109372306e+00,5.941486853445810290e+00,5.296871002522360428e+00,5.393817913882197779e+00,5.028754522110775227e+00,4.797650502056884037e+00,4.817952085767529091e+00,5.325114643029269068e+00,5.662493609555300011e+00,4.991224995775034756e+00,5.275894638951538873e+00,5.109107945928032635e+00,5.296073755000909600e+00,4.885462114838126979e+00,5.474064911471107742e+00,6.126568314002492244e+00,5.731137172229379573e+00,6.101548075909118296e+00,5.895795216934720528e+00,5.385596996999131747e+00,5.123334724266839224e+00,5.426593659783890189e+00,5.428421780415552789e+00,4.903832703396966863e+00,4.978293448935028565e+00,4.808786237919342454e+00,4.811783540927032199e+00,4.688100469575500640e+00,4.796812350399265235e+00,5.048798293236288259e+00,4.703312819720465221e+00,4.416248790155364645e+00,4.554120306916782823e+00,4.655392531734827699e+00,4.607258035799818074e+00,4.501305933344514898e+00,4.626432015402529352e+00,4.634052575139569363e+00,4.544511235602844756e+00,4.779239140921440310e+00,4.615562912346113045e+00,4.454962548960466506e+00,4.606940051706071237e+00
4.765360923404925231e+00,4.623785789441365424e+00,4.731534530264769778e+00,4.384819187112982242e+00,4.303474635360860390e+00,4.808087451209183349e+00,4.946886998233106070e+00,4.905377322201685431e+00,4.463989230832461352e+00,4.843556986417547172e+00,4.542521710452322559e+00,4.924540626826244605e+00,4.768186448109274167e+00,4.612639406836823497e+00,4.488137662806972017e+00,4.990928593714684780e+00,4.698928254456069986e+00,4.709831375331808623e+00,5.013360172964752337e+00,4.782843252938778988e+00,4.923656148268057642e+00,5.091831788442908291e+00,4.656807825370759879e+00,4.619273744462454978e+00,5.096797903975930133e+00,4.518670022635300931e+00,6.156214220755394706e+00,4.924349174704877541e+00,4.626171630284105163e+00,4.806670096097755085e+00,5.100226756915266613e+00,4.627406405324554051e+00,4.495220214107698453e+00,4.802499993049406335e+00,4.701600594001670963e+00,4.683477921358848661e+00,4.557877606487707567e+00,4.687613356456936664e+00,4.838753379823197420e+00,4.743898528434017159e+00,4.564765952520959402e+00,5.032896995358300707e+00,4.636294078743165237e+00,4.924524166060214370e+00,5.231773955722262670e+00,5.083496488706352068e+00,5.208878700239718995e+00,5.180830636355589824e+00,5.283928994374915256e+00,5.274136024615275531e+00,5.204497208513914508e+00,4.926483683639649058e+00,4.274381751689790399e+00,4.142297669361608925e+00,4.621062414240186378e+00,4.827507963408716130e+00,4.934154079935326287e+00,4.805981025016621722e+00,5.195043352012167936e+00,4.108788885796466062e+00
7.033453021626648649e+00,7.205639277449714442e+00,7.043837874692943757e+00,6.914447551061500441e+00,7.126051974195894090e+00,7.294323216855203462e+00,7.150870647378129163e+00,7.208226136980085741e+00,7.133776361300105506e+00,6.957010854688592261e+00,6.873817186841550075e+00,7.224674959842904975e+00,7.379745108901541784e+00,7.421814782517869524e+00,7.320152964205179025e+00,7.280306545776081606e+00,7.183097173765062848e+00,6.806531641951933054e+00,7.163447631473527366e+00,7.286225163059386389e+00,7.320547730894311655e+00,7.321156556916796454e+00,7.299823183813226812e+00,7.095643513938757252e+00,6.880882867503749445e+00,7.376945328804674240e+00,7.253206299263997181e+00,7.215290657661231677e+00,7.256126585743468915e+00,7.605038424832132549e+00,7.103153729200126776e+00,6.806158535548008537e+00,7.173114462960061388e+00,7.453643216128993387e+00,7.227896448072542057e+00,7.091324925494796538e+00,7.158462413783748701e+00,6.917699633564808437e+00,6.749567223726939069e+00,6.905161715247852605e+00,7.115802027379407591e+00,7.123110657241809029e+00,7.087312989063383917e+00,6.960066326989369223e+00,6.779923394921492985e+00,6.646063452856616038e+00,6.886735444164543196e+00,6.781843262013729223e+00,6.690162178755433509e+00,6.823292958561649080e+00,6.744666766814375158e+00,6.423113696189227895e+00,6.782213468738268247e+00,6.721709469256435199e+00,6.572860921833612480e+00,6.806221348567970786e+00,6.640787253116992694e+00,6.841127059620565554e+00,6.556233419058579592e+00,6.562257773575873365e+00
5.327279902348046825e+00,5.043539508214686329e+00,4.578035814210659638e+00,4.554679135183945071e+00,4.622760032202323899e+00,4.485616232881562304e+00,4.274756888898846974e+00,3.943860702395007412e+00,4.090139698744179597e+00,3.848069439657487933e+00,4.073842016884443140e+00,4.373081537140416586e+00,3.833064803985981595e+00,3.909193378735013269e+00,3.694736937614665262e+00,3.758392728796995375e+00,3.802990094832511048e+00,4.022303286810122280e+00,6.054540877234040330e+00,4.175525495590137304e+00,3.134552138105926478e+00,3.155518344215860971e+00,1.804184205976294031e+00,2.802476115154991732e+00,3.128492504724701639e+00,3.182330328881870063e+00,2.890970674337001611e+00,2.943551777577043005e+00,2.639007666126474305e+00,3.012257533850350111e+00,3.731708420509455504e+00,3.296763854492959833e+00,3.550114624157212351e+00,3.177784862538663102e+00,3.558258464366431895e+00,3.337330311072520317e+00,5.856608642518631669e+00,4.994045481659241226e+00,4.582008555057879740e+00,4.362769944300517899e+00,4.064025876777416890e+00,3.976334078485643353e+00,3.413608596155141228e+00,3.144304672625424235e+00,3.301501299521025778e+00,3.679795393629315736e+00,3.304038993031742866e+00,3.260753221125692658e+00,2.896455037297188895e+00,3.585678046885102610e+00,2.996279674860771625e+00,2.996789510688995239e+00,2.832585082442562907e+00,2.995669419892663665e+00,3.135037989579932294e+00,3.208696695647810238e+00,2.328504762911266734e+00,3.148890990469683349e+00,2.884255174629922092e+00,2.703723093644982978e+00
4.985010767265000808e+00,4.988543790637894659e+00,5.187849146693881863e+00,5.151600562012768059e+00,5.286768932623325590e+00,4.842260960705210060e+00,4.897191921460937181e+00,4.647420095141075791e+00,4.555064966779363900e+00,4.636830839531374870e+00,5.016791532423029665e+00,5.614679335353326195e+00,5.225105874008941775e+00,4.454942131513392134e+00,4.788745063311634631e+00,5.315017454106794936e+00,4.911489217385901718e+00,5.109187488601231841e+00,5.355212914654349454e+00,4.391625466888163132e+00,4.496174554412102786e+00,4.757847384876735752e+00,4.913813340943298691e+00,4.891651806774179434e+00,5.086331312395191873e+00,6.923361301372009002e+00,6.568587207300238262e+00,5.379243808923587444e+00,4.912671842821234591e+00,4.835993156163148399e+00,4.707805027982648660e+00,5.291319569271768941e+00,5.155804881711372190e+00,4.947436120336669241e+00,4.826449414098433977e+00,4.781381526855766673e+00,4.477169148514893671e+00,4.727403071327128892e+00,5.144032522107021776e+00,5.203766177896317124e+00,4.816748118990851424e+00,4.719171645623859490e+00,4.429273230810531814e+00,4.867450993061688713e+00,4.734723849764443493e+00,5.165962600624732559e+00,5.016673422734441168e+00,4.521894747460232900e+00,4.565244260689266476e+00,4.761512854725446608e+00,4.672370293956078058e+00,4.828109682369322364e+00,5.038983360248879606e+00,5.344513102816381256e+00,4.872811035192853524e+00,4.884352002663212566e+00,5.080506519782386654e+00,4.889319295202533056e+00,4.683871010441239768e+00,4.647413184076712334e+00
2.301445015972079400e+00,1.792712064018167739e+00,2.197803491648912644e+00,2.397901699173175416e+00,2.397869484414996144e+00,2.563500428761436023e+00,2.396854876439293847e+00,1.608422370389606337e+00,1.792670674567619971e+00,2.079956541397541159e+00,2.399727193977239104e+00,1.619491227544226142e+00,1.945674645942202519e+00,1.793786668322285838e+00,2.302839906039706896e+00,1.608837614356282142e+00,1.791330596387076257e+00,1.614576061971059406e+00,2.487550035798824055e+00,4.371046463966078655e+00,1.612439255921272796e+00,1.614676644908609404e+00,1.954814098284362922e+00,2.096470461163558952e+00,1.646311162789835247e+00,1.979471379406098519e+00,1.937144086261521458e+00,2.202174319913194012e+00,2.396548322881957738e+00,1.972798304240832357e+00,2.200146971293221565e+00,2.197470743642642610e+00,1.967571584396110351e+00,1.796427106599526757e+00,1.628709617458913295e+00,2.645005334156983690e+00,2.834715392210995777e+00,2.206131372256236123e+00,2.085039344197637590e+00,2.495457106863698815e+00,2.783358273164354024e+00,2.093136697812151503e+00,2.427516317211482200e+00,2.656373772917319798e+00,2.508101957283032757e+00,2.956370101720047217e+00,2.640131179024773012e+00,3.142039976999032813e+00,2.831263338767649795e+00,2.707175401022102967e+00,2.486053108706320902e+00,2.638479016037634128e+00,2.307056464829023490e+00,1.612660659621010684e+00,2.397585682786389505e+00,2.496951861946613338e+00,2.399014977381610958e+00,2.640563140429027733e+00,1.789273685159055383e+00,1.944632294559012209e+00
2.485354253360818166e+00,1.098223777054111228e+00,2.484659305245058292e+00,2.707735391924099400e+00,2.302359507542207862e+00,2.707622244407216883e+00,2.079691647749879024e+00,1.609662630502767477e+00,1.790352515911203257e+00,2.198634653950286122e+00,1.945370418040181182e+00,2.079879072817889085e+00,2.706785235908667708e+00,1.611382585774778775e+00,2.077826709928827675e+00,6.917674744822339683e-01,1.793320213986024481e+00,1.386707652052223017e+00,1.947617882571821779e+00,3.361765938205950377e+00,1.946958038316884299e+00,3.496358918393043247e+00,2.398566339038167516e+00,1.397203361553530199e+00,1.941759462127680136e+00,2.566038729692052378e+00,1.372748317861932632e+00,1.103989995818906777e+00,1.947897710316283559e+00,1.605613001181068977e+00,1.787475485926849794e+00,6.644119397746356404e-01,2.199145178930744571e+00,2.078714755636385192e+00,1.940955781530005586e+00,1.615735744541086483e+00,1.940392442103643811e+00,1.608203584933797226e+00,1.948909469626340929e+00,1.098254654512314410e+00,2.304480660373315892e+00,1.605336556137463955e+00,1.584299223489383790e+00,2.695917714048636338e+00,2.698869846822518515e+00,2.372096008309513948e+00,3.497217724134947581e+00,2.561075504184590290e+00,2.479186969914343841e+00,2.483869308921952790e+00,2.197466043417808823e+00,2.079555336244649943e+00,2.197302671804191032e+00,1.945024714916007147e+00,1.945796858372835780e+00,2.082627672973691446e+00,2.302755444245756067e+00,1.790681985530145681e+00,2.198091556653547052e+00,2.484270350827382234e+00
2.772371152149424173e-02,5.256476900673493630e-02,4.362254552276192965e-02,3.895942299531857805e-02,-3.145386684551462406e-03,6.811944764718131165e-03,2.995621729301321812e-02,5.849712809044632471e-03,8.846326769761988368e-03,-4.029625918189223550e-04,2.228687759451524614e-02,2.790748836668898586e-02,2.129149593096498969e-02,1.883715195736209574e-02,9.956604761966941775e-03,2.267487642070622686e-02,-4.005942011165804575e-03,2.564594612637637744e-02,-1.437126429578997229e-02,1.460074192648726406e-03,6.862612918905984863e-03,4.498828165793038875e-03,7.648296219135092625e-04,5.788975007325260647e-04,1.929252139524444479e-02,9.847830435236413008e-03,2.318110242423260942e-02,4.752450157093841138e-02,2.708651866822114201e-02,2.420327307938095057e-02,1.805692836461180936e-02,3.789229962792518142e-02,4.818436884814665533e-02,3.989999531581461811e-02,3.931166963899274808e-02,1.590369865027321458e-02,3.459183429486635541e-02,2.001305073782935068e-02,1.661382144992270063e-02,2.028950183114527558e-02,4.264205727949660352e-02,2.353279134268541906e-02,3.626304595941007985e-02,4.224869729416038527e-02,4.120496973215483777e-02,3.371182913614269305e-02,3.671208056839486700e-02,2.101112043721645867e-02,5.950850332799877823e-02,4.468710443292295970e-02,4.870678226147758666e-02,2.925112908956854080e-02,5.718285348154453912e-02,2.393019258481331527e-02,4.715437919984745430e-02,5.759830932899054345e-02,5.282695941245044852e-02,4.162388592058092335e-02,9.498292431569822780e-02,9.371373090893198032e-02
2.041433139689390747e-03,6.924035431059882839e-01,1.276284418284889073e-03,1.605716847851167195e+00,1.386105105377646529e+00,3.176611624174566217e-02,6.923485907496714775e-01,1.140387449202877020e-03,6.922203422353454538e-01,6.936540652746466806e-01,1.609087951521227966e+00,3.826203518808109216e-02,2.380579010117098854e-03,6.898171257186099803e-01,1.092416193951098125e+00,1.106673580726188710e+00,6.622212317886563282e-01,1.405111126070538230e+00,1.392117595391290985e+00,6.994053885425506323e-01,9.525636366567531710e-02,1.093717365807370001e+00,6.654881534163625822e-02,1.612927752758500199e+00,1.605533129184156804e+00,6.343080041816683001e-02,6.899240210397873385e-01,1.402612503590137560e+00,7.010923734859821899e-01,6.972213506870521549e-01,6.778298478670791161e-01,1.391643072524648250e+00,6.471570828311791201e-01,7.054656871569842114e-01,6.998130649577088969e-01,1.480263834990144627e-02,1.117557354580403395e+00,3.419501932862414190e-02,1.793299785375079169e+00,7.412754635397439396e-02,7.139948339803847688e-01,5.770903997920508177e-02,9.242130917537376422e-02,1.095515524349304659e+00,1.406520037451088445e+00,1.412194868126710690e+00,1.364568649855635751e+00,6.805634229331580798e-01,4.372353371029007174e-02,1.898160657497680592e-01,5.543994896533799288e-02,6.429230516816354657e-02,1.103617297997034008e+00,1.060624512002995568e+00,1.044371701599930313e+00,1.364313025455905048e+00,6.174530362664133465e-01,1.073975068950935086e+00,6.728298250484565646e-01,2.088546069469404909e+00
3.219003923439167636e+00,3.133982774137860972e+00,3.135324830164899268e+00,2.890850656697102838e+00,2.775661989245261196e+00,2.639033540447106141e+00,2.833157762618223607e+00,2.196922674252448360e+00,2.639203322437162047e+00,2.638469063176888341e+00,2.889176202015955486e+00,2.772392772324867138e+00,2.833131093803045175e+00,2.834627327392123419e+00,3.295242233901130469e+00,2.946301047561753705e+00,3.525384033945935691e+00,2.779708396361399547e+00,2.303809552419025408e+00,3.044447929873732139e+00,2.708104623859766580e+00,3.090471281078889465e+00,2.887031643747372200e+00,2.632463424732021551e+00,2.773017241233047603e+00,2.564597205995709395e+00,4.728170406500876055e+00,4.110386084226916203e+00,3.783321286928793548e+00,3.219873145959829763e+00,2.403817883767244368e+00,3.221613851722964661e+00,2.709132380806629659e+00,4.218835318389229094e+00,2.639468297877684222e+00,2.640459976862663094e+00,2.773326252573555806e+00,2.787304427234743809e+00,2.839533791113156624e+00,2.083497743104613331e+00,3.584360476371518889e+00,3.609158861981212052e+00,3.260452703993884427e+00,3.367183946215168699e+00,2.891348646809143830e+00,3.226299707771518310e+00,4.698816093935937133e+00,6.044757712068086875e+00,2.906697687828255994e+00,3.296314111889654619e+00,3.713742172375477324e+00,2.708418204456588985e+00,3.556093798729345945e+00,3.179889350556749594e+00,3.091053907234526665e+00,3.211424594026652368e+00,3.094597229521076631e+00,2.852297770454701009e+00,2.709267170699297456e+00,3.606969247291951230e+00
4.544633766284306375e+00,4.290684553769342102e+00,4.277538464199319712e+00,4.416955015140900720e+00,4.594513476384337380e+00,4.615707124470322498e+00,4.699589054992555859e+00,4.614540790960335315e+00,4.839542606841857442e+00,4.595646294421901423e+00,4.612389677697543711e+00,4.671263752491437771e+00,4.634906802426557171e+00,4.659577888017997438e+00,4.725802844602733366e+00,4.381179320253804299e+00,4.728660270050396797e+00,4.248412797324593093e+00,4.701861396759095868e+00,4.769680345905503493e+00,4.634622391981581657e+00,4.628328860794889366e+00,4.690580838959386156e+00,4.604952762710377456e+00,4.174364735523385939e+00,4.794759334532755268e+00,4.753131675246218713e+00,4.912941970632637378e+00,4.941570416667703469e+00,5.252781314770709642e+00,4.394457676978396954e+00,4.419138451495596698e+00,4.476246085383356998e+00,4.522125819680351100e+00,4.476389202574965864e+00,4.442091324286406184e+00,4.541942709362883690e+00,4.257916193555105977e+00,3.852186365474459251e+00,4.328658810061159379e+00,4.472148168093794673e+00,4.483659522269876518e+00,4.768075176682379457e+00,4.444115549919738228e+00,4.496861476945366753e+00,4.174088014582826744e+00,4.345786681858316847e+00,4.423856774454430152e+00,4.641102748099184439e+00,4.603196592438397516e+00,4.440727914166980206e+00,4.201825620379145754e+00,3.761766468730879165e+00,4.292486815503973041e+00,3.736255527481781247e+00,4.390072988229415607e+00,4.264297932510936029e+00,3.851252187024392093e+00,3.430427677173188972e+00,3.400600849146565352e+00
4.190211293155975625e+00,4.760976058973796832e+00,4.517158468126869941e+00,4.582209893806480139e+00,4.678854405932360905e+00,4.868030133010034177e+00,4.661815843378202651e+00,4.733667258982970694e+00,4.584331724204809611e+00,4.218881144433057173e+00,4.368907744384975977e+00,4.418031122262351396e+00,4.893212951365551788e+00,4.804800197862741484e+00,4.672723168689252304e+00,4.595900804859472721e+00,4.562665804481718546e+00,4.465527539143484326e+00,4.593569676221269660e+00,5.312163830888169791e+00,4.594522384617237165e+00,4.779977022891268135e+00,4.724114831351105437e+00,3.913590045738798651e+00,3.988700536148153120e+00,3.932735985502963327e+00,4.758455806934419385e+00,4.343761248319424340e+00,4.232587373869129976e+00,4.318030437055413451e+00,4.405855299756112231e+00,4.381417973615649331e+00,4.276660514767799626e+00,4.275319108492722897e+00,4.406814253571676332e+00,4.835681018725511926e+00,5.272029778867969974e+00,4.699853510218463981e+00,4.142732905271111932e+00,5.025155277719560054e+00,4.262023564406607790e+00,3.870388809606278624e+00,4.235281887579149362e+00,5.047945564951512587e+00,4.110465666798329032e+00,4.235149504158912670e+00,4.233121392413264239e+00,4.531604845190196684e+00,4.509697024209193827e+00,4.234136134268707607e+00,4.302834952474314356e+00,4.844964560804310594e+00,4.996058165495687042e+00,5.292769020174770134e+00,5.347745284303024427e+00,4.115099986646350239e+00,3.949989289404011394e+00,4.008507303027515789e+00,4.441175641082901748e+00,4.989931262168732395e+00
6.835254971408157409e+00,6.854927109320191114e+00,7.018725490518945342e+00,7.036017096470597920e+00,7.027268859717962890e+00,6.948951954703393774e+00,7.018698483989005865e+00,6.727587134456540774e+00,6.869834741999373939e+00,6.771107948857564729e+00,6.881214750796158519e+00,6.900798087675397596e+00,6.816913600245334770e+00,6.889316621157898446e+00,6.885525200234807741e+00,6.864653972991471953e+00,6.942095894162753744e+00,7.183624120052592765e+00,7.223556620609403289e+00,6.974523078592088865e+00,7.156572117801224486e+00,6.946940624411141130e+00,6.845313492437448133e+00,7.004795259993934486e+00,7.070309090573104527e+00,7.026632946081165620e+00,6.947649170765344273e+00,6.869769427275953966e+00,6.937018608045979029e+00,6.929587330135667855e+00,7.205415390419720900e+00,7.257969797671045775e+00,7.240616186893378270e+00,7.130378574014037518e+00,7.289568109715940381e+00,7.110406121974176763e+00,7.155115062949267468e+00,7.203702248962450483e+00,7.261741714081916932e+00,7.312751308077213963e+00,8.161254936186463027e+00,8.802974622144889238e+00,8.625506570801702466e+00,7.186433497427791472e+00,7.446416805341295131e+00,7.068386877997703266e+00,8.367854331815184565e+00,8.040807090160427606e+00,7.534442807712059320e+00,7.480538449024871639e+00,8.228829445105750651e+00,7.875471552834819811e+00,7.990714387692192666e+00,7.909138328589158995e+00,7.964484570406079378e+00,8.084885927659003713e+00,7.962066438608826680e+00,7.924174853298409538e+00,7.959267321403440398e+00,7.845088937471756729e+00
2.995587452890992264e+00,3.093119681411913735e+00,2.566854579554379789e+00,3.135354428823404316e+00,3.091324048200467800e+00,3.849871256025526822e+00,3.333471637463335302e+00,2.996570565366518668e+00,3.635874007439649169e+00,2.773053250496585687e+00,3.494622643451243071e+00,3.431846165157349748e+00,3.827603682196385027e+00,4.006806230247359046e+00,3.178218068586688982e+00,3.257646856921521117e+00,3.759663581485018558e+00,3.737073696354721530e+00,3.464721918955407709e+00,3.496279336493395284e+00,3.637729244444341870e+00,3.827722264581206346e+00,3.640176349242343345e+00,3.638220283048484216e+00,3.826056312825768302e+00,4.205184274099527997e+00,3.258580773173191503e+00,3.464437739251894133e+00,3.712760077081937116e+00,3.582342633244881558e+00,3.295325744103529519e+00,3.368512416299748846e+00,3.433588861191205766e+00,3.365330300814566300e+00,3.219737973895302918e+00,3.364836303922823291e+00,3.662281926929737086e+00,3.583089806226805507e+00,3.432420693267916878e+00,3.986353440027221140e+00,3.524618851928522645e+00,3.498210705286608935e+00,3.178568520947021803e+00,3.400780364827527880e+00,3.805793818104712400e+00,3.688705847978796193e+00,3.178848557125990126e+00,4.022825628998178082e+00,3.615526890304192609e+00,3.362960669801250191e+00,3.178956834487419059e+00,3.932601063567277677e+00,3.253474618033877608e+00,3.369290176223545430e+00,3.611450498832441625e+00,2.639567859133508776e+00,2.945999937542915337e+00,2.564958063903818974e+00,3.093825138082731740e+00,3.219711711271339372e+00
5.729724261261159413e+00,5.489427033844557435e+00,5.365090974598150098e+00,5.118241672136699449e+00,5.411826218387838061e+00,5.499609271821668699e+00,5.722194405945989715e+00,5.425775298776297717e+00,5.693324111131849108e+00,5.671008013105478085e+00,5.430200846803618475e+00,5.546373935965364765e+00,5.631106923010272602e+00,5.439095232439870031e+00,5.467862323941937497e+00,5.408115849424170563e+00,5.421028768978719548e+00,5.335563195993006325e+00,5.477995487792604479e+00,5.520575259616188113e+00,5.998260257386673899e+00,5.596345108690099934e+00,5.712584162256415077e+00,5.616897339891727903e+00,5.545315391260682070e+00,5.541838621626464345e+00,5.722704926108942658e+00,5.686031388939245979e+00,5.759398414425746182e+00,5.620381815293883143e+00,5.530788904192030842e+00,5.379929185715099926e+00,5.331271628735342993e+00,5.532811287574353365e+00,5.648044065037153061e+00,5.534588559936564067e+00,5.581121065614313537e+00,5.621483556709334195e+00,5.373759211020689541e+00,5.675065824538278569e+00,5.781541354728216398e+00,6.169136878582071049e+00,6.101893735037396738e+00,5.983667177450069374e+00,5.844120959678589244e+00,5.817364277601883238e+00,5.759801627350113584e+00,5.588694609381311906e+00,5.720315981091397717e+00,5.805609131864297723e+00,5.520303275216352112e+00,5.399927010256303284e+00,5.280049886501361200e+00,5.625916319184843140e+00,5.610399923553450741e+00,5.493727210265976879e+00,5.981637168179795516e+00,5.644666824115811110e+00,5.363071083642463321e+00,4.976628033093369652e+00
2.301845981533761520e+00,2.397175040228962661e+00,2.079504965144665984e+00,2.566887526927756902e+00,2.831797116842233564e+00,1.796655292388277037e+00,2.079365265690374276e+00,1.386255911285283693e+00,1.945696603553923154e+00,2.303353353612044963e+00,1.947116155831126738e+00,1.946516339565774745e+00,2.303158126771662761e+00,1.610212541790477125e+00,2.079767217684343805e+00,2.195664748622379037e+00,2.080402791882314251e+00,2.198252008203033014e+00,1.794145049213865750e+00,1.790980589685041036e+00,1.942303721995249699e+00,1.791602106479226686e+00,2.199070530864924766e+00,2.302328333763627999e+00,1.945382961587576398e+00,1.792015055858634076e+00,2.639512465794857210e+00,1.791760856247232914e+00,2.196336202261846005e+00,2.195303940284747402e+00,2.398412553679238002e+00,2.397426809620970989e+00,6.789922522008222661e-01,2.194877118808244099e+00,1.793840211395975492e+00,1.945760626043722352e+00,2.708937956905611788e+00,2.078994698862752788e+00,2.303399877987917677e+00,1.609356084642289852e+00,2.484211365810486960e+00,1.105915564553078489e+00,2.071120157663834505e+00,2.469278374851042734e+00,1.795433188351050369e+00,2.770531065303970308e+00,2.196610861050883212e+00,2.639587071992203438e+00,2.398834293951374708e+00,2.079861160900955852e+00,2.080745602046743858e+00,2.299005996934412099e+00,2.394365884251679510e+00,2.707379485842543065e+00,1.609975218772699446e+00,2.195691907376258634e+00,3.044610140341108107e+00,2.637083887465059728e+00,2.194699305906095521e+00,2.192510935289429863e+00
4.603984101951598795e+00,4.644049558641825115e+00,4.918967905647173566e+00,5.292933251108139281e+00,5.243986058134227690e+00,4.773162075719548092e+00,4.956298982632243444e+00,4.490638837634437053e+00,4.512296154417541949e+00,4.845207381523026768e+00,5.226196117601912050e+00,5.073749469117926125e+00,4.854541930458748489e+00,4.366433170681162323e+00,4.521629333971610265e+00,4.630286115437752592e+00,4.472184092629199803e+00,5.034061856338428953e+00,5.168543883044291576e+00,4.567189181545282750e+00,4.458524422860772773e+00,4.214839288833807984e+00,4.237432009423967472e+00,4.278611328039797712e+00,4.728341724433046345e+00,5.030845520867560872e+00,4.213914230810661188e+00,4.322746791599261229e+00,3.908092398195337935e+00,4.037892435751740727e+00,4.407154127330628057e+00,5.203859238622868588e+00,5.650875666620858162e+00,5.418446689575539210e+00,4.947183496708245087e+00,4.772192411966634573e+00,4.932898440258269623e+00,4.598139042336042870e+00,5.310550066992441032e+00,5.467838314568035152e+00,4.900877862504946947e+00,4.795454802528377414e+00,4.660572246545369168e+00,4.459708167303721105e+00,4.782337048504140320e+00,5.567093567268033283e+00,5.531518481297694301e+00,4.839661240796032438e+00,4.815146172359444421e+00,4.599899914682370472e+00,4.666678161030546335e+00,4.709542082341670266e+00,5.190786172593452541e+00,6.045222503243519618e+00,5.213778082397852565e+00,5.177264796102619471e+00,4.860077519329024653e+00,4.838221286464312598e+00,4.744643568973672565e+00,4.908834495352547123e+00
6.948766785874761709e+00,6.520071771903680258e+00,6.807552615684052455e+00,6.193512710874221838e+00,6.223497533557453387e+00,7.042946663205147395e+00,7.034117009249760244e+00,6.579055915727956005e+00,6.775490868141662126e+00,6.914754034339507527e+00,6.148296203501180557e+00,6.026377778230505022e+00,6.490371875124595569e+00,6.580710571634234007e+00,6.691884980125554883e+00,6.546105289340555800e+00,6.683788696006885743e+00,5.840900637693875908e+00,5.898491779608712626e+00,6.298937415015319452e+00,6.553802274743147471e+00,6.677674918801637105e+00,6.665748617098000040e+00,6.509379232894471734e+00,5.987375245764904541e+00,5.706775956429664731e+00,6.425476226759527343e+00,6.289966487185860267e+00,6.456340225742914996e+00,6.504943366285573347e+00,6.436537758130764786e+00,5.939130108866225832e+00,5.904744564825425535e+00,6.364248669672487146e+00,6.593395028651928946e+00,6.599240146157923981e+00,6.746915060359111038e+00,6.789850094006446568e+00,5.948974257576851166e+00,5.764792385590692625e+00,6.619737740301997242e+00,6.921230896059482163e+00,6.843713638717828118e+00,6.785592047608019151e+00,6.619837851179488197e+00,5.938134996331252857e+00,5.905721891624687636e+00,6.288898101531403384e+00,6.265140764629533621e+00,6.323576873155705158e+00,6.248889084904189595e+00,6.080798197154590135e+00,5.346315167678884706e+00,5.318408845340780289e+00,5.965202924500541570e+00,6.010505601125844422e+00,6.425490708798492712e+00,6.172681643206433755e+00,6.071871879246210746e+00,5.383011749229701159e+00
2.704126866469862556e+00,2.836361231541155270e+00,2.638172495623338776e+00,2.070832903042445938e+00,1.794874801381459717e+00,2.483779853076807154e+00,2.477939740857840079e+00,2.771855064703022897e+00,2.303397168761710301e+00,2.300757810688362159e+00,2.293320719519696738e+00,1.097849433633844685e+00,1.781286925904132845e+00,2.484721585112302122e+00,2.394840833869855690e+00,2.477922497293348236e+00,1.066530082547672231e+00,1.621474090750407937e+00,2.486952793680540896e+00,1.787355981380390757e+00,2.304264484604439556e+00,2.763599438147189780e+00,2.821389904731514520e+00,2.703214039055160445e+00,2.078189836705158111e+00,2.486360019677884559e+00,2.483438602214867341e+00,1.386565228498709557e+00,2.204726940070789176e+00,2.069651770729385998e+00,1.611020844892764536e+00,1.788159486464033776e+00,2.299869547350697374e+00,1.611120635644422094e+00,2.641742359806809048e+00,2.383208739917494157e+00,1.794262619821578308e+00,2.641882923014013951e+00,1.787498623446221346e+00,2.563730074167179129e+00,2.389924593691513000e+00,2.478738304320955876e+00,2.295424593175128702e+00,2.767784689812983867e+00,2.075494930542547412e+00,1.371657166102668413e+00,3.707808873647874037e+00,1.618854477242968937e+00,2.079848864182283652e+00,2.646200551254937583e+00,1.382553801436176011e+00,2.400513100775991226e+00,1.098101003091350059e+00,1.389169130610652170e+00,2.707425878398080243e+00,1.781181763825636866e+00,2.297427567146232086e+00,2.301686136762969070e+00,2.482258073932241071e+00,2.404111948408096389e+00
4.803720929852182131e+00,4.910480347513750843e+00,4.574817631832631015e+00,4.605625130214562546e+00,4.753725549934629591e+00,4.671595958630682333e+00,4.709703086197656319e+00,4.826143911250887264e+00,4.597411890324742956e+00,4.679424645571240049e+00,4.866407237440617095e+00,4.852585409385573811e+00,5.080536233686958170e+00,4.700799701064519276e+00,5.016029133700325104e+00,4.881837039417857405e+00,4.727251426836867942e+00,4.533917087546886826e+00,4.933355618576554136e+00,4.848553546436503936e+00,4.692235213681935413e+00,4.835642337919482614e+00,4.606903178909387719e+00,4.734432225676012962e+00,4.395918797600823602e+00,5.207952770616333993e+00,4.909539430738155019e+00,5.052625053055855631e+00,4.845094725499409449e+00,4.682740309258428546e+00,4.674777113110910598e+00,4.384178005949558532e+00,4.794203592481975029e+00,4.623160300270535927e+00,5.049034671102142546e+00,4.811975225352803420e+00,4.671777271443872337e+00,4.443282641396065991e+00,4.994101031322896844e+00,5.203391280860084400e+00,4.624184909318847403e+00,4.891946357524655120e+00,4.735095373752651327e+00,5.193757814834611075e+00,4.671225219677995533e+00,4.369619439549290441e+00,4.760456516402532756e+00,4.664066988477818754e+00,4.369663023408289604e+00,4.476195771038735671e+00,5.049189073264694017e+00,4.677820978433579135e+00,4.318735243616219854e+00,4.708303050744663487e+00,5.371589442792886970e+00,6.778188154681616062e+00,6.017577740560968280e+00,5.455977144336681128e+00,5.032427878309125191e+00,4.800809213280200716e+00
2.638789928475130164e+00,2.640328312221581708e+00,2.951800910489468244e+00,4.584541719990822273e+00,5.742353734276435695e+00,3.049613113041302004e+00,2.948668091017005111e+00,2.900097849289247520e+00,3.499893993598770070e+00,2.358089378671667458e+00,3.404826695807839698e+00,2.395951312364402064e+00,3.637172908280616568e+00,2.570987958589558531e+00,2.999002938379574434e+00,2.772193281226800643e+00,2.891760623404093344e+00,2.830422783370087902e+00,2.637144428195844270e+00,3.257260419055862055e+00,2.893270198221653544e+00,2.709247172510013790e+00,2.484011621627782329e+00,3.089858880033761857e+00,2.708972977609497956e+00,2.638849927810796636e+00,4.014830239324671979e+00,3.494448178442710162e+00,2.485471544883327777e+00,2.944115445372908368e+00,5.512408560826333570e+00,2.943980157247010343e+00,2.772269975703372413e+00,2.833042778851421861e+00,4.084716570822971349e+00,3.187264232133714792e+00,3.042741433526159334e+00,2.994405799144810310e+00,2.994224370364027887e+00,2.565116008451413521e+00,2.773469485876342233e+00,2.397471468564660313e+00,2.186417783987946617e+00,2.831861241030708243e+00,2.707223249915944763e+00,3.088524001120768858e+00,2.832898726194996719e+00,2.711999812325366577e+00,3.689003782229850259e+00,2.565540911956020853e+00,4.235787543915269460e+00,2.773041910460889437e+00,3.332388672819925013e+00,3.089439632645431644e+00,2.891290475129060678e+00,2.712966513846860384e+00,2.483684978105310304e+00,3.224553534631477092e+00,2.483008965969105475e+00,2.485551282787980210e+00
6.405823131946995375e+00,6.563389514900284105e+00,6.389489257868808281e+00,6.499974261652821106e+00,6.490928023502831046e+00,6.390189874962587169e+00,6.164450400948611630e+00,6.082319138392275448e+00,6.137448871233642578e+00,6.382461601647354321e+00,6.577603861117229833e+00,6.539889232147148235e+00,6.168942222846509615e+00,6.367946218784054757e+00,6.321581283722385258e+00,6.284972430661953879e+00,6.705544160652524788e+00,6.840199278920034764e+00,6.908633454047910405e+00,6.672347672056036849e+00,6.594495099886501954e+00,6.772263736954859503e+00,6.557427454365453379e+00,6.561638708309134316e+00,6.638880845932841446e+00,6.834864213118741816e+00,6.501806464522304374e+00,6.483314387341376772e+00,6.433304081017054088e+00,6.954121509905213827e+00,6.754875016318668379e+00,6.756301248699531747e+00,6.708862046817080760e+00,6.413040749911984584e+00,6.427009148211211276e+00,6.363469821848412700e+00,6.473623659841303279e+00,6.431556132022614669e+00,6.639684311790323257e+00,6.560079363956493381e+00,6.245760990489438669e+00,6.252499324358765875e+00,6.201627437592967418e+00,6.240208786866194401e+00,6.252652681976161197e+00,7.803687372990977700e+00,6.846765190634007681e+00,6.624364200765467281e+00,6.617938472254225601e+00,6.608714051371857856e+00,6.415285273876428107e+00,6.668908154198520677e+00,6.624470445913652306e+00,6.897855565102810615e+00,6.322162311378494159e+00,6.375295314111995459e+00,6.504169718374540388e+00,6.697238867106654503e+00,6.790286721494105393e+00,7.224540643916192550e+00
7.199028044109448743e+00,7.634196479988693440e+00,7.477069617625802245e+00,7.531181432717604096e+00,7.283942218665885093e+00,7.149844690415432247e+00,7.066238325507137930e+00,7.259462784163305038e+00,7.414471123331124680e+00,7.248562909286993872e+00,7.381033317850138609e+00,7.190901037457122946e+00,7.104478344091916142e+00,7.093415065146888132e+00,7.123231838903796742e+00,6.953498643741207630e+00,6.916929729076437106e+00,7.006809152745073987e+00,6.915454417478661853e+00,6.896005376537700293e+00,6.922811023460965885e+00,7.102528701668357591e+00,6.890433036345639195e+00,6.723110464185197976e+00,6.726938436427736256e+00,6.747650483942480015e+00,6.734330172596449060e+00,6.606704030555046181e+00,6.468178951667441723e+00,7.101228874763008569e+00,7.177721424547969242e+00,7.132555251541292662e+00,6.955895479222616196e+00,6.984326749582411509e+00,6.957350802173391635e+00,6.993059230771510926e+00,7.401820498324695130e+00,7.166109727771425852e+00,7.072222746416540140e+00,6.924135355619025489e+00,6.835207968610397700e+00,6.892701813063686345e+00,7.077675739409446720e+00,7.169376597928071249e+00,7.014618369982249746e+00,7.286649504909049391e+00,7.112038928214033717e+00,6.975110346434530761e+00,6.863405796670899228e+00,6.849381391707167310e+00,7.214667339826201342e+00,7.135222124364271501e+00,6.935055912572725134e+00,6.769955259800324754e+00,7.003428259349269602e+00,6.871682841673852238e+00,6.706774500306676323e+00,6.871244410835966043e+00,6.968491370423285147e+00,6.623322501109049298e+00
3.713401972709451382e+00,4.223692847606128176e+00,4.305996792770079296e+00,4.332200220148457070e+00,4.370564099871030450e+00,4.317053787630753980e+00,3.848851753035578138e+00,4.037941575261182692e+00,4.142764196505466678e+00,4.317400027697689602e+00,4.290577018622443894e+00,4.478230342999141911e+00,4.079617636403667369e+00,3.611875542713144593e+00,3.850556801018220288e+00,4.304111311376280113e+00,3.788651143978716718e+00,4.215057938292467554e+00,4.511402370105153992e+00,4.530349141019241799e+00,4.157643156166543008e+00,4.344330096664448249e+00,4.007230698956991688e+00,3.878245577326380200e+00,4.233412822700441502e+00,4.487279374194421244e+00,4.060625003408245171e+00,4.141110332094436686e+00,3.931030451796468927e+00,4.303062465505803402e+00,4.465198691808338616e+00,4.748400201887542416e+00,4.344300583056242893e+00,4.706433335763215986e+00,4.262140606505917084e+00,4.204800365224999226e+00,3.911948815042672667e+00,4.357264315235965135e+00,4.173301953881805915e+00,4.554569366033158317e+00,3.931758826404897711e+00,3.992260556061657972e+00,4.395233006990019398e+00,3.950148808051718863e+00,3.892642053901225641e+00,4.355571232417522864e+00,4.129249617099836733e+00,3.950978724701788014e+00,4.258819009144043655e+00,4.007292391155524491e+00,4.045011856991017396e+00,4.291596698979889268e+00,4.162710461643692739e+00,4.127090743157536323e+00,3.911462492163329419e+00,4.174012479808997256e+00,4.475990606259527382e+00,4.643864403625417303e+00,4.453928424505477324e+00,4.306181330350852043e+00
8.121630442171829500e+00,8.182856713045961072e+00,7.952251994807553181e+00,7.952432297721930610e+00,8.155639613352803963e+00,8.237376128657885488e+00,8.599202283045228157e+00,9.186725216973748331e+00,9.015710101271317001e+00,8.622264407144200504e+00,8.104725988901186895e+00,7.959786067208133531e+00,8.200790158350272918e+00,7.910079236148041204e+00,7.814156367501490230e+00,7.952029065319520917e+00,7.666201550995452862e+00,7.450928884705935396e+00,7.500319500672515183e+00,7.315584332712129267e+00,7.504128150315310997e+00,7.376502883437446201e+00,7.290320365086794041e+00,7.191345192545822940e+00,7.198769592873971668e+00,7.198828569651325893e+00,7.326295886198887608e+00,7.574637712852640981e+00,7.667252434220941382e+00,7.576698041000478057e+00,7.440224694657572080e+00,7.126342118382485324e+00,7.261131980431486888e+00,7.384580632380757237e+00,7.354014280688716987e+00,7.370937849720698765e+00,7.304101334606389884e+00,7.224160637240356841e+00,6.904587323812830135e+00,6.956672627253666086e+00,7.173349304667199000e+00,7.180459337433147127e+00,7.169315577217277635e+00,7.150238808724514783e+00,7.077051335004068910e+00,6.829357799076075430e+00,6.931103647691450931e+00,6.916390384588206430e+00,6.901035251261103731e+00,6.896690395436701593e+00,6.869211165660942697e+00,6.730614754270409783e+00,6.910559229728198360e+00,6.683324085066248976e+00,6.689368380851423268e+00,6.844241101436382202e+00,6.742143452008339644e+00,6.792088137541282045e+00,6.789933346471729969e+00,6.875172093971500864e+00
5.838645737657897961e+00,5.916062162232519128e+00,5.976915367496653531e+00,5.994741888118511497e+00,5.892369677208189493e+00,6.031053887332979535e+00,6.009471736488943172e+00,5.859647993890302331e+00,5.821505504094838912e+00,5.926527390201453471e+00,5.957696512793534183e+00,5.992335216798246655e+00,5.987890912577081615e+00,5.841307005667734309e+00,5.961908854393676016e+00,5.983911635846429711e+00,5.982418292635762747e+00,6.156829403622984920e+00,6.074011527897871687e+00,5.944222193124712561e+00,5.896740031500636192e+00,5.886417756905811594e+00,5.992517282435868786e+00,5.993800490156026228e+00,5.931774433105679201e+00,6.022808061149029335e+00,6.012499918235560514e+00,5.967924042894560799e+00,5.911917077311271029e+00,5.970723902278598061e+00,6.033163543765549974e+00,5.970843005897833677e+00,6.001055165184157936e+00,6.052290441253572517e+00,6.099678125541426077e+00,5.739345991548372439e+00,6.057879019720108005e+00,6.071230479421915405e+00,5.958131928291527046e+00,6.074913278415962736e+00,6.063102480113955473e+00,5.950343074087119710e+00,5.999214590731122954e+00,5.832865497034092961e+00,5.918789528080028894e+00,6.039217570292535697e+00,5.961144062046423109e+00,5.982038010960013530e+00,6.038716775467229070e+00,6.051121535365836301e+00,5.867528886862458215e+00,5.959793468520490300e+00,5.847166429250458819e+00,5.901094906084016323e+00,5.971814008272454899e+00,5.953009329815460937e+00,6.041147991987624088e+00,6.044029126411934350e+00,6.074552938781783595e+00,5.794816274176957549e+00
2.301728732769446673e+00,1.948419953682055228e+00,1.792815819051483794e+00,1.995471188589207578e+00,1.983638520105969416e+00,1.791348124689162491e+00,2.834338310889578771e+00,2.707931933128480129e+00,1.388404361296195377e+00,2.197528888815299730e+00,2.079030140963596729e+00,1.611992203952720359e+00,2.485265442175019768e+00,2.197407270357875753e+00,2.019950273174349498e+00,1.789930195849987582e+00,2.192102214854187547e+00,2.197796661665254891e+00,1.945523134691754530e+00,1.100201144902749339e+00,2.204513748488683866e+00,1.794537135421460317e+00,1.947367747096546253e+00,2.638314855246020052e+00,1.610672847908496186e+00,2.077283124156078742e+00,2.079182687518866146e+00,1.100538470623639631e+00,2.197291500626594729e+00,1.789154195987067375e+00,2.303230069422588233e+00,2.196736677238356528e+00,2.484952506543474549e+00,1.610955177767384727e+00,2.302571651973982725e+00,2.080089409351728591e+00,1.791149389261676550e+00,1.107895593299758952e+00,1.945282553865508302e+00,1.386271896340711463e+00,1.095609473743972995e+00,1.787913150857385780e+00,1.084447248658240825e+00,6.962508637419843049e-01,1.789772751781280258e+00,2.767604163734290967e+00,2.192634451857560673e+00,2.990799115246007389e+00,2.277866205445474357e+00,1.792262515189827043e+00,1.946852250413373620e+00,1.390881507902369529e+00,1.791904846831581688e+00,2.201701649377008962e+00,2.079046928286283347e+00,1.139099543129503012e+00,3.418937848170239935e+00,2.860348350942291340e+00,2.211737411739678194e+00,2.567271613709178890e+00
9.289702251835965541e+00,9.254958103508313272e+00,9.218391167600019642e+00,9.374993788901649694e+00,9.373967825750192162e+00,9.201526450517922839e+00,9.168013605865731108e+00,9.008491042250001968e+00,9.057130939133962499e+00,9.179121626367143350e+00,9.273597969270346297e+00,9.297914535744649100e+00,9.275441059013560974e+00,8.974027772352211940e+00,9.083531618536612839e+00,9.068589600920438087e+00,9.045201114709289669e+00,9.177900830203270743e+00,9.298099674843975038e+00,9.196204924674519887e+00,9.048387629033443957e+00,9.049374290063676440e+00,9.042000696961663309e+00,9.086468611731376654e+00,9.264312625875774643e+00,9.352906664127486280e+00,9.198293775377317516e+00,9.067019787823776156e+00,9.007045690376786595e+00,8.993510334847366394e+00,8.962624973870520151e+00,9.115548505657521616e+00,9.284441357297396280e+00,9.160314798614878740e+00,9.010423099174220241e+00,9.013331765099534820e+00,9.035186586782334217e+00,9.047679607475631158e+00,9.130643699989523299e+00,9.221638793005212165e+00,9.156482743786341416e+00,9.083727643972814292e+00,9.051631711230806232e+00,9.028530842005011436e+00,9.012372245797639181e+00,9.150089034703290380e+00,9.198041917730332528e+00,9.150368787017203687e+00,9.171584924937722150e+00,9.068995052048252958e+00,9.043251456470139615e+00,9.064620021530256366e+00,9.167800668678719234e+00,9.274433374509246875e+00,9.463994286102757059e+00,9.561303135360684990e+00,9.550208780373678152e+00,9.574220067806258783e+00,9.526113394120196531e+00,9.452771611346015845e+00
5.850121250440810883e+00,5.965089344449332032e+00,6.019805864707293175e+00,5.942410514174079061e+00,6.203693666472297252e+00,6.011978461900779891e+00,5.951948422902939129e+00,5.718994925902250337e+00,5.883052067629722437e+00,5.899691724199151999e+00,5.968859534385921428e+00,6.412962350110353427e+00,6.279222654157023520e+00,6.057856090666687621e+00,6.087415938964631401e+00,5.953819506901149694e+00,6.054425071699831129e+00,6.032337476054387970e+00,6.234035972536025483e+00,6.153240578887329448e+00,5.795339210976431232e+00,5.789984634700946486e+00,5.712175343194593857e+00,5.797590588211902762e+00,5.802327934786456254e+00,5.967834883052504757e+00,5.883566085116855859e+00,5.748083101356528779e+00,5.627461436294242780e+00,5.800400394545046190e+00,5.818533431626166319e+00,5.842802255365321606e+00,5.987552208322032499e+00,5.890326020036588339e+00,6.004422490150533420e+00,5.636704220752788430e+00,5.678599468025095298e+00,5.738270742194708340e+00,5.985547311143701421e+00,5.863929343476709910e+00,5.728445595180746253e+00,5.832879901002578471e+00,5.787676037742685686e+00,5.733452966450423460e+00,5.830542716488115396e+00,5.743028147279830797e+00,5.738086394328692386e+00,5.717440015026777012e+00,5.623016838067167456e+00,5.583967209758987416e+00,5.599993706767321555e+00,6.042058357253917933e+00,5.771362196367174846e+00,5.750356435433685576e+00,5.737878433205332307e+00,5.739460543877988208e+00,5.730688259832863451e+00,5.641623475048839431e+00,5.756103799872853699e+00,5.595564866465079668e+00
1.791536452635640986e+00,1.790086290053222395e+00,1.608941210747350636e+00,1.609344632066973535e+00,6.946522351859496514e-01,2.771745483056226700e+00,1.609773619335315376e+00,1.098931414231704373e+00,1.790492362788475011e+00,1.793222668594720570e+00,2.197019607959352250e+00,1.611192352322166732e+00,2.077953060583124678e+00,1.606392527059972819e+00,1.788872364791803671e+00,1.098147891769668094e+00,1.383310887730567318e+00,6.928197738189024735e-01,1.388228375716985319e+00,6.914382967403940317e-01,1.788467084817504604e+00,1.608016480356862399e+00,2.199015834071308628e+00,1.793116653742346411e+00,1.610123259551976549e+00,1.610580111075089471e+00,1.791983083832900947e+00,1.944051040705714772e+00,6.862902933998795696e-01,1.111985666564434760e+00,1.932574374487388003e+00,1.101794425675624911e+00,6.876818716347166127e-01,1.086404412223045624e+00,1.605247037461764892e+00,1.095668187147185169e+00,1.945348381187207432e+00,1.605454484848353847e+00,1.609174411901144630e+00,2.078197842665667316e+00,1.943637598395528743e+00,1.390120831810180313e+00,1.797334598984504206e+00,1.940905530578951543e+00,2.203060943487341827e+00,2.197751884279055545e+00,2.196849465316358607e+00,2.398091810529066503e+00,1.944882931247351232e+00,2.395260206006286197e+00,2.078584671609113421e+00,2.076185980626885641e+00,1.604128098655619450e+00,1.607432160021105005e+00,2.397301386340835450e+00,1.386621383788771089e+00,1.943966145102019372e+00,2.195750510480877882e+00,1.385647634816586704e+00,1.946079195887407742e+00
6.743608415018115920e+00,6.817631170835256604e+00,8.308329562746974872e+00,6.962148166272038807e+00,6.930049990107857383e+00,6.872199300011807566e+00,6.910845841338735696e+00,6.746393371290460905e+00,6.785022666732254848e+00,6.630164252017358706e+00,6.794467683827583926e+00,6.891595696283810746e+00,6.829591069561115724e+00,6.771287819413106313e+00,6.741697100389774100e+00,6.877478307832251225e+00,6.879844172172441041e+00,6.872736002109650855e+00,6.865768593057708813e+00,6.868402981009054109e+00,6.725178759962288311e+00,6.801032560846128838e+00,6.732595773535176242e+00,6.719708963986349204e+00,7.323312410722047971e+00,6.951213129368195354e+00,8.407914967257697825e+00,7.201488877448704251e+00,6.815609409987446909e+00,7.469438946327373152e+00,7.011438170715430296e+00,6.882690277130310008e+00,6.987385859346478156e+00,7.108662409094188561e+00,6.875188973958885619e+00,7.972822403382021861e+00,6.939253031574577513e+00,7.490588287422006886e+00,6.819528893237868594e+00,7.047583711741450152e+00,6.862007442941331803e+00,6.751049003473537091e+00,6.877126472237987898e+00,6.748522362608155412e+00,6.921255567241855644e+00,8.327171096845525256e+00,7.153129926518531079e+00,7.177392996138554082e+00,8.450696790504121481e+00,7.352605380157469561e+00,6.954569984626578716e+00,6.699108639373970497e+00,6.667527026958639524e+00,7.219559165695773828e+00,7.076551174939498701e+00,6.666062075869509052e+00,6.607838885666631690e+00,6.547209362104045027e+00,6.496261996567330499e+00,6.457647129429161303e+00
4.539548404617994137e+00,4.026915730862517862e+00,3.912665516289376200e+00,3.399150783383150909e+00,3.686954907936115244e+00,3.781589361493174817e+00,4.157283187376863864e+00,4.185388498929871304e+00,3.552291538774384083e+00,3.760701644990856352e+00,3.299205902526499923e+00,4.820038333914406614e+00,5.178569436313002150e+00,4.085188777332052545e+00,4.751372521606886501e+00,4.093372478461686725e+00,4.871731020566346437e+00,4.285983686215024235e+00,4.260759657840154979e+00,4.403703840928037572e+00,4.248572809958987229e+00,4.260973803560920814e+00,3.866815395314607606e+00,5.573073998369268978e+00,4.348516115193207909e+00,4.448670883229566719e+00,4.350581009632688456e+00,4.068292929331303043e+00,4.024595770141884188e+00,4.076269909195699093e+00,3.958971753131879989e+00,4.028554857050635540e+00,3.635468868557988564e+00,4.654977930670691322e+00,4.175683140631704759e+00,4.337873051735782859e+00,4.625013320987952703e+00,4.288381992273455623e+00,3.951259726033280018e+00,4.327308788027397490e+00,4.610591301426830491e+00,4.671962909666485864e+00,4.749832989239037850e+00,5.294900937236978855e+00,4.112287221097902012e+00,4.821262977671081806e+00,5.835521565361140972e+00,5.795181380122596870e+00,4.968342542603766177e+00,4.848944679269551195e+00,4.729357412161836471e+00,4.813020833173529134e+00,5.605201124754992215e+00,5.164518190136128339e+00,5.680295854713190984e+00,4.838157883544526250e+00,4.425652308953912595e+00,4.763992799401900236e+00,4.868963567686638960e+00,5.589322660018669175e+00
7.929258822380184313e+00,7.895762932519293287e+00,8.038221580933212707e+00,8.115824113320586619e+00,8.178708494988768507e+00,8.040144314877844423e+00,7.772212249497326475e+00,7.605443468630369352e+00,7.749485500983509745e+00,8.246310042270236451e+00,8.152687032500717024e+00,8.297835974131002601e+00,8.152728777829965523e+00,7.951117868018325652e+00,8.123466422083883032e+00,8.223523038929554829e+00,8.064233782243293902e+00,8.888209915641176906e+00,8.691330765867029129e+00,8.239481680324841406e+00,8.102504301946614973e+00,8.036474576949427018e+00,8.016202895990719668e+00,8.094932085056454341e+00,8.584253005331429875e+00,8.836555143079756647e+00,8.161408846333809919e+00,8.082655258828653544e+00,8.321662461065384875e+00,8.142675132282665373e+00,8.854086788329869506e+00,8.711387228203690825e+00,8.717500445201629589e+00,8.392044683853013609e+00,8.325253763651309313e+00,8.284712085005830673e+00,8.185513359128893995e+00,8.319354506520699744e+00,8.534533043219273196e+00,8.574502151641146597e+00,8.256014802943365538e+00,8.171106780565336791e+00,8.357143694563340830e+00,8.325750814300100444e+00,8.302717415737763673e+00,8.685348305441559447e+00,8.766843990713821810e+00,8.528541583401798576e+00,8.328122499719917471e+00,8.379797336679066788e+00,8.308009972767369078e+00,8.673670230822272842e+00,8.569437346016572477e+00,8.717735607522692831e+00,8.813952541777000604e+00,9.159853965560929012e+00,8.618906593741250788e+00,8.523735778078329162e+00,8.692594348787515912e+00,8.457313131409318174e+00
9.926666111648810187e+00,9.903087420352822079e+00,9.853300098081270164e+00,9.967113181722533355e+00,9.923179985114321866e+00,9.777588123304987278e+00,9.752558570277724215e+00,9.896850667614588204e+00,9.805678461305090465e+00,9.987827396158200699e+00,9.832314348063457388e+00,9.688091856804550872e+00,9.669839863859552409e+00,9.608638934673225052e+00,9.553254059253431407e+00,9.562507976525461473e+00,9.670179499986437222e+00,9.716211609812791750e+00,9.861329375417774656e+00,9.711581629561624851e+00,9.638195104158310045e+00,9.572427750294723481e+00,9.527304038556030363e+00,9.450341938809472708e+00,9.599090200998386280e+00,9.738351973417888274e+00,9.709664611650270061e+00,9.481044629033329230e+00,9.394443064711149205e+00,9.454422656859122753e+00,9.392430301659443259e+00,9.456777240563742026e+00,9.543110551609458980e+00,9.422032370408706115e+00,9.361518334952201315e+00,9.533784244299333466e+00,9.401277071310550681e+00,9.583338391137059986e+00,9.574259792875068342e+00,9.541108822923394683e+00,9.535028459110083787e+00,9.417649875143501603e+00,9.380802665150952180e+00,9.325400181795982846e+00,9.404448859104668657e+00,9.431685318772572657e+00,9.526463632326835906e+00,9.374045518287461576e+00,9.407999187879767078e+00,9.352718996402266782e+00,9.223403714155468336e+00,9.340418634203896175e+00,9.468318415956446188e+00,9.586592023737827262e+00,9.642907602198096839e+00,9.696186694143499096e+00,9.612699002270904458e+00,9.612971867681928018e+00,9.565984515315950176e+00,9.615990266886864646e+00
2.903917779991778580e+00,2.499828973327908432e+00,2.956420818506503068e+00,3.058821276884649443e+00,3.274678626433991546e+00,2.646045060933635895e+00,2.995009242810967809e+00,3.134106593782598260e+00,3.523259631890745869e+00,3.181000050889341235e+00,3.637995043092291159e+00,5.894246378480289650e+00,5.874038586567775333e+00,5.232503153105246163e+00,5.796613025794489893e+00,5.348823460600273805e+00,4.943044165282380220e+00,4.461363824775587794e+00,6.611220711048160226e+00,5.903014933838748313e+00,5.309801195600183377e+00,5.286420422142965592e+00,6.501628162711504899e+00,6.620269125963162082e+00,4.938945969481541631e+00,4.579512396689773723e+00,5.035940832906844911e+00,6.119275723950579504e+00,4.430305226843123556e+00,3.780385056191604143e+00,4.165158564685932596e+00,6.284246836033904771e+00,4.463376119598035707e+00,4.039234092031633416e+00,3.822696209058670913e+00,4.478999795124031458e+00,2.833092486876767069e+00,2.477027002963589020e+00,2.304141436458556402e+00,3.138566741467269328e+00,1.934694214163823256e+00,1.381139138902733432e+00,2.479203605180239300e+00,1.379815930472296337e+00,2.191682180878498087e+00,2.297318810911183729e+00,2.199468324759102700e+00,1.603271619189235775e+00,2.208299672009082393e+00,2.298309377860892511e+00,2.070366987865628783e+00,2.305563500499274276e+00,1.610150369379769852e+00,1.387272234454936637e+00,2.080289307748826921e+00,1.946147022342546551e+00,1.615382793989826871e+00,1.376874495390824737e+00,1.390092831736739809e+00,6.865088978267385178e-01
5.705959598754538398e+00,5.507141032814372394e+00,5.683500993440402382e+00,5.823893827689259339e+00,5.489949156281593190e+00,5.415661744943684575e+00,5.452509611101519660e+00,5.461096960386754517e+00,5.577077316673780594e+00,5.582162572583950322e+00,5.544594956841585542e+00,5.618143396477605300e+00,5.665330817864441926e+00,5.504096482984282446e+00,5.682880467328209839e+00,5.420361595045944725e+00,5.405770773952866648e+00,5.670107933146534940e+00,5.672132255767144748e+00,5.522325565098166855e+00,5.686994111543810959e+00,5.812991700211998847e+00,5.797157127548907773e+00,5.684705195578265702e+00,5.718930448334231365e+00,5.564875854185491022e+00,9.327137783528781867e+00,9.026783189167593591e+00,8.293306339346495193e+00,7.905195082707438203e+00,7.689526749445390053e+00,7.697447444656474680e+00,7.583436549625877987e+00,7.114922898050748401e+00,7.072570280487904704e+00,7.070461685673187446e+00,6.530216372016107051e+00,6.520967745893668344e+00,6.409891864005806461e+00,6.183080309585060164e+00,6.170962390848822920e+00,6.295923905288673517e+00,6.070543987323564927e+00,6.121668867697818150e+00,5.973162251412476031e+00,5.889647492725678113e+00,6.068200348046738135e+00,7.065257862761744612e+00,7.102799993944319823e+00,7.133083227457172271e+00,6.740119840412941876e+00,6.627874955465119733e+00,6.750602022879297337e+00,7.083162096468010205e+00,6.563329714915868252e+00,6.449964064836055222e+00,6.135288049090982021e+00,5.896302250179247473e+00,5.976932514046256806e+00,5.848939055770911999e+00
2.833557206247451887e+00,2.564452835938156205e+00,3.089891039879896439e+00,2.079387919888142200e+00,2.772814837116127862e+00,3.931797107330329499e+00,3.210284348774607110e+00,3.826007434222800985e+00,3.805179328461457011e+00,3.687184176674140446e+00,3.780893867576865297e+00,3.401625497591483693e+00,3.704590698143799710e+00,3.333366339550977386e+00,3.848371822317168789e+00,3.255385125989342932e+00,3.294638112961516541e+00,3.255619971276384472e+00,3.218045584703330686e+00,2.638713174240760129e+00,3.044052720173624049e+00,2.773727857893857340e+00,1.946902726895856528e+00,2.705901130585545822e+00,3.136239992264242993e+00,3.258127713920352164e+00,3.044849211395604272e+00,2.890750744585592891e+00,2.639241770858856029e+00,3.092109695668863623e+00,3.092007241150379393e+00,2.994141189563187311e+00,2.944071400580205999e+00,2.995332674418885066e+00,2.639408814122398805e+00,2.486074950201073719e+00,3.045137861240609478e+00,3.092683153989096212e+00,2.196285307202959114e+00,2.565256156672864662e+00,2.944779817301524272e+00,2.638591349989366730e+00,3.043742233646874240e+00,3.367671955265256756e+00,3.255353351324191902e+00,2.890562111488937713e+00,2.944750568498422538e+00,2.303540947366870650e+00,2.488105802044195958e+00,2.891561134034281721e+00,2.772592673450888334e+00,2.772490823260128412e+00,2.941885827056827996e+00,2.994694006979097267e+00,3.330819373721913834e+00,3.043891507080840775e+00,3.091868254595640408e+00,3.090421200437492022e+00,3.091813892248457041e+00,2.484048190756265484e+00
6.661629524689742787e+00,6.476903735305225673e+00,6.821173651516677872e+00,7.658941799633442571e+00,7.729641512290769789e+00,7.540804975899772167e+00,7.609741579343042517e+00,7.643021512209391410e+00,7.542269902087073596e+00,7.411640000643610726e+00,7.531070727029669065e+00,7.750386003741663643e+00,7.359881346463605034e+00,7.181882524458758077e+00,7.158847411897844459e+00,7.169170634276150977e+00,7.299958014192260869e+00,7.314078909869444090e+00,8.148526895148645366e+00,7.369786624563043453e+00,7.186060429093886093e+00,7.182657658284176350e+00,7.107746219817577149e+00,7.145911693652778673e+00,7.358931930035649494e+00,7.388182551763724071e+00,7.209915106366969084e+00,7.031636083440466756e+00,7.010419428553163357e+00,6.960005851418064715e+00,6.989475583925467639e+00,7.274358853583372309e+00,7.432540186381240588e+00,7.132348105821275652e+00,7.067576677466483659e+00,7.354270944696473578e+00,7.294728697444723409e+00,7.667797132089361867e+00,7.630257731068896376e+00,7.546276821979406080e+00,7.304405627055779782e+00,7.173267149902329720e+00,7.180706846458120296e+00,7.187370372167005250e+00,7.037505857475939486e+00,7.060189653273489796e+00,7.443788670338258306e+00,7.123750613651127495e+00,6.913581343693451231e+00,6.995462003315292776e+00,7.151107832427800126e+00,6.938647910388955786e+00,7.020398405859209490e+00,7.344424957109973562e+00,7.179845020140206202e+00,6.857309330973901496e+00,6.929987763002094070e+00,7.018371962811894349e+00,6.899512228469179220e+00,6.619907481062881516e+00
5.752237181991338488e+00,5.453037423037817355e+00,5.739600611676347164e+00,7.478529223088098199e+00,6.694607606077799922e+00,6.160108822577109677e+00,6.221650127741665592e+00,5.780992602734180252e+00,5.481523987235295436e+00,5.277576346743215296e+00,6.122224777366120918e+00,5.446326017853501789e+00,5.487390422539264456e+00,5.408020653118964738e+00,4.487488714868336004e+00,4.995678832088753296e+00,4.804167042514970731e+00,5.276098324292946451e+00,6.804245637150428294e+00,6.094518374371950209e+00,5.551586239853322446e+00,5.872677915917303260e+00,5.286612795406714582e+00,5.501088223963307655e+00,7.226324642976187818e+00,6.893271208662110183e+00,6.128647204826056516e+00,5.855614639923349962e+00,5.387335661421368549e+00,6.543351152648744673e+00,6.099510869154171289e+00,5.643639160808201716e+00,5.571548712747357968e+00,6.900294945607972963e+00,6.431909009056395732e+00,6.322231610135941260e+00,6.318662995726761267e+00,5.905003820965180061e+00,5.459301137376090018e+00,5.308555268761312895e+00,4.876357998674045291e+00,5.198620084148180887e+00,4.994756689280172246e+00,4.725168712519844050e+00,4.654744439338739603e+00,4.844507472434385953e+00,4.880723907148044383e+00,4.511523704491402498e+00,4.300647822050689406e+00,4.789735959410908350e+00,4.736453908389984591e+00,4.909610655957989067e+00,4.700837778791778554e+00,4.655466088466464036e+00,4.927175330271777121e+00,4.882519838284742342e+00,4.613536620869019167e+00,4.677300052513775341e+00,5.694230573371804383e+00,4.825957836869883444e+00
6.909576375159224959e+00,6.839057384419248820e+00,6.815342970559533420e+00,7.028379631399735317e+00,7.180719823380112388e+00,7.114325190933355358e+00,7.080173260966476256e+00,6.767703316521825663e+00,6.790505884560523953e+00,6.843774309123996424e+00,7.221778993394238455e+00,7.213760509436712098e+00,6.960904272750791932e+00,6.918725033835475990e+00,6.928011424384603600e+00,6.820332077327987186e+00,7.041019324572427074e+00,7.239664716468212191e+00,7.355009102539161958e+00,7.203739499756002473e+00,7.046326158525316963e+00,7.112488441464011046e+00,7.302212613189011492e+00,7.595814223498470241e+00,9.045495937308938750e+00,8.753887889080223417e+00,7.941756014709062228e+00,7.651937299572490581e+00,7.437504354974231013e+00,7.060557825346887917e+00,6.952435952574756328e+00,7.613384678162137043e+00,7.400814701281434260e+00,7.092967025894692412e+00,6.905386352228031654e+00,6.842082172040124810e+00,6.733538474087367831e+00,6.965242354776126632e+00,7.132881079584202588e+00,7.239744260062371595e+00,6.933885074218391509e+00,6.899575949265498664e+00,6.956731544878574702e+00,6.755948937028466439e+00,6.760556900192622898e+00,7.043077160546403093e+00,7.261419998539880183e+00,7.060990977988975459e+00,7.055829806143745664e+00,6.733276882412323694e+00,6.879345407390924372e+00,6.944077511740191611e+00,6.970883727312227052e+00,6.997408261784805461e+00,7.059880088657845221e+00,7.097680265241834263e+00,6.901293451579327609e+00,7.063650969574617022e+00,6.915081527700123409e+00,7.025728207492812238e+00
1.609685649106015193e+00,2.708564467644052787e+00,2.084532972176916132e+00,1.947019211871720223e+00,1.609304849084199907e+00,1.612450584668013498e+00,1.610324904694118153e+00,1.386377938847249913e+00,3.431560121041937084e+00,1.946891635665663367e+00,2.564182337336488704e+00,1.611430484046801448e+00,2.077529935055513644e+00,1.931389259733833130e+00,1.610585919109144060e+00,1.386323644593721260e+00,3.044152718939101554e+00,1.795883538955887371e+00,1.612012203027169965e+00,1.099525708033657345e+00,1.610403761975888637e+00,1.610491603370445279e+00,2.196378215154874969e+00,2.300006836060461968e+00,2.770432076877647809e+00,1.387521925474501705e+00,3.089419670572610244e+00,2.484352495003719685e+00,3.738722124416481662e+00,3.553840521273261999e+00,1.943201715522611339e+00,2.195504789563754056e+00,1.612146993695817709e+00,2.483950073312699569e+00,1.789775479427495597e+00,1.608045222469057123e+00,1.386400000871197191e+00,2.193357473169877281e+00,2.074242267085281366e+00,1.611017099339483227e+00,2.396523824568712602e+00,1.094481775744574836e+00,1.376658093223945167e+00,2.302700369828914351e+00,2.195877144160793382e+00,2.641448645079521818e+00,2.889700642253624885e+00,2.078821702545066596e+00,2.401239144231993361e+00,2.193374467353840451e+00,1.611999164042033694e+00,1.948612205834655109e+00,2.304149371090830289e+00,1.608829540601442121e+00,2.707787136048195098e+00,1.949630096923256062e+00,2.483980030774396663e+00,1.943920862906526770e+00,2.081896888322675832e+00,3.714928283789077579e+00
4.511465187346268557e+00,4.365526661373984041e+00,4.305892007696287216e+00,4.635336512885222859e+00,6.164723219427092893e+00,5.017427957991356990e+00,4.632066447403166087e+00,4.370143180512996217e+00,5.327577450810987436e+00,4.574706049971629440e+00,4.821329563657427819e+00,5.351606027831289580e+00,5.044337739177535695e+00,4.744442030071601479e+00,4.617432587074889128e+00,4.910749574516983351e+00,4.953492935874748149e+00,5.288360703435040833e+00,5.283560435831610391e+00,5.959813016431989574e+00,4.554999667323700763e+00,4.682330953421592667e+00,5.675363008902786000e+00,5.455477577398639255e+00,5.204995357051171112e+00,6.762372291141009129e+00,5.249203124386193409e+00,4.945461268494868001e+00,5.014842662258153005e+00,5.250677642303854142e+00,5.479213349937033684e+00,6.062175832975986722e+00,6.229145807544077762e+00,5.838606375249598024e+00,5.740276764092936190e+00,5.450071810594336874e+00,5.910302313353896331e+00,6.054573021573180114e+00,6.002370297697188661e+00,6.284936918072291157e+00,6.093648154166824149e+00,6.324166056011824466e+00,5.585080142922052460e+00,5.545713456765328786e+00,5.716398950176268201e+00,6.803813859055873436e+00,6.422693228975064450e+00,5.889789134253026859e+00,5.756489445379173731e+00,5.815986131706831763e+00,5.643780933901580532e+00,5.784572342070712025e+00,5.938736778111959325e+00,6.308987703771090416e+00,6.328237334161967098e+00,5.792736142829163271e+00,5.866577577046125924e+00,5.822195894402540262e+00,5.874901591952450985e+00,5.855463431616387382e+00
4.487671600388746462e+00,4.545488402669954908e+00,4.300928348574375448e+00,4.715305124497384703e+00,4.929970802898322901e+00,4.285640541633495282e+00,4.709019107473886301e+00,4.437654379904531154e+00,4.586509072362708217e+00,4.589516741935907973e+00,4.890867277796068002e+00,4.829327551244721128e+00,4.433344962736126327e+00,4.545873101101003400e+00,4.543607762230286617e+00,4.411649883969126051e+00,4.838183502612454667e+00,4.980647790200316116e+00,5.029958532513927771e+00,4.543020426615270502e+00,4.536290748699414621e+00,4.840168934601679851e+00,4.938716558918069488e+00,4.924152861620680888e+00,5.021063472201783284e+00,4.961317758387457921e+00,4.627484754955712098e+00,4.713194990039714760e+00,4.681459021589716940e+00,4.637279038213350191e+00,4.407115643526592130e+00,4.689065489556262456e+00,4.690724502107174843e+00,4.351245746121427338e+00,4.389613516737401966e+00,4.427493970810178148e+00,4.649937864984895697e+00,4.374839362065930715e+00,4.641600027212620994e+00,4.661345912778602774e+00,4.650750022951875451e+00,4.483709175626792387e+00,4.640064567115111949e+00,4.716201779487592560e+00,4.880935570273990720e+00,5.103219770401368649e+00,4.565431807438216083e+00,4.597283661038690461e+00,4.385861091326099803e+00,4.278410981352147147e+00,4.407108555946765982e+00,4.778114604167067903e+00,4.386247734390617659e+00,4.359219185183232703e+00,4.561553679257318805e+00,4.591550511896274500e+00,4.643608335749844329e+00,4.848557743316263213e+00,5.057194859790368646e+00,5.384626991363390403e+00
1.098701798903184423e+00,1.093841470376648806e+00,1.831727565605376345e-03,6.933897375800124330e-01,4.837197947429851264e-03,1.094286453380901802e+00,-6.108561637806727337e-04,6.949915053324411396e-01,4.165393157598702191e-03,6.895889314834604544e-01,6.897907156596675415e-01,6.917199644134561787e-01,1.097372687377598854e+00,5.979058486041536336e-01,2.056959672640173292e-02,1.949566812942513105e-02,6.761093977105376851e-01,3.033667097129423909e-02,-6.772164495511879580e-06,1.093491632789179491e+00,1.090872408881320199e+00,1.064428521228737878e+00,2.794448177219286539e-02,7.407140222039366485e-03,1.078574332934402857e+00,1.177269922619910980e-01,6.701253532430994087e-01,1.099743790059393378e+00,1.100044160686143080e+00,6.838525705067301230e-02,1.111692148877982289e+00,1.078865701947661071e+00,1.056672237600607467e+00,9.542060909839208960e-02,2.724161987584724706e-02,6.782562725776144497e-01,6.800255193487334537e-01,3.502906235811641122e-02,8.045402274334331749e-02,1.080342439062126125e+00,1.100111058036903344e+00,7.516009701632204998e-02,6.359661798304876434e-01,1.354547018176041062e+00,1.045498287156065575e-01,6.632234589616829989e-01,6.725367465065765771e-01,1.081009852476350952e+00,3.701024772678865316e-02,1.094812059358562406e+00,1.140784966386406418e-01,6.706825689505208077e-01,1.090567299856965766e+00,6.764460946406185560e-01,1.403027284126356244e+00,6.888794959879039892e-01,3.192536142224696588e-02,6.753634621443759256e-01,6.691545214752990800e-01,1.387659080497818387e+00
7.924250597491904635e+00,7.695257217259178439e+00,7.808608174143178537e+00,7.838110891327954910e+00,7.958587894791268269e+00,7.919478120588425263e+00,7.610770946581568275e+00,7.315947820593128981e+00,7.515872388425212769e+00,7.728373607552781799e+00,7.812871761928452230e+00,7.852151139280173275e+00,7.849669557945195386e+00,7.765701986757826525e+00,7.734611609804801446e+00,7.697396554911548172e+00,7.645187024917346363e+00,7.805004335193340026e+00,7.921605188315179014e+00,7.773312683251641708e+00,7.757581461043974613e+00,7.726669436746809616e+00,7.523137252654016116e+00,8.052385589811756006e+00,7.843975109781398558e+00,7.877825162767821965e+00,7.962877883117857714e+00,7.780439965026281435e+00,7.607010303148358688e+00,7.737920778322286530e+00,7.637498301952525104e+00,7.699396322787178448e+00,7.940284698779533912e+00,7.859315863042081851e+00,7.816537991216820913e+00,7.873847067103416641e+00,7.687448710489764636e+00,7.651672038393668274e+00,7.742610172651600564e+00,7.870080650539716061e+00,7.842237785117771587e+00,7.618827938532315436e+00,7.616821503233524915e+00,7.666836202571890801e+00,7.606830550937715429e+00,7.779110929210800940e+00,8.086141736712631811e+00,7.871966405159295910e+00,7.807501652186109808e+00,7.756278664331476058e+00,7.831402617299359825e+00,7.840913425526783165e+00,7.727996539662645326e+00,7.731566410208572826e+00,8.017473293403106993e+00,8.122042499269745974e+00,7.972355449910728531e+00,8.045793258815177040e+00,8.250391371806152563e+00,8.178623407999584316e+00
3.555910252085135337e+00,3.698780716472680030e+00,3.081687581702680312e+00,2.837082171502527839e+00,3.407424232627365601e+00,4.107187625610509762e+00,3.986145333670777724e+00,3.911561644331872589e+00,3.836286531578737335e+00,3.811966365552902136e+00,3.889982293280501935e+00,3.678992035924310677e+00,3.799303390521536539e+00,3.526850044102066928e+00,3.637507667517126286e+00,3.583478566908828711e+00,3.686496555359882521e+00,3.609725846211813582e+00,3.826576828782304762e+00,3.610737298055110234e+00,4.042110297536217978e+00,3.851859460768212173e+00,3.931275765676653933e+00,3.758057177077172906e+00,4.188284930930390004e+00,4.154112610391475613e+00,3.761328929521542630e+00,3.718007038585382951e+00,3.607204666090924938e+00,3.804261649940927636e+00,3.715126838046435065e+00,4.058517593778778298e+00,3.904445960815471572e+00,3.714614715970489200e+00,3.597705684977187346e+00,3.465567019126330361e+00,3.664130773567229493e+00,3.635658023387290605e+00,3.141388049167322727e+00,3.634359286584300186e+00,3.503626875142879182e+00,3.583453762635686157e+00,3.636003371509413551e+00,4.124493716792242637e+00,3.553974981053068749e+00,3.760556220510336889e+00,3.525924024355036046e+00,3.578134433399193348e+00,3.782354541989528585e+00,3.689369373288659659e+00,3.740406697945299452e+00,3.891940296745349137e+00,3.685683566088418406e+00,3.809199303338258069e+00,3.637375087529348239e+00,3.711136018258048619e+00,3.639147607170331256e+00,3.737768036056190013e+00,3.397320657787004095e+00,3.495256090848172015e+00
2.398350813991215968e+00,2.302484133935577493e+00,2.196838344663128328e+00,1.610340821303744896e+00,2.080446093698066878e+00,2.077406045819207847e+00,1.611126672703956819e+00,1.385435088922392977e+00,1.790689399120922287e+00,1.609128141976075010e+00,2.302151829387863557e+00,1.607899507114008308e+00,2.197337563290130191e+00,2.302067032741736519e+00,2.303005573089494717e+00,2.080919526050790669e+00,2.481971467512968488e+00,2.396713088534406566e+00,1.791769884688616976e+00,1.609560659499029933e+00,2.639031668417585408e+00,2.299548450481859962e+00,1.384817867199117591e+00,1.791653259073886950e+00,1.386926923323057448e+00,2.485246018440521176e+00,2.195645157697688088e+00,2.397832201613688152e+00,2.398074067651672525e+00,2.196370192408921174e+00,2.885616568941662408e+00,2.198082914941339450e+00,1.385912803402214566e+00,2.196535197518161731e+00,1.390759978899454685e+00,2.396818867134560715e+00,1.613226528035957674e+00,1.611996205043739971e+00,2.992728597621347131e+00,2.300798914361436687e+00,2.300831981293222306e+00,1.388109315847154024e+00,1.385625664962035319e+00,2.303157483797030114e+00,1.943611908190650883e+00,1.790980205456008223e+00,1.609229942616965392e+00,1.792087617395581534e+00,1.790520963285598066e+00,2.304906908104461305e+00,2.640095779779092044e+00,2.566645696843703472e+00,1.791595213698475852e+00,2.396908161773187995e+00,2.081500643681553075e+00,2.193314569466021879e+00,1.790794184109579579e+00,1.607562248513329184e+00,1.945581473126194227e+00,2.197712728191333564e+00
7.729107815135827231e+00,7.884770069383573166e+00,8.065474373823471765e+00,7.925005858898313882e+00,8.039507906821791394e+00,7.871146419477009992e+00,7.832545256891164875e+00,7.834611410284701094e+00,7.837345708908685538e+00,7.915433160526118783e+00,7.877396022948558674e+00,7.876598373430310218e+00,7.802928891554853585e+00,7.810689782282021376e+00,8.227529024973714300e+00,8.096942884274774599e+00,7.969252043282645026e+00,7.922893721899604280e+00,7.908484214051365591e+00,7.936507664811382590e+00,7.871923575625213942e+00,7.849158195102745594e+00,7.679197295831106551e+00,7.868416740923080077e+00,7.789007646150800213e+00,7.907244825648164444e+00,7.729063241669221540e+00,7.721335334354521684e+00,7.654903006998519110e+00,7.692056605896127053e+00,7.758421697048870413e+00,7.707679474325644264e+00,7.765527650773552004e+00,7.670696669361638520e+00,7.644492412060706954e+00,7.669190569401150626e+00,7.643400775696004068e+00,7.530039319334172809e+00,7.708495607180479325e+00,7.754853104654521267e+00,7.598611721892188697e+00,7.574748490041635307e+00,7.746470737998941480e+00,7.875904989697287029e+00,7.747682262327293401e+00,7.756104102380737331e+00,7.701038477517604619e+00,7.782220926498289337e+00,7.607241292338098759e+00,7.582059982808840637e+00,7.624056323843595884e+00,7.587398929537253700e+00,7.396480195922626955e+00,7.261542134039575380e+00,7.572015449039906088e+00,7.796322931210080576e+00,7.975641498268437601e+00,8.026207268659321770e+00,7.981956596276131854e+00,8.297569518093803609e+00
3.332592803040232976e+00,3.091724200394102784e+00,3.686853219683437821e+00,3.045620539924096093e+00,2.834304470827380129e+00,2.994504256782885676e+00,2.565254818060219932e+00,2.995553181441703128e+00,3.226211135178837619e+00,2.997829422334142624e+00,2.485426123464733905e+00,2.566474238142319564e+00,2.995822557053371860e+00,3.259384641041481068e+00,3.402738429982735457e+00,3.045231258170853827e+00,3.091635820394937006e+00,3.464744343963495954e+00,3.136601919499403923e+00,3.654987301987485449e+00,3.367123148746321348e+00,3.043959673167991653e+00,3.552838091092108908e+00,2.774043681661331195e+00,2.944647004919053401e+00,2.833204933840304030e+00,3.044814800788524067e+00,2.832303856715153056e+00,3.175164312825702773e+00,3.218367884815735991e+00,3.466247462561476311e+00,2.945260219955523784e+00,3.220137922149564069e+00,3.366724407331852742e+00,3.327550134803308080e+00,3.177189766035611651e+00,3.295087424260096487e+00,3.552086674307121328e+00,3.251797813215896227e+00,3.137035288160800128e+00,3.133921448795877307e+00,3.433319058764983112e+00,3.635796745106249173e+00,3.762595386170317635e+00,3.760012110800283303e+00,3.297119701498519184e+00,3.176216682916489287e+00,3.254524917694302300e+00,3.261333120861684254e+00,3.495922192855574817e+00,3.294843946735372953e+00,3.400647034533260005e+00,3.260059242691209835e+00,2.997124073298435665e+00,2.944621317402783323e+00,3.134374161122359226e+00,3.431938822489245755e+00,2.773729316348555241e+00,2.772180146989630778e+00,2.946833400835743966e+00
6.813056164969983008e+00,6.813991815306068567e+00,6.668610696858642051e+00,6.433734935332837246e+00,7.103614028452690299e+00,6.892797742068614397e+00,7.190536200173300863e+00,8.499600311317996315e+00,7.886302299930910920e+00,7.430252777694601463e+00,7.062269574534235872e+00,7.014532063558336361e+00,7.252655827424758783e+00,7.475890951783831895e+00,7.343635328864481338e+00,7.196227695162368931e+00,6.953446401386699449e+00,6.783837484781437333e+00,7.112028792574387914e+00,7.322793577695666301e+00,7.069568221158342602e+00,7.242496380074895157e+00,6.872858842400264123e+00,6.663768654779176792e+00,6.548512868810464127e+00,6.742035515817285329e+00,7.026912350852344780e+00,6.987981570252922658e+00,6.936434200059773403e+00,7.364662931040245830e+00,6.837332326327571153e+00,6.275967911296611135e+00,6.618139939700670382e+00,6.824537015636854775e+00,6.757944460311251511e+00,6.964132002355357898e+00,6.894814853957412559e+00,6.981336093827976264e+00,6.783003724964271619e+00,6.864026885781242093e+00,7.228965310662212040e+00,7.260426620631481143e+00,7.277320442777852172e+00,7.391145475221366112e+00,7.173876890295600717e+00,7.000709761287712496e+00,6.881080054624188591e+00,7.222814022742404916e+00,7.238924866634702582e+00,7.001684640141029980e+00,6.816642628417969085e+00,7.233640965430932823e+00,6.338173225489862617e+00,6.641018600623834978e+00,6.612193433639364848e+00,7.033553601405134970e+00,6.696311136472089309e+00,6.805748783499893761e+00,7.262464002242305483e+00,6.845140262043988955e+00
3.365228620025000783e+00,3.133437727859335276e+00,3.178255688833423243e+00,2.773519974378336084e+00,3.368401594112331754e+00,3.294284342649108410e+00,2.887782116005889410e+00,2.773411612300965334e+00,2.993713900691324703e+00,3.466607723041331912e+00,3.091342627357727135e+00,2.402427771165334569e+00,3.043842549350768589e+00,3.017344304643618802e+00,2.946082483905154259e+00,3.334804234265229983e+00,3.047782435782113275e+00,2.888253023033698685e+00,2.943548052058241105e+00,2.886422753177189104e+00,2.944769965799791223e+00,2.999168492084333781e+00,3.135692696927522949e+00,2.944318259222318268e+00,2.888924875703057893e+00,2.301724740751474485e+00,2.772113855328121268e+00,3.256297281919460218e+00,2.992694161020048593e+00,3.292444286458193314e+00,3.399167913795946738e+00,3.104778960657717413e+00,2.200235283925758178e+00,2.637795713315486790e+00,2.772134025667938317e+00,2.994092891254043209e+00,2.484263456026846395e+00,2.714959679051343944e+00,2.892482929755007870e+00,2.714621756448270862e+00,2.943715680534787715e+00,3.176158222564628542e+00,2.566343590456625190e+00,2.831303432314967061e+00,2.945933709181521643e+00,2.708061166150038446e+00,2.944220919700616612e+00,2.944219040147065591e+00,2.945753418743242147e+00,3.176190567594109559e+00,3.181461870998220753e+00,2.838123906661321083e+00,2.398100892677368368e+00,3.091820302726485892e+00,3.045793695467190698e+00,2.996688269756043521e+00,2.943965247688554943e+00,2.892454249951233347e+00,3.493820170199167130e+00,3.045950391105094912e+00
1.607869258518472622e+00,2.192661203076272880e+00,2.073974498417045176e+00,1.791956008436259795e+00,2.493535572893056163e+00,1.384440691737849338e+00,2.299141653521464601e+00,1.790179469969564563e+00,1.944567713418368760e+00,1.365650515584495572e+00,2.077210410884850145e+00,2.297729970519164500e+00,1.944967039489758243e+00,1.611744541949116760e+00,1.791514047524163100e+00,1.097184109336212687e+00,2.193987171426207361e+00,1.096714418415631220e+00,1.098920904845186453e+00,1.098284195850833145e+00,1.098790637150223404e+00,1.789422429660711966e+00,2.195008893634248004e+00,1.386537315759314604e+00,1.386674466738553546e+00,1.614683100898697266e+00,1.945474135580176123e+00,1.386939328417396311e+00,6.925877032792036037e-01,2.567597217582272773e+00,2.307862534476089689e+00,2.391796841376993221e+00,1.797015019912206801e+00,1.614768576394281840e+00,2.307774915819461370e+00,2.301162427804578137e+00,1.384388762493887093e+00,1.095566553456836845e+00,1.093667718716378801e+00,6.854848327580777001e-01,1.097883678406971431e+00,1.791287451824489674e+00,1.601746344011347523e+00,6.904535084032651371e-01,1.384486122092693172e+00,2.073651788291651865e+00,6.836678551898659473e-01,2.911588261991737703e-01,6.872077226181260157e-01,2.689887718101907632e-01,1.100110360566002976e+00,2.069517156453725804e+00,1.093952766079108185e+00,2.199381467254940326e+00,1.600241313133667465e+00,7.089585723860319932e-01,6.962394556189617223e-01,1.110507065791038306e+00,1.612749009556974311e+00,1.834019004421713062e-01
6.955673740036614205e+00,6.920008673916039577e+00,7.159311278591487415e+00,7.765137738954878799e+00,7.556913512969082980e+00,7.070189939152846215e+00,6.740389769404159459e+00,6.589969644497567280e+00,6.729207519617540711e+00,6.918763332128941457e+00,7.511235199409249219e+00,7.709614702571675693e+00,7.291140521710800293e+00,6.992514539698041709e+00,7.085289585768506981e+00,6.894479143220618944e+00,6.994884623261367729e+00,7.433799267718363524e+00,7.716034190093959744e+00,7.043189096807199512e+00,6.858507225983627720e+00,7.260983103879961043e+00,6.539222888263983791e+00,6.646645690775945248e+00,7.400243193156920363e+00,7.395067875749688824e+00,7.105521115928769227e+00,7.210508530660938220e+00,6.761077680069094598e+00,7.931542024312305372e+00,7.480525492203045523e+00,7.360088483806216608e+00,7.857165079410469488e+00,7.506798309427486160e+00,7.506594365716788175e+00,7.161749308209528486e+00,7.439634080744500721e+00,7.346949876991118344e+00,7.410717528413443667e+00,7.719821677588226017e+00,7.279482766736601107e+00,6.921928854839581646e+00,6.773224901753543747e+00,6.834468106201986082e+00,6.971944168555355148e+00,7.083228165005547083e+00,7.385284264491379425e+00,7.334855942212496593e+00,7.396623140853654021e+00,7.372429548316760339e+00,7.386969204571630421e+00,6.878536863879555874e+00,7.278014418910543348e+00,7.182951848446958998e+00,7.329090783547615118e+00,7.320008187762231167e+00,7.009627960686622750e+00,7.060413411214033985e+00,7.223789336601703859e+00,7.020454232877774814e+00
7.242222240225097529e+00,7.235691524736018287e+00,7.270489722107686070e+00,7.231976430271462419e+00,7.235464152879560906e+00,7.214788760515784105e+00,7.202806308152553960e+00,7.481369931563458309e+00,8.523277673463489634e+00,8.439314071010212359e+00,8.444387148379080443e+00,8.368899522360351284e+00,8.245738042185461580e+00,8.046382035775064168e+00,7.934206841857216475e+00,7.931861774375853713e+00,7.978412816449607092e+00,8.017072723789102184e+00,7.963189572050397125e+00,7.594951445697040171e+00,7.653298099997428494e+00,7.567661842720133869e+00,7.377863725581328858e+00,7.382025442040412777e+00,7.424249790232575918e+00,7.639081962264029357e+00,7.260138727377958290e+00,7.127992001614745554e+00,7.205026369572035350e+00,7.272590211981564856e+00,7.234105781332246465e+00,7.400597854001665254e+00,7.212626587799417344e+00,7.070144403180878889e+00,6.974123430126004664e+00,6.899169628357756601e+00,6.810703563336550914e+00,6.965993136776858385e+00,7.170479115682494076e+00,7.026817473616341125e+00,6.903815519639112885e+00,6.684670329616831275e+00,6.768909652627957740e+00,6.813048190836003215e+00,6.895093408025947390e+00,6.910940931383420249e+00,6.888743639968326171e+00,6.778940784843019429e+00,6.773133583614148634e+00,6.703771320448025151e+00,6.832600106405755547e+00,6.897160121189142679e+00,6.848550956073710339e+00,6.875131644038866341e+00,6.999202788552447707e+00,6.884363793357547223e+00,6.910738129136252184e+00,6.903339305742973941e+00,6.838208772662566659e+00,6.510115712636007856e+00
8.564491646420437476e+00,8.841484213217720267e+00,8.854927969019049883e+00,8.776187430426466207e+00,8.737958693724630521e+00,8.851947362550760090e+00,8.546684881342322626e+00,8.700742560096525580e+00,8.656556451319797674e+00,8.733068804178390820e+00,8.648216692367940439e+00,8.592876626500808968e+00,8.388144111326928609e+00,8.303990641384505267e+00,8.436260758340667465e+00,8.429581676160518455e+00,8.652284175620852835e+00,8.451707239863578636e+00,8.551618837346948609e+00,8.433841863115070225e+00,8.522116231952427512e+00,8.368635549655094152e+00,8.594225210442907326e+00,8.911087796266073724e+00,8.539756026658787746e+00,8.594124453339441416e+00,8.497906404009222925e+00,8.374220103799883574e+00,8.326761614333577199e+00,8.446726535600685537e+00,8.503689168561846756e+00,8.534302877230086182e+00,8.562168085482005253e+00,8.382686566859023358e+00,8.431267635336597621e+00,8.363962643333740843e+00,8.469314826637253546e+00,8.596301098462362233e+00,8.817826926319662917e+00,8.853805808180132075e+00,8.844335923751307504e+00,8.905745264019627072e+00,8.595905479651831271e+00,8.544888582754788686e+00,8.707761280228721645e+00,8.748720513010976418e+00,8.947136762654873010e+00,8.693632035899478083e+00,8.377602792081079386e+00,8.396671722184168019e+00,8.398409217973133778e+00,8.402103588732336092e+00,8.468846908298178988e+00,8.499328959868778455e+00,8.472505974729777734e+00,8.368767667905954610e+00,8.438590052262895824e+00,8.423985001425954522e+00,8.382511261479169917e+00,8.348321983389135781e+00
3.928910321252975013e+00,4.031844118149066070e+00,4.577613752159940042e+00,5.640884936170162511e+00,5.692425306363296578e+00,4.330559028493630613e+00,4.320505777406336456e+00,4.200594201821442830e+00,4.105785949395063028e+00,4.436761172130083253e+00,7.889839717718441392e+00,5.665840221372721253e+00,4.768484113131117752e+00,4.493711161286110034e+00,4.121615994539817862e+00,4.433788073508974747e+00,4.234847208273767372e+00,4.918474188681062564e+00,4.890933900695806358e+00,4.428155713140384364e+00,4.380269389897339494e+00,4.328068777048477145e+00,4.290495183912477195e+00,4.489392895172394482e+00,4.691945560729127607e+00,4.820091601162840078e+00,4.158983190243342953e+00,4.466817625660537416e+00,4.045636872437468057e+00,4.308527913665394671e+00,5.160200596065330103e+00,5.896883027268507327e+00,5.242222813619072497e+00,4.436067891077027703e+00,4.625549031489728513e+00,4.727637825956329642e+00,4.306477787242254607e+00,5.850567554256930869e+00,5.778209372274631939e+00,5.145447531316722944e+00,4.757177870023366673e+00,4.633775899333612891e+00,4.650481437220399528e+00,4.274084520646805885e+00,4.355571475675961146e+00,5.489467302890833622e+00,6.039132914675862551e+00,4.786214660195896364e+00,4.593539946870420998e+00,4.243828710947568084e+00,4.264293309536434151e+00,4.393308490066718086e+00,5.020579279701574471e+00,4.867037237948593109e+00,4.628998482508174028e+00,4.445858567188624377e+00,4.677305265496920939e+00,4.388829429825956474e+00,4.296812087320771134e+00,4.651874395908202509e+00
5.029646547434166060e+00,4.971369931926666652e+00,5.046879449123305328e+00,4.852290022610036502e+00,5.269403496146258803e+00,5.157598766955345582e+00,5.008910301165984791e+00,4.859582837855751514e+00,4.857195309564649399e+00,4.719884052170742805e+00,4.682826954423708443e+00,4.948939824891089856e+00,4.948273313050705724e+00,5.006083210765562619e+00,5.299420942415329350e+00,5.345458817002637808e+00,5.116478206981706300e+00,4.770209029903634601e+00,5.052669764781913209e+00,5.129114172130286420e+00,5.164567237919839293e+00,4.978739486903195122e+00,4.836203630050463609e+00,5.134752550416481043e+00,4.801776707505180930e+00,4.885991514305079164e+00,4.927047405480118769e+00,5.256711113062153551e+00,5.024434867222822731e+00,5.060081149549144008e+00,5.135055233252457718e+00,4.850111075837309826e+00,5.081517853264869267e+00,5.089898582477289324e+00,5.136844197780130017e+00,4.934730153528517960e+00,5.056233266120590208e+00,4.891993627037638070e+00,4.737201610358145132e+00,4.980276154648400677e+00,5.015076557249897427e+00,5.040429395490687803e+00,4.571442305940018436e+00,5.107989611531857932e+00,4.762275403637566740e+00,4.826279059747980327e+00,4.823198152743949585e+00,6.481119955357048212e+00,9.675908474266645243e+00,6.785314905805705621e+00,6.076013662528599646e+00,5.639712536979391011e+00,5.138080530627887832e+00,5.376561146596749552e+00,5.166851602539603405e+00,5.486822797048422906e+00,5.484960471689271699e+00,5.320746462796057230e+00,5.128658901432653572e+00,4.889762186988810377e+00
1.945722149196137618e+00,2.485801176996020878e+00,2.484710343337031002e+00,2.301957060898016660e+00,2.484398194564748419e+00,2.398560128808779002e+00,2.637564426344679358e+00,2.196900559611904225e+00,1.607988342045240993e+00,2.564435626936472534e+00,2.197506244940150122e+00,1.791519791305914211e+00,2.638621042672091743e+00,2.483880077228062699e+00,2.638335850027555107e+00,1.947256544359815988e+00,1.944757696712341666e+00,1.792058857194977817e+00,2.302570817660082980e+00,1.787413966732291470e+00,1.791707236511159484e+00,2.077423629369474778e+00,1.946154232081455770e+00,1.944619650103569519e+00,1.605101737347394142e+00,2.482423079851149073e+00,1.945099047978607665e+00,2.564370576361132414e+00,2.397919975462863729e+00,2.554136017819321314e+00,1.794641926280608146e+00,1.386744270852571459e+00,2.831893706267413879e+00,2.198509455859650075e+00,2.076993441373738314e+00,3.581254465398357567e+00,2.709661533487562668e+00,3.088235057590055455e+00,2.196280816015999449e+00,2.301428766987583252e+00,1.610614065048669774e+00,1.095544782336293155e+00,3.042986819619977190e+00,2.300030232708310418e+00,1.787951885344233771e+00,1.383023001131126417e+00,1.946387312675137871e+00,1.939659698041776847e+00,1.942742464940491187e+00,2.304806165034703813e+00,2.396363437654070783e+00,2.771735183332005192e+00,1.629429629975571281e+00,1.946279350147357423e+00,2.395492609087305436e+00,2.310260552538070833e+00,4.336809463277123911e+00,2.899695066337836469e+00,3.634027911300156344e+00,2.776535431973127910e+00
5.787016483799910738e+00,5.700135338139229901e+00,5.699844556311536969e+00,5.842120008726597646e+00,5.546667182891677150e+00,5.720179654008809678e+00,5.778788272819003424e+00,5.621668175444256121e+00,5.427578816179838839e+00,5.584169212347368294e+00,5.549688283693956059e+00,5.546777011288771320e+00,5.642857890890899064e+00,5.519539788590202889e+00,5.703478625746007502e+00,5.756008318974736859e+00,5.769468607978916808e+00,5.501729202274517228e+00,5.793576303318454634e+00,5.908436015519841433e+00,5.751147635950969672e+00,5.834267941614148079e+00,5.868112510330570686e+00,5.517884791787420085e+00,5.785069047450418722e+00,5.740591453519686027e+00,5.692545211072647326e+00,5.814947185551202047e+00,5.567572047378325450e+00,5.611942068965348973e+00,5.585735793450523623e+00,5.764979797619798063e+00,5.704061758458485620e+00,5.846246703263913602e+00,5.692544724840105097e+00,5.798096602301053615e+00,5.876592775379974931e+00,5.702843416588330605e+00,5.478946323138730534e+00,5.772516424530858004e+00,5.760806640601451534e+00,5.545164785107793648e+00,5.712761596306211942e+00,5.709879795684449810e+00,5.723258936347262349e+00,5.695630566255050375e+00,5.615104815086272794e+00,5.771051204592611228e+00,5.698812992585759574e+00,5.467495015784629153e+00,5.442490203948639582e+00,5.583826150655671228e+00,5.152908711266520392e+00,5.344822037979809259e+00,5.547430939737945543e+00,5.417819607191996845e+00,5.789468244333956015e+00,5.603847235604902721e+00,5.562624258753744222e+00,5.261005845416732996e+00
4.277372574589951348e+00,7.862460639942463914e+00,5.813004706786460751e+00,5.836630188396362051e+00,5.182667607607946536e+00,5.344652288191888090e+00,4.931711806620860727e+00,4.472497063473116263e+00,4.288240004623419921e+00,4.244403632289976080e+00,4.707342172458198526e+00,5.027328367596784808e+00,4.288510340817130562e+00,4.602775470586133011e+00,3.945407381248399403e+00,4.093180490628980372e+00,3.727361091421643291e+00,4.139649164352995570e+00,4.128069043415178108e+00,4.247390544082521480e+00,4.192268226613231619e+00,4.291629108430977446e+00,3.882381489917801964e+00,3.931552955166593755e+00,4.566805639079904999e+00,4.552188116929281492e+00,4.175749712150520487e+00,4.096959652925690420e+00,3.691248966788062358e+00,3.941292721955818479e+00,3.924799985125835722e+00,4.315220818566206873e+00,4.392166064304720230e+00,3.753693380833742932e+00,3.992354322000517541e+00,6.166697059417546534e+00,4.547508368023719605e+00,4.193150593459114006e+00,4.152829311741461638e+00,4.687422179831298941e+00,3.990375428190613860e+00,3.857198837580899209e+00,5.137542408195879595e+00,4.099287623849905415e+00,4.515374966352537989e+00,5.562952039888151567e+00,4.786588549072420484e+00,4.323674466688798290e+00,3.780573629959699922e+00,3.717514745962879896e+00,4.075530862346402827e+00,4.216419640075431907e+00,4.580357915587323525e+00,4.588095494334374358e+00,4.007202761203291885e+00,4.043205450726464534e+00,4.319806024224376095e+00,4.442489907215283473e+00,5.422488232417940424e+00,5.300376888819148924e+00
4.211994292913506577e+00,3.784051906917744290e+00,4.147910532931168071e+00,4.187432292783714871e+00,4.094215147571380164e+00,4.061029536136230078e+00,4.262141844850908967e+00,3.987901322681666194e+00,3.807960991432469466e+00,3.735829437677220977e+00,3.762546937656058965e+00,3.738331646655422169e+00,3.609967796159256448e+00,3.910860168607519949e+00,3.869281130975190219e+00,3.713717196718866020e+00,3.524143700857116368e+00,3.809237826826571194e+00,3.927735671746497292e+00,4.201445648858965320e+00,4.237368679418680451e+00,3.912501449500714212e+00,4.186602782334822415e+00,4.159570944788332447e+00,3.952290362095057574e+00,3.993480631630031308e+00,4.186499139590215357e+00,4.110002141443689361e+00,3.806857675097742089e+00,4.248479613486493278e+00,3.872002900577865336e+00,4.371000576747478661e+00,4.040185464041779362e+00,3.888666569985475885e+00,4.042258370820110969e+00,4.245910496713821480e+00,4.204095250754447122e+00,4.060507604213682953e+00,4.203128098337659324e+00,4.328346152182160900e+00,4.433575458139840997e+00,4.275901832236153943e+00,4.246742809717284572e+00,4.075586814557826898e+00,3.761636600682462639e+00,3.761458314875395281e+00,4.100049290173217287e+00,3.986610833226054140e+00,3.847591364836607131e+00,4.129129359472841543e+00,4.045439698803893869e+00,3.911053217171303498e+00,3.849481553661605826e+00,4.274905604189121355e+00,4.301291074125951575e+00,4.262613210155028476e+00,4.393452664856375200e+00,3.892724825620449636e+00,4.245001265033594429e+00,3.890407221154281281e+00
5.555122322089069975e+00,5.619327211825792645e+00,5.477634042866941222e+00,5.561743446949427572e+00,5.839250225949319528e+00,5.751637109839952799e+00,5.539876743853300312e+00,5.190999191930229628e+00,5.405402166325781188e+00,5.344775722820952701e+00,5.650246356479531329e+00,5.674578159796900501e+00,5.657214550137301678e+00,5.449458069371509339e+00,5.615409722623243560e+00,5.538105274386636800e+00,5.493156547236352161e+00,5.813665430391217193e+00,5.699844863817824070e+00,5.782057909732023937e+00,5.633031110813061737e+00,5.676288232089422792e+00,5.955877724867226775e+00,5.668329159054989574e+00,5.706428645091119023e+00,5.550928031564784426e+00,5.678184886339637139e+00,5.736699009509908187e+00,5.710598635949153845e+00,5.453815608097605683e+00,5.696946629103310400e+00,5.975732859443914080e+00,5.716085601810720007e+00,5.558271041367266463e+00,5.655865466483928294e+00,5.674860298787662849e+00,5.587061125353553592e+00,5.575690904888370270e+00,5.864111371190622535e+00,6.315468849094268755e+00,5.923312109747975285e+00,5.618749663254500426e+00,5.706762439429423850e+00,5.571633766910544239e+00,5.738778622837726218e+00,5.742094376018703983e+00,5.756772661065638452e+00,5.720873435517155770e+00,5.564151754726880839e+00,5.513098562742384523e+00,5.738152208271290355e+00,5.666791710221192879e+00,6.455208373848104308e+00,6.064505808006840581e+00,5.883447362321998497e+00,5.651390743696118157e+00,5.576283935453843377e+00,5.684376887789258426e+00,5.571255705161765270e+00,5.919005749153892104e+00
3.866053561555961249e+00,3.811258078400407090e+00,3.989807524162335195e+00,3.368843207860531930e+00,3.295496737461860448e+00,3.987619561906861954e+00,3.401828418716553948e+00,3.465561538032202016e+00,3.767340230600786377e+00,4.157280946914396758e+00,3.495802358112729102e+00,3.527590655950477050e+00,3.663262625811690043e+00,3.965092607794670432e+00,3.759596382945508353e+00,3.662855012232019369e+00,4.108901377324323256e+00,3.666314310196326698e+00,3.871102142088069797e+00,3.804330297898401270e+00,3.829108597312746110e+00,4.260588614166676003e+00,4.023473286348732358e+00,3.526567328177358185e+00,3.713197384638715182e+00,3.870259808339455265e+00,3.868880914370631974e+00,3.463021774067465586e+00,3.559498782602670719e+00,3.986665859765366804e+00,4.039626825783784625e+00,3.688590374998658827e+00,3.704166486296181393e+00,3.983743147472273538e+00,3.832442754115325645e+00,3.847649418783753106e+00,3.869642234299913497e+00,3.849516098090691063e+00,3.644099683409399493e+00,3.767344656674747494e+00,4.221011451910926304e+00,3.691112372806686803e+00,4.009078317410403436e+00,3.806472427340643172e+00,4.191067185500449988e+00,4.173027275482824372e+00,3.930042687846023952e+00,3.891586716070804641e+00,4.042864650798048132e+00,3.775810084670737421e+00,3.913459550587400582e+00,3.848788745465296035e+00,3.989103024198464187e+00,4.085406924896842540e+00,3.932106495109340738e+00,3.969405421145394186e+00,4.130087369687160503e+00,3.890953981952667728e+00,4.091495700261634560e+00,3.330007654332124645e+00
3.466770625474107526e+00,3.931256144357843763e+00,3.764441829897320790e+00,3.891310667821252345e+00,4.060516849420266361e+00,5.390463595602930091e+00,3.332351365461892811e+00,3.220984661448368591e+00,3.934428337670170084e+00,3.434902436279429594e+00,3.581942570064809317e+00,3.434570924122642754e+00,3.934712158251391756e+00,4.046137665398603644e+00,3.637266840418755365e+00,4.406012400121460004e+00,5.089148145586260163e+00,5.114393554532600916e+00,5.077194005697990065e+00,5.078478469620336888e+00,5.028114360217674772e+00,4.805660994670715169e+00,3.392334307108087810e+00,3.550231779177792202e+00,3.828118378038158021e+00,3.434405445247017852e+00,3.549717454164475150e+00,4.007688310974398149e+00,3.989562986445841286e+00,4.620563959915323871e+00,3.373119968655025502e+00,4.174829725222242160e+00,3.829176063351891646e+00,3.848347959144515773e+00,4.329361879849156658e+00,3.783129142200677197e+00,4.000348318919344948e+00,3.823808223561153685e+00,5.077524898413210863e+00,4.142158433442019394e+00,3.891485720774999990e+00,3.988389562990331871e+00,3.685893608067855265e+00,3.783101422903841993e+00,3.493098672777827929e+00,3.910069905156634107e+00,4.003970116764643983e+00,4.079215758459596941e+00,3.952830831343060680e+00,3.554256402273992865e+00,3.807138659563506611e+00,3.737763718874305141e+00,4.024761829763189525e+00,4.356445365493914146e+00,3.812831693379326037e+00,3.785503331229935764e+00,4.041211920306261973e+00,3.525113808986517050e+00,3.552584795861494005e+00,3.663805166135387648e+00
5.359302336284770263e+00,5.000255773392523473e+00,4.989324294009049865e+00,4.982822407084587901e+00,4.603808294549895486e+00,4.711697859949431688e+00,4.965505958092554017e+00,4.959698696162886833e+00,4.883018244324452084e+00,5.821386694018787722e+00,5.141975085725729144e+00,4.915988734466768761e+00,5.240340875586310787e+00,5.138398521716586842e+00,4.880249916144782318e+00,4.943947493683015004e+00,4.941042142860823994e+00,4.663798822728417726e+00,4.705163354790002472e+00,5.215975241658919792e+00,4.954081164574898999e+00,5.360741856960775209e+00,5.108413164592465527e+00,5.307911437216848327e+00,5.476205093689891612e+00,5.144332939983835118e+00,5.222541885912631798e+00,5.423362372182426228e+00,5.214697958784633158e+00,5.180537203531081047e+00,5.162117737588416411e+00,4.850066140414626581e+00,4.814917212896143717e+00,5.203456053777114398e+00,5.278493460911190205e+00,5.267003621148328207e+00,5.123941365054885289e+00,5.096561004166455078e+00,5.095995525486498146e+00,5.035368965898782356e+00,5.503989925850287790e+00,5.356194373084833593e+00,5.432369965570787329e+00,5.541663312268515718e+00,5.295131085578272945e+00,5.017190491025453447e+00,5.078924039844340044e+00,5.995000726726003926e+00,5.425429557990135265e+00,5.567804748261110603e+00,5.493982982992069886e+00,5.417135610621214070e+00,5.316901625512117313e+00,5.395272183389524301e+00,6.841553210819771635e+00,6.957965481374572825e+00,6.710387406855428338e+00,6.711607178712334587e+00,6.400096252187438495e+00,6.247083836279943014e+00
5.595009175949204661e+00,5.926610484127416534e+00,8.683710902482015825e+00,6.760258584985042951e+00,6.383331936820239250e+00,6.290585584161102695e+00,6.067300529673064879e+00,5.958332898710432701e+00,6.875165276809804382e+00,1.013469805414330516e+01,9.269505062199828060e+00,8.501612893861459241e+00,8.793017262338578277e+00,7.610437623125061002e+00,7.389152494480186739e+00,7.231195833702246389e+00,7.367727103952590006e+00,7.303437122250220348e+00,7.046801889300906119e+00,6.876889737002307434e+00,7.893777673897807823e+00,7.176628018686979971e+00,7.545140610491596789e+00,6.695219301312065774e+00,7.549670383624869530e+00,7.080462396629413568e+00,6.376724315669981102e+00,6.200591408070535770e+00,6.056341855746616432e+00,5.995332762115182845e+00,6.021730101607168706e+00,6.281054663410978733e+00,6.037342599061029880e+00,5.777210388219499393e+00,5.827588425637558522e+00,6.074488035535025254e+00,5.833304630178657746e+00,5.848633329133186898e+00,5.880889622831472430e+00,5.811519946248632884e+00,5.684506700544280200e+00,6.227604394623337036e+00,5.719374635891264269e+00,5.776841706967845269e+00,6.023335464025779906e+00,5.822280778314588012e+00,6.151242139663516184e+00,5.595873282305823260e+00,5.815862063041544516e+00,5.714315096500530267e+00,5.570029643380157047e+00,6.217517403569463141e+00,5.822054409074267411e+00,5.946138695727887225e+00,5.463900532250567821e+00,5.629596153794164337e+00,5.599616752874554848e+00,5.833382643759242647e+00,6.037771169817414574e+00,5.676426764865364127e+00
3.890885562633377592e+00,3.991493617874461552e+00,3.688497077781027755e+00,3.610556204407590730e+00,4.381563451233115636e+00,4.669958392653156487e+00,4.752862358966687850e+00,5.871053773820418265e+00,4.983786122382475980e+00,4.945035406260725352e+00,4.682725751301852313e+00,4.176145815135981820e+00,4.682077430834952203e+00,4.930234868568124540e+00,4.535383758351596128e+00,4.691627149589329804e+00,5.065215398353257292e+00,4.373182176089530415e+00,4.535294977528780080e+00,4.411001906945201334e+00,4.563754946304934279e+00,4.540979868234248151e+00,4.753466859026945990e+00,4.747135931211995619e+00,4.146425721278085952e+00,3.952079481630332403e+00,4.456312711458210174e+00,4.514084473781535323e+00,4.894662753479559925e+00,4.367191062779841815e+00,4.408755724250156938e+00,3.870508952806388514e+00,4.492274665627942198e+00,4.253764192070170758e+00,4.050837224001265113e+00,4.569827477603877419e+00,5.149032427022069314e+00,4.606250418106886180e+00,4.114091722257801287e+00,4.016399932963489405e+00,4.549773069509218004e+00,4.176105311085065885e+00,4.319937782203928656e+00,4.442770496999171925e+00,4.970759269830938187e+00,3.819371194975210493e+00,4.072758594405394561e+00,4.059320924674207021e+00,4.149048272585606156e+00,4.096829888373987316e+00,4.309515704640288547e+00,3.870252464334584364e+00,4.006478967034508010e+00,3.944813043757285254e+00,5.049808789044578639e+00,4.771246841798195248e+00,4.983661021810255498e+00,4.348916425924050699e+00,4.235898525446293306e+00,3.872145866426070171e+00
4.635071077859345579e+00,4.327256466599276763e+00,4.472319279376459455e+00,4.275090759404893248e+00,4.518840690837454765e+00,5.790293701778634450e+00,4.462877095224737189e+00,4.127238758072157232e+00,4.379482727915987361e+00,4.357317982284978797e+00,4.763475458667997486e+00,4.248599382742617614e+00,4.289488893684228366e+00,4.331074500947554640e+00,4.558127083391391388e+00,4.579998737521230545e+00,4.627403206050694884e+00,4.270911338484363995e+00,4.443839031639507553e+00,4.466929534133196711e+00,4.249488099524884710e+00,5.052283265319052141e+00,4.455356011296933261e+00,4.230893655502478978e+00,4.435913904397724927e+00,4.596768950640444551e+00,4.286275161902779907e+00,4.180127920290825472e+00,4.554310961941993696e+00,4.744010990953901441e+00,4.915778003060095713e+00,4.947894151803811980e+00,5.495046204682693336e+00,5.036587698158765392e+00,5.066268155343475854e+00,4.450838093813731078e+00,4.614186762947705134e+00,4.274150860054647616e+00,4.087327649178632782e+00,4.476710418143548864e+00,4.195106411499837762e+00,4.366996791333315642e+00,4.345203657370194428e+00,4.801549321948886728e+00,4.313689041242422917e+00,4.466774343158082416e+00,4.594220161498533628e+00,5.254062905294637709e+00,4.502282083567381576e+00,4.201721206987834911e+00,4.209754011562466758e+00,4.455359287497901555e+00,4.626206752605124706e+00,4.685429090134221042e+00,4.391411371901345895e+00,4.226154044540359145e+00,4.237511115764696079e+00,4.335197474750084545e+00,4.242971701904115100e+00,4.922612432591601639e+00
6.680022456617945359e+00,6.549172355712950200e+00,6.315256334057801624e+00,6.562159965871665612e+00,6.772441510433874434e+00,6.357901144971608964e+00,6.206575887673869474e+00,6.198109968683745308e+00,6.214461459538746624e+00,6.303210143298397128e+00,6.402681384552642463e+00,6.605697072618708532e+00,7.388849447563352157e+00,7.611135694012416408e+00,6.925379973701409675e+00,6.601299260629566845e+00,6.518835329512709720e+00,6.524128240887029584e+00,6.720090756123386022e+00,6.173513432886274188e+00,6.765074131679422287e+00,7.022935640875370922e+00,6.278454500028448848e+00,6.110058568215719355e+00,7.033454479777081936e+00,6.838282244851743741e+00,7.000515860799863432e+00,6.251900819434555778e+00,6.242308648787830982e+00,6.264981459705539102e+00,6.196653827671637416e+00,6.300033366938378343e+00,6.398116833592045971e+00,6.079723288737528542e+00,6.138199633851071368e+00,6.496753756415523995e+00,7.257182230922813559e+00,6.644417893635952588e+00,6.387349932197835756e+00,6.854161057023863357e+00,6.511351440208837715e+00,6.463324675818173048e+00,6.359963000928652299e+00,6.219500413332561983e+00,6.141414672613221271e+00,6.591162632910685382e+00,6.887515582546752668e+00,8.054064644151887720e+00,6.948275024911020559e+00,6.538778426899459539e+00,6.275249339259675985e+00,6.453630929247408332e+00,7.330689140970121365e+00,8.012139449911591882e+00,7.665735470101422422e+00,9.081272436213891908e+00,9.038923248892093198e+00,9.606238491534741186e+00,8.428967029754760532e+00,7.614393361120544768e+00
5.133340141397499501e+00,4.735518071630470338e+00,4.832674064607796360e+00,5.528491628019309267e+00,4.970133617233522649e+00,4.585379969900523101e+00,4.544291780738009656e+00,4.406632047846953171e+00,4.356342071572863794e+00,4.211912860862603303e+00,4.592348444872215829e+00,4.465888090897515816e+00,4.262972432456905381e+00,4.200148683144884210e+00,4.173327659714946236e+00,4.172806657134974451e+00,4.382981612493817458e+00,4.854514229055283181e+00,4.779148088799530569e+00,4.301092241684700390e+00,4.247090354661322564e+00,4.187910983473687843e+00,4.261042635949149116e+00,3.951750710575441250e+00,4.465212081145705447e+00,5.552305884461039120e+00,5.092679081387998075e+00,5.021584036312284560e+00,4.219981703589636979e+00,4.411613049137207199e+00,4.175244160077181022e+00,5.100358480697189556e+00,5.171788719483417118e+00,5.316726445308519011e+00,4.802362096231545863e+00,5.575794611422313807e+00,4.969221879057066360e+00,4.635240678573226525e+00,4.992441952310458397e+00,4.811728779285840751e+00,4.447348978664842356e+00,4.276212566566724327e+00,4.059457080701226239e+00,4.170346490980732845e+00,4.484300651839970620e+00,4.533664451351958391e+00,4.564451268208534529e+00,4.685655147933205811e+00,5.434060983511296072e+00,5.682466921433528384e+00,5.004126298486817781e+00,4.112762098317990223e+00,5.240356000772671941e+00,4.520119925021535146e+00,4.203503190629332309e+00,4.093456591311547044e+00,3.847374582573794388e+00,3.736250619139312779e+00,3.806989802367894526e+00,4.143213190047888794e+00
6.417396764036006895e-03,2.078138187286883376e+00,2.202206886973208100e+00,1.386645312665005347e+00,1.946562512317173699e+00,3.138299728212567530e+00,2.198074530797387904e+00,1.947609085431169618e+00,1.945152741053501222e+00,2.075172973714353386e+00,2.640347349597115034e+00,1.792342956292764633e+00,2.303902765014880227e+00,1.947610945652657577e+00,2.196329192277122644e+00,2.079681772805240580e+00,2.302557273472826349e+00,1.786665424250453160e+00,1.945482503800341822e+00,1.097623294901599156e+00,2.398236517363370179e+00,1.947201736325240740e+00,3.113186854546379223e+00,2.641413842062506401e+00,2.078968571662141773e+00,1.102543374437660706e+00,1.385173315029326391e+00,2.077791029673391687e+00,2.080956848232143663e+00,1.943617012912165487e+00,2.078646111222992143e+00,1.385858125018176734e+00,2.079354898513988026e+00,2.196227523567878759e+00,1.106105477473855903e+00,1.128662996490827020e+00,1.386914829432041696e+00,2.483610050909335509e+00,1.607946489066994555e+00,2.192777553626001019e+00,2.072434095423936196e+00,1.103311018120174181e+00,1.941809485405503244e+00,2.565050219061880465e+00,2.396102701821735348e+00,2.397224987790528949e+00,2.562788746196990708e+00,2.204252992409014400e+00,1.944731974078285575e+00,2.197815646806633882e+00,2.196067598292261724e+00,2.639861877386443290e+00,1.945156938938451319e+00,2.077808981992991466e+00,1.610593875813636444e+00,2.299982317320809155e+00,2.192675447814460554e+00,1.389496277653529344e+00,1.945861829811379451e+00,1.610059090992836284e+00
5.805332818355629421e+00,5.555660099640610916e+00,5.330691711449730974e+00,5.114205110472325622e+00,5.775123096622938768e+00,6.039618428635085579e+00,5.900747125391519354e+00,6.264505895050125339e+00,6.026044440096185006e+00,5.767886737227417626e+00,5.517062707961516210e+00,5.902183237031926488e+00,6.028796461978066290e+00,6.012281401000478809e+00,5.974876999005464207e+00,6.003918754830825932e+00,5.616165674855410295e+00,5.516430217693528704e+00,5.852274648261582612e+00,5.874640713620257415e+00,5.900494201273811967e+00,5.864364181544599930e+00,5.649583995117480661e+00,5.526327371618656059e+00,5.368433581361805373e+00,5.652222923431547308e+00,5.786741524833953321e+00,5.880879094011930874e+00,5.876936587967052539e+00,5.760287411479483310e+00,5.480367014392050429e+00,5.348652942372504882e+00,5.707671081091083565e+00,5.809537743044512759e+00,5.850265811758303514e+00,6.083491122027221643e+00,5.891443856006526758e+00,5.536036075310512672e+00,5.235776973427825887e+00,5.758071651400630486e+00,6.079235031414551571e+00,5.879074034690294326e+00,5.880942789182667774e+00,6.003890555384732153e+00,5.579295839759011777e+00,5.472884405346557735e+00,5.641587708931314005e+00,5.988123414247379372e+00,5.903384021503423007e+00,5.989234201124665091e+00,6.066495918390846676e+00,5.571566678040902332e+00,5.398335911871023463e+00,5.411243528231049815e+00,5.768156062394223405e+00,5.505298108637057375e+00,5.190026678334114685e+00,4.814276491391797919e+00,4.380535098223591106e+00,3.892387330540620916e+00
4.667988961156274819e+00,4.381571585907535038e+00,4.521278450023944018e+00,4.316509619036854595e+00,3.931680378198742609e+00,4.383733486051594852e+00,4.028551159844987239e+00,4.041409623273578333e+00,4.575499779541632783e+00,4.565405204258594196e+00,4.329924338259850458e+00,5.521552161940955550e+00,5.369209718318703750e+00,5.732796346702617285e+00,5.942181079684123013e+00,5.954310957094871348e+00,6.057323911217324053e+00,5.848716339558668764e+00,5.979946685049722710e+00,6.069438365020220161e+00,6.365600712898454638e+00,6.606211592450691228e+00,6.887124564891870193e+00,6.853339578712256852e+00,7.338837645043317259e+00,7.526639072086473981e+00,6.926573716888992926e+00,5.883814346220519909e+00,5.612484238454117147e+00,5.013167760037032572e+00,5.126193611092288549e+00,4.983518145900303509e+00,4.819242071504829639e+00,4.555989442572733417e+00,4.708563271411126294e+00,4.554700902074158897e+00,4.664188190708874693e+00,4.546645464411306570e+00,4.513765841589572503e+00,4.190955807350459139e+00,4.314110962967425245e+00,4.453738842769198847e+00,4.659466803921506362e+00,4.246805966034703061e+00,4.357212800009182985e+00,4.224080649598752402e+00,4.203319687742122390e+00,4.231136847584179961e+00,4.213501346795039737e+00,4.219628603490993335e+00,4.091793475040820027e+00,4.185167296287923833e+00,3.783961091093809070e+00,4.604415072671912412e+00,4.125866492980426514e+00,4.418763637080827422e+00,4.946579202178303269e+00,4.644715463955620294e+00,4.360187575905244195e+00,4.267151996443260487e+00
5.168642673602642290e+00,5.412457509664277744e+00,5.066979264745117284e+00,5.036925729373969318e+00,4.874846572201676942e+00,5.051056365692713435e+00,5.057091006551554635e+00,4.911054703715962866e+00,4.920295493228218575e+00,4.851281437743265812e+00,4.902715262444789168e+00,4.777704420383221517e+00,4.732553472621567892e+00,4.890475389395290584e+00,5.179487613073172625e+00,4.839981939496913910e+00,4.819271693925585076e+00,4.650834173868894972e+00,4.839298559697572166e+00,5.084288678524470306e+00,4.818517199479803281e+00,4.906580962666297729e+00,4.786453208399370496e+00,5.043675554727480304e+00,4.685356459767303861e+00,4.503338171532433876e+00,4.872905883158598961e+00,4.801190361065946988e+00,4.688724760871298969e+00,4.803414324839037519e+00,4.923029915079188967e+00,5.112461670856547791e+00,4.553864145040727784e+00,4.918203621101689293e+00,5.117108883090815574e+00,5.072031612495064401e+00,5.141214559803099604e+00,5.044284298642344844e+00,5.143286636228090458e+00,4.702033100616956673e+00,5.096646961851686974e+00,5.139698711209378601e+00,4.978248032153465452e+00,5.174677260433147019e+00,5.229935699724651776e+00,5.192517269485034781e+00,4.957529299256868249e+00,5.272544253490123900e+00,5.077851960689764077e+00,5.573638935715348630e+00,5.586932979887521356e+00,5.256887150023883848e+00,4.798134577075029661e+00,4.894244925881308994e+00,4.912733364808396175e+00,5.362999185238428446e+00,5.116806740917851037e+00,5.153709494015779491e+00,4.958784305594181596e+00,5.167777507048073815e+00
8.073104706990809731e+00,7.930355025645733136e+00,7.807472296569932801e+00,7.632291049318638443e+00,7.752213297366269629e+00,7.844239049891275961e+00,7.882422368498555265e+00,8.470075306105199431e+00,7.990560498282027524e+00,7.739154949841656084e+00,7.590806056606432151e+00,7.740520141885021133e+00,7.866014474783912469e+00,8.075054093481179862e+00,8.181867886603404472e+00,8.048667972458758868e+00,7.726580332075795532e+00,7.526236613027907474e+00,7.577236897871789445e+00,8.225267858907058027e+00,8.175172785716753765e+00,7.778186262754798186e+00,7.724071678728365420e+00,7.644514616146087072e+00,7.651930425040388783e+00,7.661134734190829576e+00,7.806623124174342898e+00,7.749575827140914974e+00,7.994884271711689472e+00,7.813509327354929646e+00,7.667631677743544927e+00,7.476623314611970272e+00,7.535935264839649150e+00,7.743688927732751637e+00,7.832549045256949505e+00,7.789466663821949410e+00,7.844781101980707660e+00,7.706145532771114581e+00,7.562677133523329154e+00,7.581647193299125398e+00,7.757895858612747553e+00,7.791841388046822914e+00,7.679556026903323840e+00,7.639435776522904398e+00,7.515385536300233760e+00,7.347208935503506844e+00,7.575749915330703743e+00,7.610694690689861375e+00,7.546641354011766722e+00,7.616681019707838729e+00,7.447347572430220275e+00,7.346599665376137622e+00,7.249207214707015012e+00,7.386314539765966636e+00,7.410835717324514960e+00,7.518937715463592575e+00,7.611003902241143315e+00,7.557987954470570813e+00,7.436014770133458462e+00,7.274004143963776592e+00
6.022264808758809984e+00,5.972321554383909437e+00,6.582619639757315788e+00,6.239222595527862403e+00,6.227269133366965193e+00,6.055879365412049964e+00,6.158151348056059682e+00,5.988295430241287853e+00,6.025373861120615793e+00,5.879821641094287621e+00,5.809102196279170904e+00,5.969968334728823933e+00,6.147903513400994058e+00,5.982269881227963992e+00,5.848937788889977618e+00,6.020728453176924511e+00,5.997860981259871771e+00,6.663362022752985503e+00,6.088128393795721571e+00,5.994738850600858093e+00,5.913578282933395158e+00,6.178392783344674122e+00,6.077369802203510751e+00,5.842782390335339748e+00,5.806691717068413361e+00,6.070555032838464093e+00,6.139459510921693841e+00,6.134566756823851996e+00,6.256111459204054093e+00,6.186346239079703935e+00,6.107866884825914333e+00,5.978611826604354640e+00,6.151215467844297180e+00,5.962526664689504763e+00,6.015609343842914569e+00,5.944787557627549290e+00,6.111965899293862137e+00,6.096021927972124388e+00,6.043641366777593227e+00,6.204789751923786234e+00,6.136043747245758517e+00,6.069608750680745679e+00,6.114264208385868038e+00,6.103004879198235422e+00,6.072378196876927703e+00,6.159762651260923150e+00,6.140530418729313489e+00,6.178534259186713840e+00,6.033580432935695903e+00,6.112620798705981073e+00,6.070115868144478455e+00,6.199532420406129951e+00,5.917884145505884597e+00,6.035741546379540523e+00,6.075672894944578850e+00,6.005603490880130124e+00,6.534911466508619426e+00,6.703859031736377538e+00,6.773645977492118497e+00,6.631449626476571879e+00
5.412931360223621091e+00,5.163126501316376071e+00,4.789377445794307242e+00,5.423479055621294620e+00,5.394387140314983675e+00,5.159417547974848972e+00,5.021960827122765814e+00,5.085753032605368595e+00,4.731029921283458783e+00,4.594590193208588857e+00,4.889564366141767593e+00,5.282120334464607048e+00,4.947646607983897660e+00,4.844668132136366268e+00,4.836296576230368238e+00,4.650395534475857851e+00,4.777082204149407652e+00,4.965326740457565613e+00,5.146265987142585097e+00,5.582222112396123315e+00,4.890560814971240511e+00,4.784775395504357931e+00,4.754860026356028335e+00,4.720522177168668954e+00,4.926119704860981052e+00,4.848632677441119476e+00,4.741971645150934833e+00,4.718958200331058173e+00,4.911844127160129858e+00,4.531564317930640406e+00,4.708282531269293969e+00,5.023647715226828403e+00,5.053920817533524179e+00,5.224458216093693430e+00,4.844070788766281055e+00,4.662909270047664201e+00,4.689662475605555159e+00,4.682272340916181719e+00,4.771022720146292251e+00,4.823533837880125574e+00,4.700660413062514031e+00,4.604253843903384436e+00,4.594083311175813478e+00,4.508484238713696080e+00,4.276521304765362075e+00,4.584383600012595927e+00,4.897484534382056331e+00,5.517994921624361560e+00,4.955862801030809450e+00,4.625108557142787902e+00,4.331917698081254819e+00,4.440960175574146795e+00,4.521756501898222425e+00,4.430455598080876634e+00,4.646622775867962574e+00,4.841970900268508515e+00,4.969541906307629375e+00,4.811312900313311935e+00,4.829521149753560394e+00,4.597149110841586506e+00
4.553012393515754042e+00,4.478661485055223324e+00,4.691497173270862575e+00,4.607812107992744544e+00,4.542869895818119730e+00,4.382855385288307204e+00,4.584781404749922906e+00,4.737405659705943073e+00,4.291227196193086790e+00,4.492540241297759529e+00,4.897691669739208109e+00,4.521833640047281833e+00,4.356992138410413773e+00,4.555770179887459470e+00,4.475649683328520645e+00,4.333377692346576993e+00,4.277894594367146475e+00,4.429187943077713463e+00,4.644546135119369978e+00,4.938125303469959704e+00,4.805004173036447668e+00,4.731558389354962202e+00,4.628230891494887977e+00,4.784994034651880668e+00,5.066238355052725240e+00,6.087500704613368008e+00,5.549813150062135492e+00,5.488805284316756961e+00,5.415367329853419065e+00,5.222073203288749355e+00,4.938640678582436827e+00,4.976780841007993672e+00,5.931884119066908490e+00,5.453871407419548234e+00,5.457955623876335594e+00,5.180706862449865113e+00,5.706434687413061368e+00,5.241405112454939896e+00,5.243087777045701614e+00,5.356882408294548092e+00,5.019445526898259402e+00,5.147542165468590447e+00,4.933198183811052573e+00,4.991648661379979757e+00,4.807130987489587781e+00,4.844563119650437066e+00,5.022741494891961977e+00,5.277325695367625080e+00,4.612705139626021023e+00,4.532780515632081730e+00,4.794290830359971167e+00,4.762843128064606191e+00,4.886964498081877828e+00,4.760212366800770312e+00,4.777429246422424391e+00,4.674729275130551365e+00,5.655107100996558778e+00,5.206826201582801517e+00,5.168998736561064788e+00,4.737934806021391942e+00
2.637428544404276209e+00,2.483389312850291741e+00,2.398819696458615258e+00,3.487626107318047897e+00,2.944682387237326449e+00,2.564244892204773141e+00,2.302622446339247730e+00,2.485830833266612139e+00,1.792201118734131571e+00,2.080629677949831002e+00,2.197480195623640054e+00,3.715553094845429172e+00,2.639071137370582409e+00,2.301893182333966781e+00,2.564869087673896431e+00,1.946539466158228704e+00,2.477754462637535848e+00,1.793421436081237053e+00,1.947354232836965515e+00,3.607583706713979321e+00,3.135547702605820053e+00,3.608321224959327722e+00,2.080364710432597963e+00,2.069047139246320111e+00,2.484955393801290935e+00,2.303040142021376635e+00,2.564846435510284461e+00,2.196586065518682851e+00,3.138016573968779088e+00,2.076714431685876772e+00,2.564298464946342726e+00,2.485337132301184138e+00,3.330119033933189421e+00,3.293629269415401684e+00,2.302925154617040615e+00,2.301304402751432221e+00,2.197940792998872350e+00,2.398580741656870963e+00,3.464149194743262328e+00,2.706244786577084227e+00,2.708244538522385003e+00,2.769489167832187348e+00,1.790707458510339745e+00,2.397289224778020422e+00,3.331228204357268297e+00,2.704655535237898256e+00,2.399043590331771281e+00,2.484045989532082555e+00,2.705639257672006082e+00,2.773386125199030605e+00,2.832925411127926285e+00,2.639107561328545959e+00,2.398271781032563776e+00,2.833808691355824916e+00,2.945921452233500659e+00,2.831793254187586761e+00,2.771777925995701164e+00,2.563529479121186228e+00,2.708410553263413512e+00,2.889815135578865046e+00
4.564196291470831390e+00,4.851240764500492020e+00,4.356431419118630188e+00,4.126058945506389186e+00,4.265812773108170752e+00,4.406219688539388279e+00,4.025139840418193060e+00,3.137102970430473814e+00,3.664258857798023961e+00,4.041478606594774980e+00,3.184490180951526472e+00,3.952319103018134161e+00,4.418568791442166521e+00,3.871250337412628362e+00,4.191860224158244108e+00,4.109776547319405005e+00,4.867998698059820661e+00,4.203352390301910546e+00,3.827879016522684807e+00,4.276918269232305114e+00,4.077475972106375579e+00,4.060481525468202513e+00,3.807261711866749110e+00,3.527608683923153521e+00,4.605647120016908680e+00,4.158696162975287436e+00,4.541456436586442713e+00,4.652609392445834935e+00,4.075612355015587163e+00,4.327968902638954951e+00,3.971828023673207753e+00,3.783404132463557890e+00,3.971219218365098502e+00,3.783082938628925085e+00,3.827913021016401629e+00,4.025722966499993838e+00,4.057742021121973686e+00,4.058875680237501449e+00,4.075140728502486986e+00,3.892120945546110100e+00,5.146007939586540125e+00,4.107411129647500658e+00,3.714120025597209107e+00,4.112125672070866322e+00,3.870111350298644393e+00,3.334111072515725027e+00,3.092404577556106648e+00,4.043729494774221500e+00,4.024593228213439566e+00,3.257570666867561027e+00,3.367400847030116218e+00,3.737051186671380698e+00,3.712451651270983533e+00,3.638360782549336925e+00,3.401156078532210358e+00,4.564681056945743443e+00,4.573718324330234175e+00,4.395120840893818048e+00,4.218157471539580428e+00,3.762986809453359172e+00
7.311045275637916063e+00,7.369384909678428741e+00,7.298641205867351545e+00,7.324173429497254695e+00,7.565023672517778408e+00,7.482706327269172064e+00,7.400420892179140786e+00,7.349741443522935569e+00,7.310983811377596453e+00,7.308346664433789996e+00,7.346560477932561284e+00,7.529630485833906484e+00,7.429460744390446791e+00,7.411266256139735553e+00,7.328156005421680774e+00,7.454990569063793870e+00,7.395705394722519088e+00,7.329029293708566151e+00,7.517692615978804227e+00,7.446946224951573434e+00,7.400725435568222821e+00,7.313817622471828983e+00,7.391678242156483059e+00,7.091134030831750756e+00,7.266989107613540888e+00,7.487282219253558857e+00,8.825421389341645551e+00,8.082607621401225018e+00,7.587517244392588012e+00,7.515993873197915676e+00,7.249760640402808320e+00,7.317315857238129162e+00,7.589609575465737556e+00,7.513600525120453177e+00,7.640399952209919299e+00,7.349443100285503405e+00,7.476177671152560045e+00,7.297279984864123215e+00,7.378180567952689728e+00,7.584550153584153520e+00,7.407271625715551977e+00,7.343772572417434752e+00,7.226943476228094632e+00,7.120086820343789036e+00,7.085783712112023736e+00,7.095722049047244795e+00,7.963289718317355437e+00,7.160619238345127258e+00,6.997417966448339577e+00,6.758662630004763194e+00,6.826837071024408843e+00,6.678447490692995814e+00,6.768845176255899432e+00,7.020447428676613200e+00,7.176042435235340911e+00,7.041648069676524457e+00,7.099337074506768097e+00,7.069970271524875116e+00,7.157555217296022398e+00,6.932127164866613178e+00
2.890165371661932436e+00,2.889551961493113552e+00,2.994945872561953326e+00,2.483814137161364677e+00,2.484761006335507894e+00,2.833697848207530345e+00,2.399050122010925268e+00,2.637296940386575361e+00,2.197453017901644046e+00,2.772408466623551782e+00,2.302216519043699616e+00,2.709650270459181165e+00,2.771357489676343544e+00,2.564720134639504323e+00,2.196722211572366135e+00,3.607924113971511471e+00,2.482520384837138661e+00,2.708713151323339119e+00,2.706607010010170455e+00,2.198344399464677856e+00,2.889075066854946527e+00,2.891975283851353495e+00,2.773366287278925313e+00,2.079841381295223890e+00,2.892238275846345630e+00,3.218435564406180838e+00,3.663090046996347215e+00,2.942915899491987286e+00,3.401622359063245948e+00,3.870700600089697296e+00,3.500685645634416865e+00,2.831944474609515705e+00,3.431778562317573833e+00,2.483564704288750313e+00,2.706879738870827445e+00,2.995407807207703055e+00,2.999840460274250553e+00,3.432361353240323876e+00,2.944456634647743432e+00,2.638851964912086068e+00,2.886056198028572606e+00,2.563537653201622302e+00,2.996421964948008831e+00,3.367164853681592351e+00,3.366249960979929678e+00,2.949334891902433142e+00,5.165209170298938446e+00,2.892401014214204480e+00,4.002509836430180989e+00,2.889905634052664762e+00,3.557584543178397674e+00,3.257021200163058516e+00,2.568237911972448995e+00,3.951403555043663030e+00,2.889370834375024621e+00,2.399395064201362171e+00,2.645881912109679046e+00,2.882052054280205500e+00,3.219247968385637648e+00,3.432662627802163247e+00
2.196967677023164978e+00,1.945182385175148632e+00,1.789526343224295823e+00,1.387513344774427893e+00,2.197866568727722569e+00,1.792681926335303766e+00,1.945951016133004474e+00,1.791966863384560904e+00,1.387275510032302650e+00,1.793209666484038678e+00,2.481718416386036186e+00,2.197864634645689819e+00,2.300789926474890557e+00,1.795095104097418570e+00,2.484308434644792118e+00,1.388681610960323942e+00,2.200055244595785275e+00,3.236987130383230937e+00,1.794162908206629270e+00,2.324723294293251641e-02,1.096734932961930697e+00,1.945205029862700608e+00,1.612268147047126954e+00,1.803954353576227687e+00,2.316935327122468635e+00,2.830051180440344982e+00,2.190778682502273700e+00,2.081709706578929175e+00,2.079152695478492685e+00,1.412440930091209745e+00,3.257730150838361816e+00,1.791119515007307816e+00,1.612274053870163204e+00,2.078083811279269888e+00,1.390960525079913523e+00,1.946873385892399666e+00,1.942934444511923653e+00,2.483081663105200398e+00,2.199668540562262020e+00,2.306964265932028191e+00,2.080093067771828341e+00,2.302502227072819263e+00,2.303308298197200177e+00,1.807448276213351690e+00,1.963359438826359105e+00,2.410802800667438461e+00,2.196888429066931714e+00,1.945902901414998665e+00,1.939082204340319082e+00,2.302414356032259413e+00,1.792497265925614647e+00,2.203324411663964533e+00,1.783066423706971548e+00,1.790352170343261440e+00,2.078799649806883476e+00,1.931496717092320514e+00,1.091816067148171365e+00,1.786566928370172835e+00,2.394481100927582151e+00,2.638031148797900904e+00
7.070242500886014803e+00,6.288094765062101743e+00,5.761071318230199800e+00,5.505679795363531248e+00,5.365894804656163863e+00,5.432606837875129102e+00,5.280350437653571483e+00,4.975175085833610567e+00,5.126669392434085815e+00,5.016981774687934603e+00,5.192366781439338830e+00,5.458043941935724064e+00,5.324629700148366673e+00,5.114182601692673025e+00,5.351174872039194952e+00,5.208319308483376098e+00,5.359070162939106652e+00,5.505244135955764229e+00,5.703838164890404627e+00,5.446899224328514144e+00,5.120445816844191533e+00,5.157816926500234267e+00,5.023766514725233279e+00,5.131814168783508379e+00,5.176572249805884596e+00,5.196301783656454454e+00,5.127145422202064928e+00,5.175420145655221127e+00,5.047995644577190966e+00,5.432422687527703964e+00,5.494778075031953257e+00,5.408054236278383442e+00,5.327174582792093105e+00,5.281158176316291808e+00,5.268396240189626489e+00,5.185471961862204715e+00,5.450079055712832243e+00,5.633495630179903735e+00,6.082758608724188498e+00,6.088686192745309533e+00,7.144020735666712696e+00,6.652750614995627032e+00,6.311583754438581551e+00,6.287711106834868779e+00,6.144399235885743771e+00,5.991278617055273870e+00,6.048104171639423932e+00,6.173959322782692993e+00,5.981649545073955743e+00,6.128778513929670879e+00,6.223957549901028230e+00,6.164839838159742236e+00,6.092873307205289635e+00,6.021384813037485628e+00,6.008076142017110932e+00,6.331928536603443014e+00,6.290229231277162825e+00,6.224448979332555254e+00,6.114903084787892240e+00,6.162397946020065298e+00
1.945350210891443554e+00,1.098748374840247122e+00,2.078581592038142745e+00,6.943477502250426925e-01,1.608293717030016445e+00,1.793825396009708584e+00,1.945560402710851067e+00,2.398342309962323091e-03,6.933789409852967323e-01,5.662053175124507134e-03,1.386148136598695846e+00,1.383782939052549565e+00,1.385949107357728360e+00,1.382612031711850653e+00,1.787723163392521242e+00,1.386898046058187006e+00,1.101621348854815219e+00,7.083717861410198102e-01,1.960930624296335426e-02,6.926346856185398027e-01,1.094923896034814659e+00,1.098277580472361681e+00,1.589873947577416180e+00,6.956750742089804485e-01,1.103787880279304412e+00,1.609509641709688577e+00,1.102927513980345386e+00,1.384928535343745493e+00,1.272100892943540118e-01,1.794592350405073811e+00,1.089741750922774477e+00,1.378889692669060585e+00,1.092463707449429888e+00,1.609987529642685988e+00,1.791122562395562667e+00,1.390576871952526217e+00,2.075971718491047557e+00,1.614282385572997969e+00,1.381877599025845171e+00,1.102072158751813635e+00,1.099758000041210382e+00,2.077379624501438204e+00,1.593202434667710499e+00,1.372348893937331615e+00,1.792724929117894384e+00,1.613130516336102049e+00,1.599105459982065769e+00,2.396057093194650989e+00,1.941487502413233424e+00,1.389966434263899764e+00,1.790174380707486357e+00,2.076607338431503358e+00,1.376281008260070049e+00,2.400448759258341003e+00,2.570232357546641477e+00,1.412853907844748624e+00,2.497871758667356445e+00,1.795889091765408452e+00,2.080120639759209578e+00,2.571528411920445123e+00
5.859178023884060060e+00,6.266425898852638454e+00,6.439220075982698965e+00,6.466453686628476305e+00,6.495585609029536300e+00,6.369430763700645315e+00,6.079278980224898099e+00,6.110315589355211685e+00,6.235604231444400902e+00,6.353133815284465413e+00,6.429074194019352539e+00,6.565396287153082433e+00,6.161899141461917750e+00,6.217249065344378600e+00,6.042450611630709290e+00,6.170277797302617273e+00,6.124325722861009957e+00,6.372207178923279258e+00,6.460981308077711205e+00,6.184716474428161526e+00,6.070939934829620910e+00,5.996497458950417858e+00,6.112402622044923461e+00,6.042155564066313822e+00,6.226582018507665239e+00,6.265524342855979256e+00,6.021765768025763244e+00,5.927422214862880345e+00,6.017648159802790886e+00,6.384794944421661178e+00,6.553230959673585154e+00,6.544410526927451954e+00,6.613994968389116380e+00,6.294768863293354499e+00,6.076965989586452288e+00,6.204473881338469887e+00,6.238848923798099300e+00,6.366729298132824511e+00,6.429283798312456888e+00,6.588267958229843124e+00,6.037353212351539433e+00,6.176363818623787694e+00,6.037094510840371520e+00,6.302753528256265447e+00,6.417972641508224996e+00,6.451310810842835863e+00,6.603408298613146599e+00,6.281480886295784494e+00,6.131688229918299093e+00,6.128988221472527975e+00,6.290591791597591964e+00,6.272008044617049194e+00,6.446883077573563270e+00,6.440019124520803828e+00,6.196971974809371453e+00,6.053694027184232773e+00,6.026600970420519232e+00,6.232409835288602373e+00,6.362915552475468139e+00,6.375864492691722063e+00
8.433639348636889466e+00,8.485961900457256846e+00,8.336536573809972595e+00,8.498972340340856135e+00,8.394986591094545147e+00,8.290742188394450096e+00,8.219441241268020448e+00,8.097035130332260522e+00,8.122766621809786258e+00,8.150080261013924243e+00,8.347463061190506295e+00,8.366207425731181146e+00,8.288339629659594365e+00,8.139483306230621551e+00,8.150165363919072092e+00,8.175574717910196298e+00,8.146318359971816747e+00,8.240104789434337107e+00,8.199242854336915798e+00,8.034979353214229292e+00,8.102605164189219167e+00,8.018591453605699471e+00,7.942929971809389755e+00,8.040193528267236545e+00,8.160171280592383170e+00,8.145689577836735751e+00,8.170109185857862499e+00,8.084869499585190411e+00,8.372614364888864458e+00,8.192088150644828204e+00,8.154193676379012601e+00,8.131716116104245273e+00,8.311239914164845644e+00,8.199173475745039852e+00,8.242584896029102381e+00,8.092322525216442131e+00,8.121319783707377837e+00,8.036325108363465475e+00,8.173190303133635481e+00,8.245264017197699857e+00,8.153569518044060160e+00,8.154141605890924183e+00,8.104151965825293402e+00,8.094579708498869763e+00,8.075259262434201446e+00,8.122419111539198155e+00,8.132855950160276848e+00,8.211384885435959902e+00,8.242123568706862358e+00,8.237159965193589173e+00,8.160292753913644503e+00,8.148422262772193392e+00,8.023147036431886647e+00,8.022295250084924945e+00,8.212536620019220024e+00,8.325645164636386042e+00,8.289708895935193667e+00,8.368276427187895550e+00,8.303270715091123577e+00,8.204429097834912810e+00
9.585573733032612509e+00,9.548736289198718197e+00,9.486745225695090156e+00,9.558391177743509104e+00,9.595186072556698420e+00,9.499643841434698643e+00,9.560752796370394435e+00,9.335796427292011757e+00,9.472811914239228415e+00,9.403835607039535915e+00,9.565684326337660082e+00,9.486341150755261964e+00,9.404687554256771165e+00,9.383277811234741250e+00,9.323122157374742258e+00,9.271926475552133340e+00,9.239229907557984234e+00,9.333016357456260792e+00,9.518683492057153472e+00,9.847854493005673504e+00,9.491604734615377126e+00,9.430297596873895571e+00,9.301303444573033374e+00,9.201502793759610555e+00,9.333448270041902362e+00,9.720601789994720576e+00,9.635228413340573894e+00,9.468034609389166079e+00,9.336423229517322397e+00,9.327134641790783220e+00,9.390128866866565005e+00,9.494872868930769982e+00,9.638364184092719000e+00,9.558480384621233839e+00,9.502546190046825103e+00,9.594632889833194511e+00,9.443023911216823052e+00,9.618190112322306362e+00,9.592303892966308254e+00,9.452361802073093955e+00,9.329043923947150319e+00,9.532870881836641885e+00,9.426348700697712246e+00,9.419382048286975007e+00,9.514467712171478908e+00,9.332280322416981022e+00,9.412564027134200373e+00,9.402622871136612659e+00,9.458063077239257765e+00,9.640993153397047877e+00,9.220443061005044072e+00,9.245410493895173332e+00,9.227443694598575163e+00,9.456499445391392200e+00,9.470665869525419112e+00,9.506161108960391459e+00,9.451944335417781673e+00,9.496262143645928688e+00,9.284359450760520716e+00,9.369343968162871406e+00
2.637797205433835668e+00,2.636071935886120876e+00,2.081835999704692686e+00,1.386515459598483213e+00,1.386701179744702417e+00,2.398765753421000735e+00,1.946657710063132818e+00,1.944842813721435970e+00,2.396601329227940447e+00,2.079503354525511050e+00,1.792816796444006044e+00,1.386168287655642484e+00,1.610259703447071589e+00,2.079905326323588266e+00,1.099070538354250282e+00,1.099995270392172486e+00,1.793866022132544646e+00,1.609492308642166858e+00,1.385142264514745536e+00,2.196752216269287405e+00,1.790129496503079398e+00,2.485024185804868946e+00,1.792698182420526143e+00,1.100514102840954411e+00,1.946093345387918561e+00,1.788427869639717782e+00,1.610339185298752973e+00,1.791972783218094722e+00,1.387067893693036957e+00,1.387409706121076391e+00,2.562378880624988309e+00,2.300428176161824378e+00,1.388041371145531722e+00,2.395442192363039791e+00,2.198573678332118586e+00,2.296601691100649045e+00,2.484073706852927277e+00,2.199104531018140740e+00,1.943368326349431463e+00,1.946420139092994939e+00,2.196445681498368163e+00,2.564663238508654963e+00,1.940689838254219257e+00,1.948432620690163652e+00,2.300600437992581515e+00,2.197210492050001296e+00,1.612421271994359362e+00,2.397618930280084104e+00,1.617442514154958433e+00,1.790810144278409899e+00,1.946335407020395758e+00,1.610107075018922584e+00,1.387403681987869453e+00,1.609720388067293895e+00,2.081508221267884373e+00,1.096249181881988610e+00,2.077658142599827507e+00,1.794510570384750148e+00,1.101936597057783906e+00,1.609583212878660907e+00
7.636690885993138167e-01,4.052378109341773893e+00,7.457322711049542141e-01,2.748109213461807698e+00,3.291560694606706861e+00,2.108060072543704422e+00,7.571168338071665449e-01,3.487592329349741505e+00,4.659556187697320162e+00,4.185479225398764491e+00,3.457355354725152985e+00,7.083849218882365406e-01,7.821791675304562430e-01,2.532296524248332403e+00,2.632824110825584096e+00,3.067299970893725192e+00,3.356113640390619324e+00,6.964172787730469327e-01,3.177737910691913026e+00,4.053194085722394036e+00,4.104059297313481736e+00,4.159357228360807568e+00,3.770245888287998781e+00,3.258669271547317337e+00,7.442644988821162100e-01,3.039238059963399685e+00,3.722379503571627613e+00,3.817070222795719392e+00,3.913249975604190745e+00,4.047530937322616040e+00,4.218823916714430133e+00,4.410645316508817970e+00,2.122814913797662850e+00,2.936094742669724589e+00,3.419408782781372391e+00,2.754046542574481560e+00,7.107761078503386232e-01,4.000182298334794773e+00,3.462348390481409854e+00,2.329887334696823409e+00,2.964572542931131149e+00,3.353548500959270928e+00,3.420766918154144687e+00,3.447457086923999103e+00,3.080857934882905269e+00,3.303296552358979898e+00,4.451018796279328171e+00,1.411743140249679396e+00,3.003929362396334124e+00,2.414717544356223655e+00,1.097994149795732177e+00,2.712871897915077657e+00,1.169612848095526569e+00,1.096831068083632843e+00,2.481245962485056467e+00,3.052071127246398508e+00,3.751878297344687585e+00,3.084388669984884146e+00,3.440288641108088519e-01,2.349087046785909016e-01
5.152098910443180024e+00,5.257860496742565282e+00,5.273280380808366807e+00,5.810069507578119463e+00,5.821708892155776027e+00,5.172369682868225738e+00,5.213792011146359151e+00,5.314914347465895084e+00,5.322216756944825100e+00,5.229632241811716931e+00,5.658551310686489977e+00,5.906974991281724208e+00,5.324489733282811166e+00,5.436763392629204716e+00,5.522389012423492893e+00,5.206776545496814457e+00,5.351298313570477028e+00,7.665831769640037763e+00,6.281111937411992585e+00,5.679238706049260621e+00,5.545496696967022743e+00,5.523398338199887903e+00,5.466835154215090142e+00,5.315050923731469368e+00,6.786221915721381670e+00,6.176830203556114007e+00,5.499202971154571351e+00,5.526528801463598484e+00,5.334774145463275552e+00,5.513024248373168845e+00,5.411578574987115253e+00,5.939916623673489937e+00,6.025852605682990415e+00,5.577869120317171969e+00,5.478486179558408331e+00,5.406745516318349765e+00,5.309747181415761297e+00,5.386103004375457637e+00,5.917634017210534836e+00,5.993346258257781223e+00,5.672718309300566197e+00,5.438641258111177379e+00,7.420263186556456780e+00,5.739515826124464759e+00,6.543612574866596532e+00,5.965365613294289382e+00,5.818074325949226022e+00,5.564134322003159383e+00,5.478783461152587186e+00,5.554381637581079723e+00,5.467413250768363930e+00,5.514124076564637988e+00,5.905923322015419252e+00,5.797994454663600195e+00,5.655837228533500571e+00,5.701576264634119262e+00,5.509645316434274243e+00,5.363256970485005048e+00,5.644407973767981979e+00,5.747999831336711551e+00
1.098539373866711522e+00,6.969424895215932114e-01,1.609280245563397438e+00,1.791519534508898337e+00,1.609340786238861565e+00,2.071309813422156587e+00,1.384734518704872741e+00,2.781361447177430491e-03,1.102329063571318324e+00,6.933374474450454406e-01,1.385618094963019464e+00,1.788831083543750200e+00,1.791457007079424457e+00,1.944436067706399873e+00,1.790027231621420301e+00,1.100353651958492218e+00,1.383112443386187440e+00,1.949675234413553948e+00,1.385366834568901195e+00,1.099047015460198340e+00,1.099631678282360081e+00,1.609079188245701175e+00,1.947191292329197632e+00,1.092380214692584062e+00,1.789576234972485747e+00,6.929814337213366926e-01,2.295915870142096971e+00,2.707755031853613659e+00,3.259890260897043035e+00,2.099499920395603070e+00,1.092141740762424540e+00,1.950949451347660846e+00,1.105637444037360639e+00,1.802769338488554141e+00,1.098584818885746994e+00,1.088642231861149279e+00,6.963589181986755694e-01,1.615238068480535638e+00,1.607906843082431925e+00,6.830863504584006041e-01,2.190244274258114077e-01,1.540498488964515689e-01,1.098974185109538260e+00,1.384042270462454649e+00,1.398237562783648302e+00,2.306591170872340335e+00,3.221840972763124533e+00,3.346244136483847331e+00,2.080386680968548951e+00,1.936090450931809093e+00,6.931018767280634485e-01,1.386707535092244870e+00,1.784090498128960478e+00,1.611458952956707602e+00,2.074621662995169480e+00,1.108935730442006884e+00,1.798323917910841008e+00,1.108400539176734423e+00,6.888659720205794201e-01,1.603090432531015352e+00
7.483727285873602142e+00,7.499788276582256330e+00,7.302857907795599957e+00,7.378829483355433538e+00,7.594895917582767275e+00,7.652074009012864941e+00,7.626642702770633164e+00,7.518070513679867339e+00,7.550122197599129947e+00,7.455962313791115292e+00,7.300228466886386158e+00,7.416495344226835762e+00,7.598414302113820185e+00,7.660296434568286905e+00,7.629689623107868357e+00,7.582872028497019024e+00,7.534426317767005443e+00,7.393054859428790593e+00,7.667727857927419066e+00,7.628933837774148685e+00,7.548306273105593434e+00,7.639918525058164711e+00,7.525321954325848495e+00,7.483434838233002928e+00,7.453453791302889542e+00,7.459978786694137831e+00,7.510320004768720636e+00,7.556013067349153012e+00,7.590155559914369299e+00,7.661589130093419797e+00,7.536230288181194226e+00,7.369341184322701466e+00,7.515643434315547822e+00,7.591169173383025104e+00,7.472569997796043140e+00,7.573812875368175490e+00,7.528640768185291599e+00,7.483165140220954470e+00,7.369513332720446286e+00,7.426445273060899410e+00,7.530721027142840640e+00,7.490590084546842498e+00,7.481452963996398253e+00,7.485365604158834785e+00,7.550793671313244637e+00,7.304039832156763445e+00,7.367031213004200829e+00,7.489916125641690847e+00,7.579968271944753866e+00,7.473102774378398649e+00,7.492449732433250631e+00,7.392326559042269984e+00,7.238587508371041146e+00,7.308385107387985080e+00,7.445300504509414274e+00,7.354649648647622939e+00,7.344353899104637762e+00,7.288052697994960027e+00,7.160924775803757747e+00,7.203699322765994673e+00
5.630296603399992605e+00,5.534746744834990295e+00,5.674514016298483732e+00,5.672348086951940260e+00,5.809460552499642993e+00,6.079457055406145116e+00,6.662670475613754029e+00,6.008589586661405413e+00,6.373565957562252748e+00,6.919738569214635149e+00,6.834029459020034558e+00,9.297588125631634171e+00,9.343682079201661494e+00,9.054305802272120118e+00,8.568325685788867219e+00,8.342063687831487329e+00,8.093992222885235677e+00,7.995997719223651323e+00,7.943893849489830572e+00,7.525951519786370447e+00,7.298696921915087898e+00,7.047506712348372560e+00,7.087823129413343359e+00,6.944788305267790562e+00,7.063470410532513455e+00,7.094920103271593170e+00,6.791580511435050482e+00,6.684474441984679771e+00,6.475827384440821177e+00,6.493529601934629802e+00,6.394079262694096322e+00,6.484452347886013435e+00,6.631000007139673080e+00,6.543475805528936817e+00,6.349394798716858190e+00,6.444765728072257893e+00,6.338849101672995090e+00,6.469599775355729498e+00,6.369698552720073792e+00,6.487188239531458400e+00,6.271021149783457815e+00,6.201947211434811535e+00,6.229910463978696633e+00,6.320762873153909389e+00,6.380142833922643142e+00,6.326114276188916641e+00,6.486267795570884509e+00,6.409098658461816811e+00,6.441425169327038347e+00,6.397296288332771752e+00,6.267487682204594179e+00,6.238234905611253822e+00,6.080759282755512807e+00,6.352481854215950463e+00,6.390260658878405664e+00,6.409859558272802182e+00,6.711465228397968552e+00,6.478246973565430444e+00,6.464192664098558971e+00,6.115386414887261424e+00
6.141702984199661763e+00,5.826167862150138710e+00,5.750630503308171271e+00,6.166022120165608911e+00,6.158655191874786716e+00,5.695004001144687855e+00,5.588311551001175381e+00,5.727004976351693699e+00,5.720227743028065248e+00,6.063566508084972995e+00,6.278660834943360136e+00,6.227359484763994146e+00,5.917930570799098788e+00,5.756432917080455347e+00,5.930281838943648687e+00,5.680673935561822319e+00,5.711621479280586833e+00,6.159701607113437838e+00,6.263259156778590686e+00,5.866496661670741908e+00,5.841163127246145947e+00,6.350374992969757493e+00,6.227797042614919398e+00,6.043036232900263371e+00,6.193464734405206507e+00,6.454749585778116305e+00,5.983100996466078847e+00,5.805895150365672386e+00,6.032707311491495972e+00,5.843249196361912645e+00,6.245332867888528483e+00,6.472855267373796018e+00,6.520520777483253205e+00,5.869161205273829118e+00,5.947485447349585286e+00,5.989417696915952938e+00,5.878904462848020707e+00,5.808575551442736185e+00,6.043410982134736820e+00,6.283666967587797636e+00,5.938267178425199688e+00,6.025280844949056913e+00,5.931553001821792570e+00,5.915103024674473353e+00,5.799076303321416326e+00,6.190910123009220278e+00,6.156818967413498989e+00,6.140640912641344151e+00,6.122333009890405187e+00,6.241535490661190622e+00,6.199849992195158421e+00,6.181141259201455185e+00,6.169777784528475806e+00,6.214824013173181783e+00,6.329869636101520314e+00,6.642258053271975271e+00,6.758242092418751845e+00,6.893889370168914787e+00,6.828317709955061154e+00,6.620592428441951505e+00
2.565116672456612790e+00,2.563916497194900668e+00,2.637572305907490033e+00,2.301392949582115488e+00,2.706213417866766946e+00,2.707447431203200860e+00,2.079457681365578292e+00,1.946678968125376885e+00,2.077821520379860676e+00,2.194808975474964008e+00,2.079015917800013380e+00,1.946561031867572122e+00,2.079287881957613937e+00,2.197957252770229353e+00,2.832619300294625830e+00,2.488371546892369501e+00,3.401128174418059480e+00,1.947270209268542995e+00,2.302520932020159616e+00,1.791004415594535493e+00,2.196289011159627602e+00,1.383613066851375306e+00,1.946257552316872363e+00,1.792789828801782281e+00,1.796285017271146645e+00,2.198247353227695822e+00,2.484129276536695130e+00,1.095988289204271160e+00,2.076489694764873217e+00,2.775806429017896981e+00,2.298054718774175775e+00,2.297330206454647250e+00,1.947150954004076784e+00,1.788782167042963556e+00,2.394012751352386115e+00,1.107374602254612261e+00,1.785877122269327488e+00,2.837971246704190431e+00,1.789874541442020739e+00,2.484685261374409482e+00,1.943076367891650946e+00,3.042310764316611404e+00,1.105772170842928670e+00,2.396037415665785097e+00,3.212771937718622794e+00,1.945869467518987816e+00,2.566877379606843146e+00,2.193066691525865863e+00,2.417930866673148049e+00,1.784482717144235453e+00,5.591147634414164180e+00,2.081137778989088805e+00,2.488494394836391788e+00,1.793960592238692975e+00,2.199045971413677414e+00,2.220204333534897323e+00,1.940231942968438039e+00,2.506665017092180925e+00,2.196384144647395953e+00,2.401589170133434870e+00
5.264307535006424565e+00,5.479151404715496554e+00,5.524373554534527386e+00,5.672348088294296709e+00,5.531592063942035509e+00,5.517913888479571760e+00,5.351895883246108099e+00,5.586967266740201055e+00,5.472778671314676657e+00,5.601882103293373660e+00,5.825271298342015847e+00,5.775241950390616275e+00,5.703676843794322160e+00,5.508669010014691558e+00,5.447392130753396344e+00,5.547797760894217056e+00,5.131227402057895404e+00,5.542161722934626056e+00,5.473536411047573047e+00,5.183218139025057347e+00,5.327672496560517779e+00,5.224162922402869391e+00,5.261897531674208928e+00,5.094864771982090090e+00,5.326020186199361461e+00,5.782720933890034054e+00,5.150463973885722524e+00,5.361801412571115755e+00,5.444228937853806904e+00,5.635071900310425264e+00,5.797253907046105326e+00,5.686885028969979494e+00,5.742331372219833696e+00,5.487361930130515653e+00,5.637907104627343458e+00,5.398270007617929522e+00,5.721939413999398205e+00,5.831200882354287351e+00,5.826624497733932984e+00,5.988695469247542036e+00,5.527888166520926738e+00,5.464304048268954439e+00,5.417093684959770172e+00,5.748032655019327919e+00,5.758470165504450122e+00,5.928025163528293007e+00,5.871253308437173857e+00,5.721708046347230514e+00,5.569775856903692812e+00,5.634057646242593087e+00,5.776152371656477769e+00,5.759037930988626819e+00,5.727756580183286594e+00,5.822658699908306978e+00,5.608166739031376302e+00,5.713077875695940833e+00,5.640561783736376178e+00,5.714169006488532432e+00,5.394309915649525777e+00,5.529452000088478592e+00
3.175660410077019602e+00,1.946365182192772325e+00,2.079703034487360824e+00,1.609733792379957729e+00,2.197764612348750202e+00,2.637486316997952329e+00,2.081802736025201384e+00,1.383202647174054389e+00,1.948659831919635987e+00,4.139373797206747696e+00,2.764901840968605473e+00,2.302133863590414276e+00,2.485426803500876858e+00,2.076200449822334537e+00,2.637309160744532921e+00,2.397357783971424627e+00,2.076309042697661145e+00,2.473687622815295306e+00,1.611819740516111432e+00,1.610403567763810662e+00,1.947502955451613893e+00,2.483884575009763118e+00,2.476809033726980136e+00,2.299585138651961014e+00,1.787202356016082794e+00,2.638813908696022725e+00,2.769162877156461366e+00,2.888327242467854994e+00,1.610021071691011940e+00,2.400046819399109133e+00,2.948058235709181130e+00,2.886276240234296075e+00,1.793056972808172445e+00,1.793291757758581184e+00,2.298636370063452006e+00,2.195380027757311669e+00,2.768150586070344588e+00,2.394103696865526043e+00,2.085979361975399904e+00,1.598714499369252362e+00,2.198264178465608953e+00,2.393556055874258792e+00,2.397185587911760063e+00,1.386174798080171744e+00,2.299795880156882522e+00,2.484855730786477590e+00,2.197320668751215678e+00,2.637051726550173392e+00,3.169610311209125175e+00,2.836279874152136671e+00,2.193388261005946749e+00,1.944843921479565418e+00,2.483980974046588575e+00,2.299335976737024723e+00,1.612194523235022769e+00,1.791117173235740490e+00,2.703137564101954826e+00,2.393195570492653967e+00,2.292447363144146433e+00,2.193417563014961935e+00
7.069508526024877781e+00,7.018896999088546806e+00,6.584249190010739383e+00,7.111747711208498579e+00,7.264393364473332504e+00,7.241622612348337817e+00,8.280026275629760235e+00,7.480348864814728493e+00,7.208148058581352657e+00,7.020200791759187098e+00,7.120376637547116694e+00,7.066603111587847152e+00,7.141582539336090107e+00,7.359080297338613796e+00,7.698271693238961433e+00,6.832432382802088533e+00,6.537458656036185367e+00,7.026273154539608434e+00,6.815972825969347504e+00,7.001833535856217594e+00,6.829314834667013834e+00,6.868114610404187026e+00,6.637201566974310296e+00,6.436853724479225214e+00,8.497177338782799794e+00,8.015853740654874215e+00,7.024361949640971048e+00,7.135276918217181574e+00,6.792058826198619670e+00,6.806957429668813120e+00,6.568247958979026357e+00,6.746133011432279503e+00,6.998140734906430183e+00,6.451950195431233048e+00,6.657939851672161957e+00,6.658502265711524259e+00,6.455669027222238121e+00,6.345075132786704764e+00,6.465627168901339594e+00,6.531172069508468958e+00,6.601937025775562518e+00,6.718819223445765765e+00,6.790183056995360289e+00,6.450749523345980840e+00,7.016770971362923603e+00,7.863567568190106272e+00,6.840887199220529347e+00,6.899526702795598432e+00,9.150977695631189235e+00,8.360201893409946905e+00,8.740661128552535075e+00,7.877682670047749802e+00,7.570375962464149566e+00,7.874614406917697984e+00,7.356801761285263197e+00,7.702353712703851052e+00,7.625414011509306533e+00,9.753544626929190997e+00,8.333335825434653898e+00,7.419574773477957130e+00
3.294086180585584334e+00,3.091910901456635496e+00,3.091846616982175000e+00,3.609255748459581081e+00,3.435144675566693895e+00,4.119778145475736508e+00,3.760781378379043360e+00,3.581666331746213405e+00,3.468349191435529999e+00,3.989430435708254841e+00,3.524864758716642399e+00,3.433217820608993165e+00,3.662540090768402035e+00,4.172398693417450843e+00,3.757294879251170006e+00,2.944317551080180007e+00,3.616004881894040679e+00,3.496390882091033880e+00,3.330205127745568650e+00,3.399369298673613926e+00,2.710079760765516266e+00,3.497474012765244389e+00,2.944187996193313506e+00,3.585055986581145770e+00,4.188803192023136113e+00,3.257728225739981109e+00,3.583376000480262835e+00,3.610446214108255614e+00,3.951168499770957521e+00,3.663734450471987980e+00,3.177257506034657286e+00,3.332604547527078687e+00,3.689059147287534035e+00,3.847724411990371518e+00,3.692130305462296036e+00,3.713013208614604821e+00,3.912300636347914029e+00,3.366822778862447407e+00,3.527684426389305905e+00,3.257581847545678144e+00,3.869714744308385690e+00,3.497070943087533745e+00,3.464845435080823766e+00,3.136601302915616341e+00,3.495251043466789831e+00,3.912967068785422331e+00,3.637048846178300820e+00,3.965923036320450734e+00,3.759694411965802008e+00,3.177688434827788289e+00,3.662943169722360004e+00,3.609662322101989673e+00,3.526927712260388592e+00,3.582617121941535920e+00,3.662952216253994919e+00,3.439792959754501833e+00,3.658585281488487606e+00,3.628174591124583959e+00,3.761706641391731942e+00,3.734596345915071502e+00
3.990596542995069385e+00,4.158223497033728400e+00,3.928809739709506754e+00,3.839621989609732111e+00,4.107929027813741918e+00,3.950450568553530051e+00,3.873140674828563945e+00,4.080264646896880620e+00,3.807235736866338982e+00,4.060261748696225581e+00,3.989402132045861915e+00,3.893754714307727127e+00,3.585984432419625723e+00,3.930950010819400209e+00,3.876678175589187259e+00,3.807315505153512358e+00,3.829344933735477241e+00,3.784731699845147901e+00,3.893735046626193075e+00,4.027568567001909905e+00,3.860542678422576035e+00,3.889816508262896821e+00,3.949212360553185697e+00,3.852147902984477845e+00,3.828967989237207270e+00,4.022192095284736091e+00,3.634752672174601962e+00,4.417470566703571855e+00,4.204904796995671212e+00,4.173201491999131818e+00,4.359136011630580398e+00,4.043537165454314852e+00,4.328883884314539188e+00,4.303649454459218759e+00,3.970575160147627791e+00,4.317047381076297263e+00,4.404077218585138453e+00,3.970022628279530785e+00,4.232975054215557087e+00,4.380111788446098053e+00,4.110927610370255891e+00,4.234929522482119069e+00,4.289396872894490897e+00,4.343137498764183313e+00,4.594397683065303717e+00,4.614012817588401205e+00,4.172631187166801148e+00,4.354609382860537004e+00,4.443526181577543532e+00,4.520947137244304415e+00,4.245352887827375632e+00,4.250135517976949551e+00,4.262435931321380878e+00,3.951937349227450547e+00,4.221451066038500066e+00,4.509605528988680057e+00,4.331396272949229242e+00,4.487439543003803877e+00,4.381767981827632497e+00,3.637442308440424821e+00
4.822543278813598455e+00,4.710716942672393159e+00,4.760587301349379352e+00,5.046613914519948452e+00,5.236673647899079853e+00,4.802862920240551503e+00,4.380727926625592517e+00,4.391338085950307502e+00,4.394157754185127551e+00,4.854183388381970943e+00,4.874731007685624284e+00,5.068899707597855020e+00,4.363429819239384777e+00,4.380555256942590958e+00,4.342705508098608114e+00,6.427986268978250095e+00,5.394185323229447881e+00,5.080360939635606421e+00,5.265492909714341252e+00,4.764266263892284137e+00,4.453359784186803338e+00,4.874333759517279319e+00,6.710051556667727901e+00,5.906204236983402467e+00,4.973670307586175454e+00,5.725812751855954730e+00,5.374471348690125438e+00,5.067014443642470667e+00,4.524864484630954031e+00,6.631361500747408932e+00,5.744152267923547051e+00,4.899798110904162840e+00,5.003233877875341129e+00,4.501410663870151652e+00,4.651721345948610420e+00,4.931753125647951208e+00,4.668706168220429831e+00,4.326842830138242668e+00,4.608943851475895137e+00,4.981183229432950554e+00,4.690990930939682002e+00,4.235326394741868228e+00,4.508198534810013314e+00,4.398398792622632669e+00,4.216428047925156797e+00,4.595514905367940273e+00,5.241894043898173372e+00,4.661880036946975281e+00,5.672889724335110628e+00,5.206239862657715989e+00,4.776743833374026416e+00,4.502167338643832117e+00,5.046303348122021859e+00,5.297738128806276592e+00,5.041595786328933571e+00,4.992919404119417592e+00,5.061446518911884240e+00,4.773077546441509611e+00,5.138855740659836080e+00,5.085457649266859725e+00
8.626738200927528410e+00,7.890433091735805426e+00,7.954755643665302856e+00,8.486695429036720029e+00,8.756707633634258414e+00,8.667933112534303319e+00,8.735610667605572033e+00,8.302735189192341991e+00,8.229573914004870261e+00,8.548684189868849259e+00,8.595699747611622143e+00,9.587101869441816859e+00,8.986233563806223401e+00,8.311810325741978644e+00,8.812551811601462504e+00,8.620437600335884909e+00,8.492306867783295132e+00,9.171371348124903733e+00,8.970360410554507169e+00,8.872500574766252868e+00,8.772825003420877010e+00,8.611229487580484232e+00,8.747717194812151931e+00,8.912937607329313394e+00,9.197730217087755733e+00,9.716658393233759128e+00,8.824696762178746212e+00,8.274999418151942621e+00,8.450893520646269863e+00,7.995314002301452838e+00,8.487787827280230957e+00,8.517161119638590350e+00,8.347473055410077336e+00,8.408473521971798093e+00,8.607895592461332512e+00,8.019788836063890258e+00,8.301169371459442559e+00,7.953643842881771064e+00,8.569641327353755500e+00,8.512672837251523461e+00,8.113433223012709306e+00,8.014676665860140048e+00,8.010384689735287722e+00,7.949002841734564839e+00,7.916410871248700687e+00,7.958502570475333826e+00,8.096148939657163979e+00,8.186699063151856137e+00,7.980990656416166118e+00,8.071337576232254563e+00,8.344648657878053655e+00,8.021698758747033864e+00,8.490864845632208002e+00,8.838831425509171780e+00,9.030168343018623034e+00,9.069025490235643971e+00,9.114105571848678977e+00,9.687231191044396894e+00,9.243835979175035078e+00,9.003917318136709369e+00
1.798577980478263338e+00,2.565959583325086335e+00,2.205799344934423534e+00,2.397834698436985601e+00,2.399514031910877421e+00,2.489771516623485947e+00,2.642207448777826428e+00,6.757169368507844054e-02,2.492699125873055088e+00,2.904076192190131689e+00,2.091544378952893801e+00,2.485483418323980676e+00,2.889968822148990757e+00,2.194661142725950143e+00,2.486189791047102471e+00,2.768290017086625365e+00,2.576677180872999795e+00,2.706242815288575798e+00,2.563953356646220261e+00,2.486633342832259785e+00,3.214726430602689700e+00,3.429963023274043898e+00,2.722550033303469785e+00,2.774743214043220885e+00,2.407013654405675052e+00,2.394921709487914274e+00,3.047304177754770027e+00,3.055467911186655616e+00,2.205391350970792974e+00,2.579856959756694490e+00,1.961305738983409874e+00,2.582714616447262301e+00,2.206739553800429299e+00,2.120790374164426950e+00,1.786277353561969372e+00,2.396287864702849824e+00,1.813219424828681481e+00,1.946081038717087264e+00,2.093375430334537768e+00,2.989499311796978809e+00,3.158203122044662248e+00,3.014857323969897696e+00,2.482190162723413529e+00,3.387882936605293605e+00,2.492128668696860228e+00,3.450481032043533514e+00,5.493922779777750343e+00,5.174483878781028778e+00,8.445228597105018054e+00,9.046107443642885215e+00,8.592391567341465475e+00,7.981174179063473595e+00,5.897343650301278828e+00,4.474775972627450749e+00,4.185363199069167983e+00,3.786748434536433283e+00,3.643550785267479775e+00,3.712089629208557007e+00,2.995254052546767021e+00,3.178965945606479160e+00
2.091066331806116452e+00,2.214380633487492478e+00,1.397410428962151174e+00,2.580373201037065023e+00,1.801489982222900910e+00,2.397381254189624222e+00,2.644871020379945037e+00,2.079508122131703995e+00,1.948477717392479880e+00,2.301510918508744563e+00,2.085460628904511005e+00,1.792482293101667068e+00,6.989466334208418452e-01,2.305833542138539194e+00,2.576662867601460682e+00,1.395331163357306670e+00,1.094610525701520176e+00,1.106374924411677840e+00,1.797063785573375538e+00,1.609365638021531986e+00,1.793513295196180524e+00,2.396181152799513825e+00,1.382791674764152656e+00,1.626271897848904358e+00,1.793118840104502620e+00,2.077541483291937219e+00,2.083678401010161885e+00,6.235403999572528555e+00,6.955271057582388394e+00,1.799040258255518054e+00,2.298500415654659346e+00,1.618173181491767698e+00,2.196405494915881551e+00,1.388903486395035580e+00,1.946733456793873218e+00,2.195337959726944455e+00,1.100962725679026200e+00,1.985339050643160741e+00,1.970190126929976415e+00,1.796417196030447805e+00,1.789973474170702961e+00,6.996050372643504156e-01,1.608345061896737427e+00,2.072621724832523604e+00,2.080146316657997652e+00,2.400985277728670209e+00,2.195925823179238456e+00,1.388396922720338100e+00,1.800916309116966207e+00,1.797752258865122243e+00,2.079729205159984495e+00,2.394258686685312387e+00,1.100893754908339517e+00,2.197648134887141502e+00,1.941878137414290162e+00,2.321753608304657934e+00,1.802259783454413400e+00,2.202758933763881988e+00,1.387254299062022689e+00,1.382878471638405493e+00
3.364824142610238322e+00,2.077548309320073283e+00,1.608423258015845292e+00,2.836073606956158066e+00,2.639765778765240878e+00,3.292673208326508227e+00,2.301745645396796824e+00,1.944855470925703766e+00,3.552133255980393312e+00,1.947291978357700959e+00,2.638266578538348561e+00,3.582099517722281412e+00,2.196963674377617970e+00,2.768054936623698836e+00,3.135168539734666471e+00,4.042688549795342645e+00,2.192426150193485856e+00,2.634332759240278765e+00,2.485419374159113737e+00,4.090668105608809668e+00,2.707351300932516747e+00,2.197559195601311632e+00,2.298270568647218681e+00,2.198152844084826807e+00,2.478291162256625046e+00,2.302969150424826417e+00,3.332356992318555200e+00,2.781035395731727089e+00,3.582031041326419807e+00,3.726654154425896426e+00,2.561933164318284106e+00,2.398324313482675496e+00,3.177582877743379441e+00,2.634169970224815582e+00,2.394885665206451186e+00,2.563353234125901992e+00,2.080501416394032965e+00,2.705341785480982253e+00,2.997059600776979860e+00,2.943809673392526527e+00,3.683107143073376388e+00,2.889317902227631851e+00,2.301447104086665085e+00,2.076007193975979881e+00,2.394959529292985945e+00,2.939148461354315955e+00,3.330421109966435367e+00,3.733805276532522921e+00,3.260844896700975326e+00,2.485610653166505202e+00,3.367843848258671446e+00,3.257428087585065857e+00,4.094190771428989351e+00,2.944565668268800618e+00,3.398815522700690650e+00,2.943010734453242350e+00,4.088172920173620994e+00,3.332124561677551888e+00,2.996283064733900936e+00,3.436737252105693141e+00
1.792285663081054858e+00,1.610345620483365714e+00,1.098254407199522387e+00,1.609674543659899371e+00,2.485435839803610492e+00,2.563763711368987952e+00,1.792462445223791390e+00,1.389608093165951352e+00,1.608893991169785265e+00,1.609128982119844453e+00,1.386988779889289036e+00,1.385439707960239852e+00,1.629006827291442860e+00,2.302345175648862874e+00,1.946498419218508191e+00,2.077768178084270723e+00,2.390214718642340586e+00,1.609185497597584114e+00,6.886137045187284977e-01,1.946568548143259303e+00,1.609057333191600048e+00,2.302554910775163943e+00,1.945186641805420003e+00,1.387250535004862284e+00,2.301242998217758018e+00,1.611079408691932446e+00,2.565085893299669184e+00,2.397119960681773243e+00,1.945851995302370741e+00,1.383025710932597185e+00,2.709488956215331701e+00,2.484556047079865770e+00,1.950504327923485937e+00,1.104747467843070430e+00,1.103951217874174828e+00,1.380665106414283860e+00,2.566013713637290028e+00,1.614923151346840058e+00,2.889554726392427941e+00,2.638591726745340260e+00,2.704377302044443265e+00,2.390780790141227907e+00,3.087692567849833480e+00,1.787722374795595481e+00,3.362607748355822768e+00,2.077931913712995016e+00,2.824855913985343303e+00,1.790715078192814946e+00,3.090589435592094425e+00,2.301604399215226859e+00,1.797833719829622590e+00,1.946078335996122899e+00,2.189749158995339062e+00,2.483556193668688739e+00,2.191215488757788155e+00,2.398036964303948970e+00,3.333985926503419517e+00,2.561841670744168908e+00,1.790312530552554016e+00,1.941421658390419802e+00
4.697251071310617476e+00,4.127800015568382719e+00,4.355671722807543667e+00,4.395473261331752646e+00,4.448154911569730530e+00,4.405923945872453729e+00,4.408241424494597105e+00,3.826216110620554556e+00,4.262758395624616448e+00,4.441891349213836548e+00,3.912943944582406797e+00,3.870081153831041121e+00,4.290334015434707382e+00,4.328291904753090336e+00,4.159048041006061958e+00,3.957683641717390177e+00,4.156459692182346011e+00,4.477421915396265106e+00,4.076358800164030960e+00,4.076887879099209577e+00,4.429644330863360402e+00,3.403566227200379490e+00,4.115077665524276007e+00,4.419294191744660871e+00,4.633343040880038899e+00,4.382216367845604310e+00,4.853611339850423256e+00,5.023646901054234171e+00,4.466063750629702511e+00,3.909992959429190229e+00,3.788084010419301872e+00,3.784913479435458417e+00,3.663323419673143455e+00,4.169196397577180413e+00,4.206419083727567454e+00,4.216959364992270309e+00,4.328130177067767370e+00,4.062179424532024186e+00,3.785288545242260660e+00,3.807654104777812076e+00,3.826927008728171931e+00,4.074252613849936644e+00,3.951530256370745509e+00,4.248157309766029677e+00,4.371164908536533389e+00,4.573727627965949338e+00,3.783351079738013656e+00,3.989606000541145114e+00,3.868075826461439437e+00,4.127307769693373096e+00,3.807417630537469400e+00,3.849307429319995588e+00,3.827772812482263198e+00,4.657907985011140006e+00,4.111586242969020866e+00,4.216434166649808191e+00,3.874572823512219433e+00,3.989390788877212213e+00,3.554089186719956217e+00,3.527750957642739049e+00
3.636101819652554745e+00,4.127808273420047414e+00,3.590126900313584279e+00,3.715523115535261045e+00,3.961968540209851675e+00,3.637197392743174440e+00,3.795047185541613022e+00,3.648630192384118676e+00,3.340741597261542406e+00,3.502724855403211546e+00,3.963858849317819288e+00,3.953107254711864194e+00,3.533605539711123900e+00,3.652762953204695240e+00,3.995607766046332276e+00,3.318315070147149104e+00,3.687282831782338732e+00,3.268128569999393385e+00,3.526338094744345231e+00,3.434126290232855983e+00,3.295880645618106897e+00,3.530264705752363952e+00,3.665867305724634040e+00,3.640215080112801260e+00,3.730616369649635722e+00,3.121633979059672548e+00,3.641471935733895826e+00,3.672719599206101027e+00,3.784642902837569878e+00,2.893259400590825869e+00,3.295183410671321589e+00,3.196231849923039992e+00,3.401463499455559258e+00,3.635143804530817757e+00,3.330254133227253721e+00,3.048054936918611624e+00,3.632596303123980519e+00,3.206373075273182494e+00,3.094311014905595236e+00,3.228178062898346745e+00,3.223394504616581280e+00,4.488129661843634821e+00,3.742795646132728749e+00,3.527754915403105596e+00,3.138388804634359097e+00,3.133825467198370962e+00,2.896161191327434548e+00,3.669764090984919847e+00,3.302267600303407047e+00,3.669696653788226293e+00,3.532672892929032304e+00,3.217143488885283453e+00,3.043399344911226212e+00,3.266031572841980868e+00,3.334608080395868868e+00,3.739918883506226255e+00,3.589914538221996576e+00,3.515336562979214374e+00,3.762528599913667282e+00,3.756365958140860606e+00
2.196851349822150912e+00,2.199336483390139652e+00,6.942709832728707342e-01,1.791996711156250033e+00,2.832793195213791471e+00,1.616529095649495984e+00,2.079591538689238295e+00,1.791217151954710429e+00,1.792303164206688226e+00,1.098867459414144765e+00,2.708075935615306573e+00,2.197135720703628614e+00,2.302718693836133479e+00,1.608765584259812753e+00,2.483590222992458241e+00,2.774534890565427681e+00,1.945615817402664538e+00,2.302241536741278072e+00,2.566009363442607771e+00,1.386434994427558021e+00,2.483775641378373145e+00,2.485854255799370804e+00,1.792902199287362164e+00,1.951344715774672833e+00,2.639890331533345513e+00,2.639538233465576589e+00,2.638451358077166020e+00,1.791597637196403081e+00,2.485377612875887543e+00,2.301532042041523063e+00,2.198154744447836872e+00,2.772492881032883272e+00,3.871469541340778697e+00,2.831787586929966682e+00,2.483907711788468475e+00,1.792795430337387863e+00,1.947110102490062111e+00,2.831114099143694940e+00,2.565281426059236480e+00,1.944929612129052021e+00,2.080774984812825856e+00,1.612643166014868346e+00,2.290502849847118494e+00,4.986054533732390048e+00,2.197788120717061755e+00,2.563772091139711495e+00,2.641069987060110869e+00,2.638537642214136891e+00,3.156012416024738254e+00,2.569145412515607241e+00,2.079589579839913771e+00,1.794516212454042359e+00,2.305572066011403631e+00,2.584442076921158016e+00,2.398059630045288770e+00,1.795561400340223601e+00,2.773051091168476479e+00,3.368790190966384213e+00,2.488107403257891814e+00,2.198569614115939430e+00
4.371724788133104944e+00,4.794587796120097778e+00,4.388754505274240714e+00,4.171655651107691654e+00,4.495280176881247591e+00,4.964222734390665082e+00,4.977796715615574463e+00,4.817717456135087062e+00,4.997353374054926078e+00,5.455610395652378486e+00,4.994985318061066160e+00,5.480081906797216185e+00,7.234144178694341676e+00,9.520191650364102642e+00,6.694896156186531222e+00,5.523360536487179395e+00,5.231746674918413831e+00,4.544656301259792031e+00,4.396870907012746521e+00,4.691469289714482294e+00,4.280163152247267178e+00,4.283361439727131348e+00,3.804359774265428040e+00,3.783172234785135757e+00,3.536394483905302089e+00,3.642146476504054320e+00,4.127986647021200106e+00,3.956808264452474688e+00,3.988910791660906785e+00,3.733021195125695524e+00,3.734730280726686225e+00,3.529394604690389681e+00,4.220026714449444327e+00,3.827705905294621402e+00,4.859177449870133891e+00,4.148614177516525281e+00,3.470223735466306803e+00,3.335416416855434552e+00,3.093302055415043217e+00,3.849697653308236767e+00,4.057546910732753531e+00,4.063466488650776753e+00,3.821354371657522453e+00,3.461345609077411734e+00,3.253650204908646870e+00,2.632773228528156206e+00,3.460477875237677026e+00,3.670196842414724880e+00,3.257196890515494658e+00,3.556167217895635169e+00,3.367853649669501070e+00,2.997880261132708668e+00,2.718841023499174891e+00,3.177793688801302974e+00,3.135738797475019712e+00,3.809356075202008807e+00,3.477851935399727257e+00,3.222882336617765464e+00,3.595564535482567603e+00,3.618561807849611789e+00
8.224210428092565195e+00,8.224980722957349499e+00,8.345911182643673598e+00,8.648211475893660349e+00,8.944805427204858717e+00,8.846878294379024510e+00,8.383865669668889353e+00,7.917930811264814572e+00,8.084550694295678852e+00,8.699360449965855224e+00,8.526189207910658041e+00,8.638398764860401258e+00,8.259379851668532169e+00,8.212341402946671920e+00,8.246994775530273714e+00,8.169213315246942386e+00,8.513019701143337059e+00,8.689312383194772949e+00,8.653264577680635838e+00,8.270374398904932534e+00,8.228612737343016903e+00,8.172418963814186199e+00,8.287471517472697613e+00,8.906324844372495164e+00,8.931904812697290197e+00,9.161833188064946398e+00,8.396837410446115868e+00,8.359411637504480908e+00,8.319049728178821823e+00,8.614470347656778770e+00,8.629240573040325657e+00,8.918110973207914682e+00,9.109971606216923590e+00,9.027264380433177138e+00,8.808537853482389934e+00,8.922096847321363100e+00,8.912419419503956775e+00,8.724829822225045106e+00,9.064869032403137794e+00,9.027532055785858489e+00,8.966165262199414343e+00,9.056154910852139750e+00,8.852475713771491783e+00,8.878327685920430312e+00,8.924204975273367424e+00,9.189202454927608343e+00,9.433513360991476304e+00,9.224893202165358019e+00,8.959998216546372518e+00,9.077149239298174521e+00,9.005032895853265273e+00,9.148901791756797408e+00,9.265542245729964321e+00,9.586760412455943126e+00,9.603688225359904962e+00,9.285770111000049454e+00,9.344106658160656664e+00,9.300396396724318393e+00,9.283210799710079897e+00,9.290278816001086071e+00
4.245576005418923771e+00,3.929670057855476628e+00,3.639238116320671068e+00,3.970459483655531585e+00,3.760730864444571608e+00,3.738911501983629648e+00,3.439733790521662726e+00,3.497862944688862274e+00,3.636590152000833687e+00,4.290826718495876158e+00,4.347114214167145718e+00,3.971762121013682201e+00,3.366815180115048545e+00,3.737905279120471214e+00,3.467386910328063454e+00,3.136373979545852286e+00,3.523765289607983409e+00,3.814167458897103735e+00,3.713215216224284188e+00,4.343999726102949488e+00,3.931774447900158620e+00,3.332952735866263616e+00,3.582526519984111868e+00,3.665376936578072176e+00,3.890816425026363934e+00,3.793742588520471859e+00,4.245158897377523388e+00,4.014336664707770730e+00,3.363687963254660129e+00,3.342683591258319709e+00,3.659357146254813120e+00,4.054520414877551104e+00,3.856715955354592662e+00,4.598861708526956527e+00,3.409015247628323309e+00,3.148987389434100947e+00,3.226584407267178545e+00,3.241776453970447225e+00,3.635611112052083982e+00,4.049120249959969442e+00,4.224747476621008246e+00,3.807817532678934747e+00,3.697145574392848300e+00,3.938872160248733323e+00,3.777272920031898629e+00,4.011178864244211439e+00,4.109947677038531033e+00,4.209795477864004987e+00,4.051316906522074213e+00,4.308670223174256186e+00,4.847297140237738056e+00,4.483348522254441804e+00,4.431173141503430557e+00,5.630469704356571903e+00,4.670568498761326737e+00,6.801356641541368653e+00,5.406846279631832175e+00,4.685080285681570977e+00,5.302176906837861026e+00,4.512025718545046082e+00
8.395742640943581137e+00,8.582657885788155028e+00,8.635591996522329339e+00,8.635719075103109432e+00,8.981232610710240039e+00,8.625426178952080747e+00,8.650147671148582518e+00,8.862671102432411629e+00,9.001262219776409168e+00,9.078385422269066751e+00,9.029601930880161831e+00,9.353308362987354130e+00,9.334445230157653484e+00,9.356344198606020512e+00,9.312791491802153487e+00,9.429128361965496197e+00,9.628302562947951060e+00,9.734212340650200801e+00,9.864816974019189999e+00,9.834658597965001192e+00,9.577165553077094273e+00,9.471374092591972271e+00,9.485734825738189713e+00,9.395620849964995358e+00,9.499738088313302242e+00,9.665060678146632611e+00,9.499997733419231594e+00,9.049044676691512024e+00,8.869183326278468726e+00,8.911877505121093890e+00,8.634524277032197048e+00,8.714464844117864928e+00,8.899442472279744720e+00,8.727368799573881120e+00,8.616125042752891261e+00,8.472232539858028488e+00,8.568330589223938532e+00,8.267800599251717841e+00,8.163057180423221482e+00,8.370171472294991588e+00,8.158969578585303140e+00,7.964092342661063029e+00,7.995792269387433038e+00,7.886631985899355435e+00,7.667144199353802314e+00,7.646634267710434862e+00,7.702545582294451521e+00,7.686847065728474426e+00,7.525808403226574406e+00,7.530923677731022892e+00,7.469692999306897008e+00,7.301341926264604432e+00,7.171825240168044679e+00,7.355345724778262984e+00,7.567943221765452755e+00,7.551381211420434170e+00,7.632063842079540805e+00,7.538307851429911111e+00,7.341240062628316743e+00,7.220164578224132157e+00
7.194282278203633751e+00,7.213272254970974906e+00,7.134009603273775646e+00,6.767763105029993120e+00,7.064948267496453660e+00,7.226640695494224609e+00,7.181433520239330903e+00,7.036033462825688645e+00,7.182698865865615012e+00,7.100494609037983906e+00,6.908573092292090045e+00,7.110995578950606522e+00,7.390573574290369763e+00,7.269518885677412889e+00,7.283340058994051347e+00,7.144763407422749957e+00,7.078397321847416990e+00,6.833019130143155095e+00,7.230597615416420432e+00,7.242210908406966574e+00,7.201919033055188990e+00,7.107558639187566918e+00,7.032553292680759682e+00,6.932593067724405422e+00,6.815511389079731863e+00,6.971671910720321108e+00,7.310072044934059932e+00,7.261419198495008054e+00,7.111708544325777481e+00,7.153004178264226631e+00,7.019063726483265597e+00,6.794027530801717063e+00,6.928630363493670785e+00,7.123425133392516706e+00,7.134284407067690736e+00,7.119944790865704753e+00,7.065231671536169600e+00,6.922918317799468646e+00,6.724345674502859360e+00,7.007019916341348242e+00,7.211234343738484043e+00,7.177999581123075679e+00,7.157515354596608148e+00,7.031410653912216979e+00,6.824861822706117742e+00,6.629834027233162175e+00,6.832499057537511966e+00,7.085953234972769188e+00,6.959292508243154707e+00,7.038400191517634852e+00,6.914623330902904819e+00,6.799273168290731029e+00,6.397789426335572571e+00,6.783008705120559867e+00,6.762404379024215650e+00,7.005024036885862060e+00,6.912220273819106531e+00,6.820697256146762477e+00,6.768204538220287780e+00,6.440639513880759282e+00
7.432539668765824996e-03,9.184183038134646759e-03,1.067739636524576291e-02,1.843739257083713964e-03,5.067237203458593332e-03,1.489205572858177842e-04,1.110987816493967401e-03,-1.975719697208851502e-02,-4.939623380426604038e-03,-5.051952473096461491e-03,-1.050302874301219450e-02,1.850141434621727782e-02,5.789945697897503143e-03,3.169867781981843251e-03,4.016415199180181639e-03,9.566539477753767742e-03,1.201817371360033512e-02,6.710829186770774814e-03,-2.759315697662797703e-02,-7.107580305765184500e-04,1.305948554491179713e-02,3.152447896071423894e-02,1.001527729305195895e-02,-3.078941285868771116e-04,1.305719902968491275e-02,-2.904130234822715345e-02,4.654947949263397999e-02,3.659387916768978843e-02,7.957942164647696659e-02,8.816041577900909573e-03,4.904441465084246991e-03,4.283594646774652182e-02,5.129162895882934114e-02,3.637018242941186807e-02,3.980425953694907010e-02,1.813694684778650477e-03,4.468536280743836547e-02,2.350213499385546412e-02,3.203105487063778734e-02,7.198174785497229999e-02,2.472771094505274783e-02,1.041566175053998920e-02,9.499594802536868651e-03,5.217173595687844834e-02,2.641060160462617434e-02,5.207132150324473435e-02,1.717858094581548034e-02,3.453496940104066465e-02,6.565157342689262321e-02,3.543996135857788166e-02,1.829084830532719946e-02,4.313764702316738586e-02,6.971897559708588321e-02,3.265165721042814079e-02,3.735583326953994393e-02,9.697019073271940029e-03,3.496084531599412404e-02,2.803521884922658552e-02,8.141906049738599493e-02,2.244081745913736881e-02
4.383396842720668651e+00,4.552925713865563218e+00,4.743360907432134788e+00,6.180514647964643338e+00,4.771218983003145730e+00,4.881420801932349285e+00,5.622984624769571838e+00,4.708912205390766381e+00,4.499484119883637945e+00,4.889445324419180672e+00,4.408177662393601537e+00,4.205218511195182529e+00,4.595811998993054814e+00,4.691605699792519957e+00,4.642556395550983872e+00,4.380300379706844716e+00,4.603386173415376703e+00,5.287333375756223752e+00,5.144135625179355742e+00,4.291681799944193187e+00,4.683726686374837911e+00,4.284390936289922180e+00,4.329948913570667912e+00,4.195820150173322993e+00,4.804410151573608623e+00,4.112601382203994405e+00,4.096558876974572883e+00,4.304962819351618286e+00,4.102329586557997843e+00,3.892938212298062250e+00,4.423455212332490838e+00,4.633743814264907890e+00,5.074798071935449961e+00,4.590745507374606404e+00,4.504918205705614298e+00,4.595031707076884686e+00,4.523385695685837149e+00,4.616346158194759575e+00,4.880860353954183495e+00,4.614631067624054062e+00,4.562835018164502543e+00,4.685109876188042755e+00,4.681359701065821000e+00,4.956658000809679443e+00,4.645001944248183356e+00,4.918018952904618324e+00,4.548941105605074142e+00,4.884722019697459672e+00,4.688986288672734482e+00,4.858762274990899854e+00,4.403947532590023251e+00,4.406674599579980089e+00,4.945263689995148759e+00,4.112844414841918095e+00,3.890232500008993455e+00,6.290244021609767699e+00,4.706229667239462344e+00,4.340718637118062162e+00,4.689099787439277911e+00,4.202651279139470120e+00
1.947130567918246680e+00,3.039092916232167152e+00,1.792298519421785974e+00,2.398122022893702354e+00,1.608691180078991589e+00,2.484978320572290844e+00,2.398240418005110008e+00,1.608595042410269516e+00,2.301325428767419190e+00,1.792703015449707227e+00,1.945258965886333957e+00,2.196863270310211114e+00,2.483860655355251357e+00,1.944459182279122622e+00,1.099688333124575257e+00,1.943718495977909688e+00,6.940268378515371817e-01,1.943088677233024475e+00,1.791294077436690557e+00,1.789900637831166819e+00,1.387547678618161973e+00,1.793022007984508281e+00,2.078395525445370762e+00,1.791000886011502535e+00,1.943123219628414944e+00,2.833415542363222794e+00,1.947279876516529118e+00,2.302751979651871839e+00,1.944915400504720449e+00,1.379786577990001817e+00,1.383299762739652605e+00,1.384507386437590748e+00,1.609932072923246471e+00,1.943713266055862698e+00,3.107492298125297259e-01,2.561132079234025749e+00,1.607369838081646130e+00,2.482823072049611390e+00,1.608193846720466835e+00,1.098285813512283937e+00,1.383721140823197526e+00,1.382183965634434131e+00,1.946310016861284131e+00,2.078971069194509358e+00,1.945617567888881849e+00,1.945979854150027499e+00,6.899277815064230879e-01,1.792863738716768962e+00,1.949784221496672076e+00,1.945440415952315982e+00,2.196711018245593117e+00,1.386787735302515090e+00,2.079726896663753433e+00,2.198457524134797669e+00,1.787746837159213342e+00,1.386417801576566911e+00,2.195727533872506410e+00,1.795327004005977889e+00,1.611152138938191314e+00,2.832899410448846744e+00
4.355140435509313512e+00,3.970836088183234303e+00,4.094787870439970945e+00,4.407366623731319599e+00,4.083788853828576926e+00,4.182738245953490974e+00,4.188128812893001651e+00,4.320235754422243168e+00,4.469090726358826871e+00,4.680815497450477203e+00,4.513000850451016177e+00,4.656206896047772048e+00,4.424982071920980253e+00,4.382292956326795164e+00,4.555149982122036256e+00,4.093971635991456637e+00,4.220174628056901689e+00,4.205889311864000391e+00,4.571681155314498035e+00,4.464847253834285823e+00,4.542513165537945596e+00,4.368623799386456064e+00,4.647762882475818813e+00,4.717440371278467381e+00,4.920199627339565396e+00,4.388588849862413710e+00,4.007452824154899673e+00,4.383756777073647193e+00,4.509882679703367536e+00,4.096149493841984679e+00,4.158964678957902450e+00,4.406622975594610025e+00,3.987930046285943941e+00,4.511996681672800769e+00,4.276793533172002171e+00,3.929314355496357880e+00,4.512230897967830501e+00,4.562375340138067337e+00,4.653920212529155442e+00,4.205888800075941347e+00,4.320196968233535273e+00,4.866890095133893368e+00,4.277811900261631273e+00,4.408140626295597109e+00,4.543022391674273130e+00,4.380901051718630868e+00,4.542608514198517966e+00,4.443233156006413331e+00,4.416705030661217002e+00,4.418528953689664363e+00,4.129041300447004126e+00,4.262492309192682960e+00,4.343110725754145029e+00,4.357330034080200143e+00,4.381925748779650576e+00,4.370641065940167991e+00,4.330345629959229115e+00,4.341509326762049703e+00,4.077273153666293837e+00,4.218284464829248570e+00
1.386562264790440091e+00,1.946764666498417506e+00,1.610323289367533217e+00,2.194985507459128016e+00,1.608447451141876927e+00,1.099502035765089980e+00,1.102994563860158816e+00,2.078085183928850554e+00,3.820238871345011528e-02,1.383221326708185428e+00,1.793547515389896541e+00,1.385732154501077229e+00,4.452661487276804962e-03,1.788791425763322840e+00,1.383297083545320216e+00,2.296735113151476160e+00,1.798156693914740645e+00,1.082524667511080230e+00,1.791679902266680946e+00,1.385037836916726439e+00,2.197789652415617745e+00,1.943603310851739874e+00,1.387173276077617645e+00,2.084291782661310322e+00,1.389370293366953169e+00,2.482070948108324515e+00,1.612475424563662330e+00,1.607216760682699475e+00,1.386959477934011975e+00,7.036400220207492673e-01,1.386130429904100625e+00,1.384300197533132160e+00,1.384449567317033392e+00,1.608812777901307056e+00,1.945147593131198338e+00,1.388137740119746777e+00,1.094679490068497518e+00,1.607712759189755980e+00,1.387352141965099595e+00,6.871669365305953514e-01,2.489266442227826115e+00,1.098069136849349814e+00,1.602636230724301836e+00,1.382586573704604360e+00,2.192271297018734799e+00,1.114238859518986713e+00,6.871191198845491011e-01,1.946837820700880517e+00,1.386397028866954706e+00,2.479189673582673059e+00,6.940305675702136412e-01,1.388322689844417646e+00,2.086416502327878231e+00,1.100805276525507637e+00,1.096060413859405669e+00,1.957539585290739570e+00,1.108906087810670460e+00,2.082082044703422063e+00,1.947254035209790235e+00,2.988786087890465293e+00
8.133548765950580517e+00,8.049226586827360919e+00,8.040370675181030435e+00,7.888842846014477495e+00,8.043140293280300668e+00,8.026723818750504336e+00,7.893150777269092089e+00,8.159058352099247458e+00,8.106340516688460340e+00,8.099403545255633219e+00,8.025738018210526903e+00,8.101547343627750308e+00,8.044926681194601414e+00,7.837909057582439054e+00,7.979042955753691935e+00,7.948306177789582705e+00,7.943642541451586325e+00,7.827418472266728600e+00,7.978068764302411964e+00,7.917895525093305409e+00,7.916799522695381341e+00,8.018647702196634697e+00,8.050906948773484118e+00,8.064892821517013033e+00,7.892965874093406775e+00,8.037886503977823338e+00,7.985124352656877811e+00,7.953943788522303215e+00,8.076232709012908018e+00,8.049178389502612774e+00,8.091266628070210132e+00,7.922918491718404788e+00,8.024875174300209579e+00,8.001492635563620226e+00,8.003052789844449677e+00,8.091346920650838825e+00,8.171577863079269477e+00,8.123518638160989624e+00,7.903859084066570340e+00,8.057571463223915487e+00,7.919535537908008571e+00,7.915503471161556170e+00,7.961884987110744660e+00,7.989093597723068818e+00,8.077614571732590676e+00,7.799715531965635940e+00,7.870041300143694407e+00,7.958282944345948628e+00,7.921743766876612192e+00,7.847235927086365415e+00,7.787191442474703074e+00,7.669801488160407743e+00,7.531193151089544457e+00,7.404650039987295429e+00,7.891379413034654178e+00,7.894783709283408335e+00,7.865788545241047203e+00,7.795214847791688051e+00,7.693021100493393050e+00,7.543870245368907490e+00
5.219767038399909076e+00,5.080133561681728693e+00,6.406879963173794934e+00,6.105486248547376427e+00,6.007292918004476512e+00,5.288864238964597675e+00,5.177521486864071321e+00,5.265795103415548795e+00,5.171438562611164969e+00,5.548505732994546413e+00,5.849206789488668790e+00,5.654153556594827990e+00,4.823276933614153883e+00,4.951685415513066069e+00,5.209907932583776713e+00,5.350561171192501853e+00,5.314664838261951019e+00,5.573736788297172673e+00,5.663753552253792733e+00,6.490401408565029229e+00,5.412363257795329119e+00,5.141483953163984211e+00,5.147241876186252618e+00,5.016105793891238562e+00,5.424519612622277442e+00,6.497003458176740409e+00,6.490058578269987777e+00,5.732035939398931745e+00,5.247007105564976293e+00,5.500295669567296208e+00,5.603536052464873407e+00,5.770267354744492927e+00,6.262705004850801949e+00,5.655757832856243006e+00,5.423842389313960233e+00,5.328194247149315999e+00,6.188852780440296186e+00,5.682595434506686694e+00,6.085653534304308998e+00,6.212955554023813498e+00,5.473078708347433263e+00,5.483357154924463295e+00,5.639963566777442594e+00,5.500076397407982931e+00,5.379605783118669216e+00,5.734689612323759178e+00,5.930298877451292583e+00,5.575075157084816269e+00,5.598042536253761803e+00,5.369516025682979254e+00,5.215924328657845166e+00,5.964918163090543679e+00,5.573268530910855389e+00,6.260941671392791008e+00,6.349530513077652039e+00,6.180714613194811413e+00,6.252585701501748083e+00,6.347906376195883382e+00,6.228669085816711082e+00,5.816015979167104000e+00
1.932271277845088564e+00,1.094797338784381235e+00,2.171378336932750397e+00,1.930091469719064756e+00,2.088120922897318099e+00,2.833491072237123820e+00,1.608982057152792189e+00,1.386443151353108361e+00,1.099893317068710630e+00,2.084871107575977156e+00,2.196792912995217506e+00,2.072813779044574645e+00,1.608673517807645226e+00,1.755546559484619129e+00,1.944299076315080921e+00,2.083151805484403596e+00,1.106391806901697361e+00,1.920765731839241708e+00,6.863524012848757350e-01,1.386748280778649534e+00,2.193495960415823731e+00,2.062962723380357577e+00,1.943487366187765408e+00,1.098653083624152371e+00,1.948420974091456426e+00,1.791844354515389037e+00,2.199002895693547455e+00,1.611410643469438186e+00,1.385983162696357462e+00,2.563464570880892524e+00,2.482675403388352908e+00,2.636962218337172814e+00,6.855439341225880723e-01,2.299788489117424728e+00,1.381866726687379865e+00,2.198065666489279479e+00,1.391906343950291891e+00,1.946327110391698145e+00,1.946948410964806975e+00,6.907314976096360359e-01,1.385824611787951799e+00,2.198087673603277281e+00,3.141829864794169480e-01,2.302932338385913713e+00,2.196566891669886612e+00,2.294983504009201702e+00,2.198212284231801483e+00,1.391890532252181734e+00,2.211923349342507894e+00,2.194338592455581161e+00,1.792438955496889363e+00,1.792251366098079002e+00,1.793529138354987174e+00,1.946691907897446505e+00,2.710794508654166268e+00,1.941280232382265325e+00,1.118729986972113455e+00,1.955202375041207530e+00,2.996062953734493828e+00,2.831479154672536858e+00
2.943584496436181031e+00,3.989238604693341017e+00,3.179518368645824822e+00,3.093165634428584720e+00,4.592178123392182343e+00,3.396249108608056844e+00,3.369154639615065783e+00,2.773015528146631770e+00,3.043251641041762046e+00,4.111062942525590458e+00,4.006622246486768013e+00,2.710474617746118309e+00,3.294856280482430400e+00,4.108927190102932947e+00,3.219968539631871796e+00,2.484718181046070118e+00,2.890589179420162136e+00,2.707931156218566837e+00,2.836117854570927133e+00,2.711853648209511913e+00,4.991163876855980952e+00,3.296795801916190261e+00,4.023908726053098128e+00,4.451589127675893209e+00,4.040857066096409156e+00,2.945596970595918851e+00,3.245486273066664484e+00,3.133554339220983920e+00,4.231328468104037732e+00,3.936498096660455470e+00,4.891424977754970094e+00,3.176869547109920866e+00,2.831842595908121929e+00,2.890701521413168162e+00,2.768278091381829231e+00,5.246217685720242940e+00,3.043259742237443000e+00,2.999042751911594973e+00,3.098736166703872197e+00,2.717502918259238953e+00,3.559730185553710680e+00,2.995575723761647602e+00,3.828645030632896962e+00,2.942853713631032875e+00,3.694561461253966339e+00,3.424506973136138832e+00,3.297904907835457866e+00,3.255354093119034342e+00,3.605000042930971649e+00,3.555689564923813162e+00,4.058608055729927777e+00,4.125578468065273618e+00,4.139205067332969001e+00,2.998069857695512486e+00,3.367691468158013013e+00,3.878133888036920052e+00,3.090383134759514761e+00,3.548896690250393338e+00,2.638320203960515808e+00,2.544065761420686744e+00
6.736405287396966202e+00,6.993347162194880617e+00,6.677794811332231184e+00,6.914171159442930481e+00,8.168068015593924258e+00,7.341299681266107768e+00,6.961810700003131736e+00,6.821522555057838666e+00,6.770486639357940817e+00,6.633908537649425341e+00,7.060196782078778099e+00,7.748643335807637200e+00,7.214188810607836899e+00,6.961964614252281081e+00,7.136128823080292172e+00,7.074552978174181384e+00,7.123405429536386890e+00,7.053780568867648704e+00,7.857574064298801453e+00,7.603123778164845525e+00,7.218233127276311833e+00,7.489772684224226040e+00,7.140296042066458071e+00,7.557567634357492459e+00,7.284471699648754850e+00,7.758281816639372330e+00,7.338386093034254820e+00,7.459745285687357175e+00,7.159529640392090499e+00,7.122640112723890304e+00,7.265205298024294933e+00,7.256647284929385044e+00,7.815448970644466087e+00,7.557283786412665627e+00,7.194324439299502494e+00,7.019291652909562806e+00,7.046064602875555138e+00,6.920342934982136818e+00,7.345944201709198040e+00,8.103937379350844239e+00,7.448902538951583274e+00,7.453992268265205112e+00,7.487549361911033152e+00,7.148813588499166372e+00,7.106923147275732155e+00,7.314881255026588036e+00,8.204638695148124938e+00,8.337812024288327351e+00,8.006629661515434648e+00,7.367613122348857679e+00,7.268308192986024707e+00,7.284699457323460692e+00,7.299894532733907759e+00,6.950898956948711849e+00,6.788545649781574376e+00,6.954922353044167060e+00,6.857839875801778007e+00,6.695498100787085072e+00,7.608697261519457911e+00,6.940641380127518190e+00
1.323458729274663349e-04,3.007101401799388771e-03,6.919549009954748531e-01,6.926450859966214457e-01,7.451476444739543866e-04,1.371476459221662204e-02,-1.169859876208548081e-03,6.904815157925587865e-01,-1.273636686757478528e-02,1.395006531978022464e-03,-1.563128484933151360e-03,2.488373011147856570e-02,-6.601449415833941401e-04,-2.712779224543352893e-02,1.128509849906347146e-02,9.893991686850719391e-01,7.452035520923274217e-03,5.628113805386915081e-01,-1.374994654486409555e-02,5.645935996194014761e-01,5.825685579446545637e-01,3.246194206609499533e-01,2.199471687427581937e-02,6.914397832323700976e-01,1.363856563163329705e+00,6.416798021709674282e-01,4.347350675778852841e-03,5.874602385350536915e-01,5.684726329617804108e-01,6.031734728365325537e-01,5.710323269238666288e-01,4.052026728593365046e-02,8.113897022530701664e-01,1.314673078187045929e+00,8.635238906399805847e-01,1.613130935456214693e-02,6.381134004631909828e-01,6.256312759650176636e-01,5.257745389548609261e-01,1.034544858683284163e+00,1.031146951062250849e+00,4.323375695289081999e-02,7.131126148658260833e-02,3.168838125630055874e-02,5.754399562614822550e-01,3.402647834728984855e-02,6.087376457719160389e-02,-1.984681783928519960e-02,5.375345988711182077e-01,5.784142932220103228e-01,6.446283414617989260e-01,3.655970609913380409e-01,2.633493170402834704e-01,1.360915732613651903e-02,1.026139285276507440e+00,5.923344989609209410e-01,4.530464926163673550e-02,3.426843411173036147e-02,6.146843044074480344e-01,6.229402486905325498e-01
3.764137839504512861e+00,3.759541628817650860e+00,3.988527287606705496e+00,3.443100152072241293e+00,3.828067652887821914e+00,4.246081973161698997e+00,3.889872439156917494e+00,3.805904722301202359e+00,3.806423780539851975e+00,3.583512077571204379e+00,3.661442935173544910e+00,3.851797735618461616e+00,3.952964277312104535e+00,4.062793268100940658e+00,3.931309410366275348e+00,3.761196119979119512e+00,3.869905607185414986e+00,4.064218393776957150e+00,3.850448135000659189e+00,3.893073800948601448e+00,4.005682158080992927e+00,4.368422498695252898e+00,3.932567664711763999e+00,3.988662477294763420e+00,3.894502483069999688e+00,4.194720824551819938e+00,4.156964594621102904e+00,3.892648001085577292e+00,4.342693940021007393e+00,3.806549972863873865e+00,4.160146878350765576e+00,3.756352223704464866e+00,4.162696290744679395e+00,3.714140461005014604e+00,3.967469191809949169e+00,4.141634769662247528e+00,3.806219659865340166e+00,3.736056159069276905e+00,3.751573685050341389e+00,3.913331082915482817e+00,4.124790526233619303e+00,4.294714686704340423e+00,4.202868030899245433e+00,4.189269811337613447e+00,4.498770551649301730e+00,4.157401875855026852e+00,3.802688723711697527e+00,4.275609299932595420e+00,4.423979017182161577e+00,3.868768861693363537e+00,3.989482101943745640e+00,4.081858165110545222e+00,4.346092792045898712e+00,3.930552372866609190e+00,3.788133922835911438e+00,4.022082828245407526e+00,4.212623700323161913e+00,4.157573718226698745e+00,3.957196497712279992e+00,4.110804531124827577e+00
3.247688337813938286e+00,3.495955573095738789e+00,3.549988255632526180e+00,3.557370201885946326e+00,3.829322385304333221e+00,4.004624433995460642e+00,3.392638226316285976e+00,3.534708289223402300e+00,3.666794554422540653e+00,3.329435737469395029e+00,3.443138258887250114e+00,3.490242944603183517e+00,3.492663849571405077e+00,3.286818003972373781e+00,3.242847244708691345e+00,3.657575566211995532e+00,2.995005092190187401e+00,3.361907255385594873e+00,3.611170089522426352e+00,3.532385900343614882e+00,3.369409398312523951e+00,3.492518935303809968e+00,3.400515673953093732e+00,3.090633177576641355e+00,3.131392077631257376e+00,3.524896790512474620e+00,2.890830379479794043e+00,3.185072028611730222e+00,3.580545726702152987e+00,3.268201140156016482e+00,3.466352462040147575e+00,2.834800680363481540e+00,3.434166091572727009e+00,2.999356975477654341e+00,2.948942047248377829e+00,3.063927320555138500e+00,3.096631733923481011e+00,3.377625959765571562e+00,3.220074290945730056e+00,3.215436734498467786e+00,2.893187779390683723e+00,3.364061574724900083e+00,3.409237449937886133e+00,2.893500303914939842e+00,3.365583824005100588e+00,3.091733547018891137e+00,3.091939165066066142e+00,3.362794472630695086e+00,3.294408513262314209e+00,2.946464164967938171e+00,2.993631588921982889e+00,3.713808993738067610e+00,2.833149702406010384e+00,3.783441209894208956e+00,3.693847668166781784e+00,3.295792448007192732e+00,3.095600428632550916e+00,3.290584324175876318e+00,3.806526807737204976e+00,3.042701056327234976e+00
6.685426963003886947e+00,6.582171753244359103e+00,6.754905220641341579e+00,6.872905587963759722e+00,6.941766062472185972e+00,6.572959841304997219e+00,6.513613769914122997e+00,6.213536309348532072e+00,6.324712197641438216e+00,6.377789058199194727e+00,6.553220648980952134e+00,6.702163493311508624e+00,6.372407209526544491e+00,6.272929132427927712e+00,6.273963231513334904e+00,6.427467281233965934e+00,6.310225109134889543e+00,6.546158913066194351e+00,6.760642747152657783e+00,6.466543853879441528e+00,6.421610936754213128e+00,6.432776383291950673e+00,6.333651074136357195e+00,6.395326677093415846e+00,6.513724978042691127e+00,6.868949224468111403e+00,6.459019608777489374e+00,6.468328782915929942e+00,6.288996555909371899e+00,6.350236709996408990e+00,6.462714833639108036e+00,6.626799735956736548e+00,6.790903801795501238e+00,6.371388367774979855e+00,6.426953356866510703e+00,6.283516323037258822e+00,6.255047609855455271e+00,6.390319166617927316e+00,6.663496745509118746e+00,6.678213555221961251e+00,6.467939812326517490e+00,6.374489798574123789e+00,6.263988416783989877e+00,6.317223681615920405e+00,6.340926350351745455e+00,6.564525493053855243e+00,6.717078243189127384e+00,6.435291284331753126e+00,6.314514485987352543e+00,6.400808066730953705e+00,6.471245068396180855e+00,6.322148809616826348e+00,6.725907124980736285e+00,6.667334086231136325e+00,6.411672321156893339e+00,6.373298633000248792e+00,6.325198815721786438e+00,6.375462764948820471e+00,6.399344816239382006e+00,6.140440958479502775e+00
7.792800781727734716e+00,7.688568073134389280e+00,7.592926697388227453e+00,7.643047586057755360e+00,8.097328636937916713e+00,8.169355629586970480e+00,7.689338870404943904e+00,7.632798222009217426e+00,7.655033877482252613e+00,7.468678920965344581e+00,7.567665912174687648e+00,7.839353644260029341e+00,7.686610168141495336e+00,7.556238387764532050e+00,7.724036164953421491e+00,7.660052986679245279e+00,7.513065857815226956e+00,7.511687869740533152e+00,7.709166001374066823e+00,7.496637179849953370e+00,7.719161974656824299e+00,7.504344632380406388e+00,7.370052509662995632e+00,7.267736246024529834e+00,7.952447069648075129e+00,7.665604586852365010e+00,7.689109342258360513e+00,7.826059433967369472e+00,7.719911276578626413e+00,7.401692597158238129e+00,7.278716504341497640e+00,7.682699360535926836e+00,7.534186985639183654e+00,7.388755082514767203e+00,7.545273900843305626e+00,7.447227783760113518e+00,7.844075049221914675e+00,7.383543878444253750e+00,7.374242126348561577e+00,7.565636666311571723e+00,7.631662935522093072e+00,7.510696102800736185e+00,7.778106910367327487e+00,7.495756735494419232e+00,7.324054904360966844e+00,7.407239261825202981e+00,7.618475142234561126e+00,7.475533384662073288e+00,7.705177077836452781e+00,7.471794600213649495e+00,7.310000381059786889e+00,7.236627115775725372e+00,7.489201641027514178e+00,7.769581653647513519e+00,8.339752651658548288e+00,7.880537863173114665e+00,7.801827025189007614e+00,7.645790153841308445e+00,7.425194926266502016e+00,7.333804241696144643e+00
5.288246859458292981e+00,5.281631133794717492e+00,5.167367106412245725e+00,4.621033130112521370e+00,5.110688369220747873e+00,5.253567607776241211e+00,5.260238694621998334e+00,5.559826548506486610e+00,5.420002346348923083e+00,4.892950819953604480e+00,4.878149353620338857e+00,5.041293486633655618e+00,5.364863686154238920e+00,5.356949596432005301e+00,5.318053914585609832e+00,5.176622101103846241e+00,4.987365255774511397e+00,5.261830178713963413e+00,4.945254555768172189e+00,5.224463384595759763e+00,5.257845817053973470e+00,5.047540943230627519e+00,5.060531582247989490e+00,4.780767628584013273e+00,4.862273057574621582e+00,4.817005287037777528e+00,5.438887168260249538e+00,5.431242103158844259e+00,5.302113588322122872e+00,5.164725981415464240e+00,5.412456424242801489e+00,5.243902939922466366e+00,5.318145345174652761e+00,5.452666189824139309e+00,5.396338301959024086e+00,5.402681243972624614e+00,5.380555695806624961e+00,5.366899217117682142e+00,4.995749150588315146e+00,5.021635876141171906e+00,5.489366164742149223e+00,5.142434064804402460e+00,5.273587580471613023e+00,5.141945104043951886e+00,5.012279015227301571e+00,4.805173983100669233e+00,4.941123941927231478e+00,5.123637469555820445e+00,5.244263254310266298e+00,5.109539670492685204e+00,5.051404712602757918e+00,4.857106992907436194e+00,4.872340262646019937e+00,5.107455746283551257e+00,5.259879562179696322e+00,5.369951433282117215e+00,5.257974910757580389e+00,5.137424083786550355e+00,5.281542075919262835e+00,5.270172879282113421e+00
9.361521360145532711e+00,9.270913438902686821e+00,9.272340705319834342e+00,9.375418944672876620e+00,9.367700527929038401e+00,9.206967758623930465e+00,9.194580328144628112e+00,9.128364862767861965e+00,9.127177306604842499e+00,9.202320339298498908e+00,9.253580571024958346e+00,9.243185822010818953e+00,9.247369203032675955e+00,9.033344967057592712e+00,9.121677523069136484e+00,9.098189302709229764e+00,9.208269428279576729e+00,9.182301571065528023e+00,9.318532968777157421e+00,9.222276622397163948e+00,9.113536776245011239e+00,9.097729724291587772e+00,9.053861884403811899e+00,9.001171249294143806e+00,9.243716527991516330e+00,9.249757179374112681e+00,9.050104484837133256e+00,9.114636212762633249e+00,9.074124382888241414e+00,9.011219251063373292e+00,9.043517135330644052e+00,9.065880143769739163e+00,9.132594380942082424e+00,9.178211758646012797e+00,9.131844137748542423e+00,9.106537815960969340e+00,9.039757079116622407e+00,9.047679607475631158e+00,8.950722858151015870e+00,9.146981766277137993e+00,9.099651296358983288e+00,9.085145206327322143e+00,8.998703655841726601e+00,9.025305516368634429e+00,9.009939753632727033e+00,9.150089034703290380e+00,9.059139747039354873e+00,9.005898982180006840e+00,8.992882332967107928e+00,9.026808615816218406e+00,9.009835662566228365e+00,8.948965057460240402e+00,9.041339998454375859e+00,8.909707015549161113e+00,9.120073199114623108e+00,9.319398188586577092e+00,9.325257133539750498e+00,9.377152371620065097e+00,9.144667657804081529e+00,9.360497050232531535e+00
2.304161475064817388e+00,2.775752181407839636e+00,2.770805531894391827e+00,2.772586497196514621e+00,2.487191080866045123e+00,2.703812310636331429e+00,2.079833365085562935e+00,2.226514242594403115e+00,2.839520753554236165e+00,2.078081873839364935e+00,2.994788263379988269e+00,2.944427639845959899e+00,2.484792444832461200e+00,2.200262239775868434e+00,2.704680944027473721e+00,3.177020585085816862e+00,2.079607389793616257e+00,2.762964529750679521e+00,2.708626769182979732e+00,2.302428648659325283e+00,2.565998711956939626e+00,2.483727021607593954e+00,3.088406131449853209e+00,2.211222474045416053e+00,3.661924247307632552e+00,2.888975852299223934e+00,2.903805656620983555e+00,2.396770544602764730e+00,2.196958970875751760e+00,6.284711693183019143e+00,7.395190911671770451e+00,5.003648142828395429e+00,3.636311108853339746e+00,2.889079721949052271e+00,5.167003735103731898e+00,3.968768800366964111e+00,3.179789922738324837e+00,2.836879954369815326e+00,2.570171668820544042e+00,3.259752481833794846e+00,3.084398905916641453e+00,2.767178952959691518e+00,3.135062122164252063e+00,2.772800857898894300e+00,2.704612855835494045e+00,2.482863496080742305e+00,2.194841345256295373e+00,2.943467526051518846e+00,3.010603131687197287e+00,2.074727944152931158e+00,2.196814279333081377e+00,2.494558273368230328e+00,7.286551909671314498e+00,5.373281061488142996e+00,3.253853082658358709e+00,2.593190731743943989e+00,2.884574910437017969e+00,2.429790217395360941e+00,2.400141565586404901e+00,1.956716923441504052e+00
3.134127003117735288e+00,2.396447624585741121e+00,3.134332358050811340e+00,2.833342670555602627e+00,2.773401103889252539e+00,3.988938782364843672e+00,3.043275976151681661e+00,2.995159403120100539e+00,2.303521841845782792e+00,3.329959056671609741e+00,3.257878119061611955e+00,3.329760933227080777e+00,2.564957308134730773e+00,2.397191315540382117e+00,2.484259161287888151e+00,2.888692370086211714e+00,2.832482988160421655e+00,3.089235705334205218e+00,3.044647795844561688e+00,2.832156053312354427e+00,2.890099465069987161e+00,3.216899604934963186e+00,2.773619740680961510e+00,3.134293968467434688e+00,3.091111390218426180e+00,2.834295684585088626e+00,3.177071964613271682e+00,3.043337425246919192e+00,3.089688272254873525e+00,4.024875102400873317e+00,4.715528112359289814e+00,3.783329033768386918e+00,3.466250419569315788e+00,3.366126650947814714e+00,3.366648885395204793e+00,3.465736065824845724e+00,3.527109311395993263e+00,3.400386040514660646e+00,3.609763704550114749e+00,3.713067568012521580e+00,3.581968804194160860e+00,3.400106343573458645e+00,3.257121306234311398e+00,3.582339842778142547e+00,3.553875430776299638e+00,3.499869833363254301e+00,3.526239396506241075e+00,3.497474948503848324e+00,3.463601930091869452e+00,3.742287348460324292e+00,3.400402556599170900e+00,3.330769159525035938e+00,3.554851900230091566e+00,3.295757133986948251e+00,3.581284318727909088e+00,3.712614235192175371e+00,3.435009013561261870e+00,3.328481480358918443e+00,3.135290283690688184e+00,3.259741470092312188e+00
3.177910899784775367e+00,5.437872285257883576e+00,5.603993636632785602e+00,3.990062309290189013e+00,4.771373708101286581e+00,3.373856671485086611e+00,4.289426491104668671e+00,4.989967680796379312e+00,5.305698699721554945e+00,4.496862489344223057e+00,4.624759335255354209e+00,3.612286939765488203e+00,3.218374388028166333e+00,4.158452485944010846e+00,5.429859000530311341e+00,3.661859158695660366e+00,4.296888196201825494e+00,5.112108765848310199e+00,4.112372209179740778e+00,5.362759179069212401e+00,5.177865069053384950e+00,4.607488081948996061e+00,4.995406143182858472e+00,4.205185478227464024e+00,3.215985202818899769e+00,4.454075303516515483e+00,4.462861014860533437e+00,4.230235918456854982e+00,3.737888917251092291e+00,4.865040446058013224e+00,4.186810593677932069e+00,3.963200435661723198e+00,3.178565324161602312e+00,3.949688079557556630e+00,3.951919718753085675e+00,4.776427809962902060e+00,4.959583194957975394e+00,3.355467282899097015e+00,3.637616300741403297e+00,3.735814367113578172e+00,4.460721582217128223e+00,2.886719524864397535e+00,3.177528127058177887e+00,4.771352294030155150e+00,4.531884604794022664e+00,3.831416602518138870e+00,3.714940258693122388e+00,5.540090001202659487e+00,3.637821823346465422e+00,3.293840687582680005e+00,4.753046744379144428e+00,3.606908594656484279e+00,3.904883632480824929e+00,3.088980458160309084e+00,4.745109063741206334e+00,5.439718491919255605e+00,4.956139540502038976e+00,4.055984270045017936e+00,4.542239526329371557e+00,5.376815321429368133e+00
2.196730985399854230e+00,1.791658597226550853e+00,1.608990759111745605e+00,1.791859580858098822e+00,1.792438033986577528e+00,2.079136991011096836e+00,2.080342969789710672e+00,1.791406138571838724e+00,1.948018042615951240e+00,2.640027397026692757e+00,2.079531194464358190e+00,2.080251959284317831e+00,2.079313014313047159e+00,1.605884745669338809e+00,2.943727551474860427e+00,3.496641737569915254e+00,3.493931865524501745e+00,2.943014654687756693e+00,3.256645319794811755e+00,3.398877641344216549e+00,3.932211715094481530e+00,3.685398059642158053e+00,3.366183442960581473e+00,3.218690458004403787e+00,3.467998781320570156e+00,3.091445786115187389e+00,3.092256633396044396e+00,3.366219781087152807e+00,2.638752607179329246e+00,2.637680583462524986e+00,3.917006905055098187e+00,3.331132548195470999e+00,2.719207717085222242e+00,3.609982882521324488e+00,2.568473414758689621e+00,2.636665725239215163e+00,2.483719618195140200e+00,1.946144266391873323e+00,1.615296758441826519e+00,1.612232032172709495e+00,1.947151111892020614e+00,2.402286755706699584e+00,2.305398175874735944e+00,2.194947472459972015e+00,2.706515321717151146e+00,2.637371987514247618e+00,1.945497954890976544e+00,2.197970827617404588e+00,1.941796845307852903e+00,2.393086845359612802e+00,2.078214809034226729e+00,2.565597607008433645e+00,2.299727565469794399e+00,2.772607539259725140e+00,2.891263030576562532e+00,2.988189897065084200e+00,2.769052479995528504e+00,2.770566434216415796e+00,1.606637064781031743e+00,1.791732732204821987e+00
7.229038262831153361e+00,7.181755596424861388e+00,7.223843392565024502e+00,7.242592240329374320e+00,7.383039784971207276e+00,7.288693406156694365e+00,7.200628360571442954e+00,7.290387944757416250e+00,7.259117821848586338e+00,7.229604620387632963e+00,7.297034224345524400e+00,7.250931595898665094e+00,7.187907229416411248e+00,7.195663459467686707e+00,7.196232842177241906e+00,7.237563844415484837e+00,7.213998828476184677e+00,7.298466218731567423e+00,7.422945428596229966e+00,7.336392198081513882e+00,7.205165737179937580e+00,7.166764900288386642e+00,7.215575675242596354e+00,7.196626090906719675e+00,7.290010163836700308e+00,7.347412590459907911e+00,7.253971518356828518e+00,7.252665301053467850e+00,7.225973600149680820e+00,7.202366526283800141e+00,7.258922843764024080e+00,7.307168028890046685e+00,7.430075046522157223e+00,7.293990419817911963e+00,7.289230022259075348e+00,7.343693149778042439e+00,7.277227212993606642e+00,7.240975307936066585e+00,7.417662953076333388e+00,7.411469190194750922e+00,7.298403099489684465e+00,7.260894785400195950e+00,7.239679034515283718e+00,7.280425636583283122e+00,7.234070675676605333e+00,7.273024840022779713e+00,7.360079924205949808e+00,7.306100336558387198e+00,7.233135601109975887e+00,7.218214408975343055e+00,7.188033457069706422e+00,7.228099808710712004e+00,7.251141600292491773e+00,7.219328296710391335e+00,7.194413975025307550e+00,7.263964651119288796e+00,7.136805499904422589e+00,7.152520486688261236e+00,7.056211662909959159e+00,6.669064167967026613e+00
3.278185026907263655e+00,2.714205220611923153e+00,2.194591424865282026e+00,2.208638380220521835e+00,2.637415058107690502e+00,2.995111424970169800e+00,4.068116480660346035e+00,3.496737163223532896e+00,2.716227685034668493e+00,2.087471726888611823e+00,3.096893095969829979e+00,1.611475484932856306e+00,3.228552404983054736e+00,3.596161365335934335e+00,3.346476191844975467e+00,2.505827976718382644e+00,3.082690331975084685e+00,3.036091963915942493e+00,4.154894126438500201e+00,2.890194856522852795e+00,2.397748058739386234e+00,2.074061394992949392e+00,2.837567181341155820e+00,2.834494031084732857e+00,2.785428910823703141e+00,3.845244900251841624e+00,2.891217590540340332e+00,2.486385833307199533e+00,3.399298046184002775e+00,3.141910752655055372e+00,2.303161087730657641e+00,2.407252275676230457e+00,2.833507278442291444e+00,2.302323526253676089e+00,2.772032559625432491e+00,3.639005195145946114e+00,2.196653107913313363e+00,2.785097763469856602e+00,2.638972877409703877e+00,2.400311203062168275e+00,2.845242848294957660e+00,1.610658674816375813e+00,2.192914448588244802e+00,3.135689191779257534e+00,2.564656645368088572e+00,2.710260748088244132e+00,2.484251693623348523e+00,2.832852527308942214e+00,3.195991274887533873e+00,2.707130864555859162e+00,2.301988647609853889e+00,2.078997159300019604e+00,2.708265880045855223e+00,2.397856481880909829e+00,2.487071946040616321e+00,2.485135839906961852e+00,3.553497881768849176e+00,2.198180472528159957e+00,3.781663964706087899e+00,3.433737813759447643e+00
5.557674160008930997e+00,5.941727811960520356e+00,5.904437961113662148e+00,5.658298080610553171e+00,5.669678077726341137e+00,6.398826356163082707e+00,6.333643751810360101e+00,6.258908039343537233e+00,6.309906374422423525e+00,5.935517815440241485e+00,5.467450735567443765e+00,5.713280770582725765e+00,6.323313379694267766e+00,6.346992409101914312e+00,6.045481734108972383e+00,6.028102589756400675e+00,5.756138286217923117e+00,5.242791939414126468e+00,5.278287961044425103e+00,5.642423435868479054e+00,5.855346292002150399e+00,6.057926992079752715e+00,5.802969540057237197e+00,9.651555521202515919e+00,5.244379263316908180e+00,5.399331447716041232e+00,5.720769588684988527e+00,5.817206346983900822e+00,6.101112326660500962e+00,5.872091434553538214e+00,5.683898847237055740e+00,5.230358337226716614e+00,5.438710408037021438e+00,5.846601930783666745e+00,5.876190674302474548e+00,5.848354352815827717e+00,5.697444741332168050e+00,5.375418046570326069e+00,5.175520975413407498e+00,4.971460573827802598e+00,5.472392347269212642e+00,5.645555434820233032e+00,5.588452496320206464e+00,5.481969710649526206e+00,5.122671209280892590e+00,4.700535026014803996e+00,4.913658560967764544e+00,5.231444647359847266e+00,5.246429605122560069e+00,4.936079811028909248e+00,5.886297606329666365e+00,4.859328866531491542e+00,4.441638770322494878e+00,4.000714321779659244e+00,4.882757711843032311e+00,5.204143977372514662e+00,4.925832302482655578e+00,5.642747645303494153e+00,4.843594887624279366e+00,4.416997753864825071e+00
2.080394531200292718e+00,6.969506367166750094e-01,1.792063183758966449e+00,2.564875817442023198e+00,2.197423395824658954e+00,2.564435729946737741e+00,1.792184533654616718e+00,1.610000469334250672e+00,2.197546733275946629e+00,2.484527863744134812e+00,1.786927335996402633e+00,2.079744053406246795e+00,2.197572608731322319e+00,1.790351769668848902e+00,1.790479278802697527e+00,2.079268397676390823e+00,2.197982669008732071e+00,2.194023509803646910e+00,2.080252533232163970e+00,2.196189451792567304e+00,2.302689658830818331e+00,1.791810058207516709e+00,2.484835580992495352e+00,1.947753636139947897e+00,2.829825290512862690e+00,2.640198482576921357e+00,1.100681814115333612e+00,1.944273324764629329e+00,1.790098918206681544e+00,2.080111370240455670e+00,2.197754176124837144e+00,1.941098130153724233e+00,2.564372356743290116e+00,2.078045223293011556e+00,2.484313124540362683e+00,1.792591128506463516e+00,2.635276812996176332e+00,2.993121718331909431e+00,2.405715908610019049e+00,2.480612507892784535e+00,2.194182229816059593e+00,2.079805508793945545e+00,2.706116380522891163e+00,2.195245133053427722e+00,2.489665023720998960e+00,2.196002575792500799e+00,2.399269683856806168e+00,2.303328971908843670e+00,2.644592520831549276e+00,2.195066515198148771e+00,2.485247865991807803e+00,2.078732063951359788e+00,1.608456163440638909e+00,1.789998647908551677e+00,2.303023005862950168e+00,2.774520903161838525e+00,2.691139428381890131e+00,2.830632034419816367e+00,2.637473632317901995e+00,1.380833639315191652e+00
7.133612898564052784e+00,7.046305284132617253e+00,6.872168821741686529e+00,6.320717312370064178e+00,6.448186870165907969e+00,7.162203138677217140e+00,7.093027850380956068e+00,6.850249003644753643e+00,7.036362480315966117e+00,6.790947849823173676e+00,6.444342948620089828e+00,6.625986568827392453e+00,7.179458000180620303e+00,7.160432717871594299e+00,7.227997165037920446e+00,7.097349778345441784e+00,7.008909957878326047e+00,6.268742288445430688e+00,6.439502141362968501e+00,7.048256561013197086e+00,7.035282646964822639e+00,7.042164278760679075e+00,6.997199218548481703e+00,6.982626977090851561e+00,6.316821430856530029e+00,6.390920041790915107e+00,7.119648337666479421e+00,7.040446281122909156e+00,7.089720842481706420e+00,7.022101396162430120e+00,6.812203365091305862e+00,6.546253975323873320e+00,6.417013668871630827e+00,7.161802715323132063e+00,7.116732228409773597e+00,7.118912812554437863e+00,7.063303428010116569e+00,6.817897747099491035e+00,6.270697775140064323e+00,6.439372731087424917e+00,7.359508178467302209e+00,7.104610264568044897e+00,7.150070161545178493e+00,7.118219852603274944e+00,6.912726749079097566e+00,6.244103036673926077e+00,6.371609038661631530e+00,7.228628038429857128e+00,6.995757259163612574e+00,7.074863986838452412e+00,6.925253703964606267e+00,6.727925336942024437e+00,6.097927054675760239e+00,6.147697478024019446e+00,6.370279978179860692e+00,6.776560580417599233e+00,6.892095236070865383e+00,6.687433291056621876e+00,6.660958573274591288e+00,6.158417741556156066e+00
6.274125468448090402e-03,2.634871673383421431e+00,1.102334877258404955e+00,-8.906978519426048471e-03,-8.030952319466837588e-03,3.628876749777140698e-02,6.844332648116081552e-01,7.115286054627255607e-01,6.871572944170998287e-01,2.428719978835501170e+00,1.074678809052760142e+00,1.725414682172464076e+00,1.086840316947842000e+00,1.700279062426204968e+00,1.768356324708952876e+00,1.899801864519122363e+00,2.140252687262909959e+00,2.598509253601382962e+00,1.364043410155630021e+00,1.087968527016718756e+00,1.991469700425414491e+00,2.202622141749466689e+00,2.154529096850125391e+00,1.943981545843912473e+00,2.472964996205023969e+00,2.701018830777976998e+00,1.702105528116790722e+00,1.497780535146578273e+00,1.871998217958932287e+00,2.347900112840549447e+00,2.666933069196898654e+00,1.881623837854170533e+00,1.861470703392624548e+00,2.161776876120974133e+00,2.169793785298856914e+00,1.536961876762640955e+00,1.513751662329882119e+00,1.558662529135071750e+00,1.539054275563650043e+00,2.133151707494563620e+00,2.089892390806644684e+00,2.367796844281127466e+00,1.753160287683561913e+00,6.031319384685539520e-01,1.905232129447913092e+00,2.153660973585655114e+00,1.922875098889504031e+00,1.490112031222977640e+00,1.766780590165894838e+00,1.387333160375015417e+00,1.744844583487709100e+00,2.568833728567875951e+00,1.840829340370783607e+00,1.298768529098145441e+00,1.749634175342602127e+00,2.036828990496119207e+00,1.975132034226482869e+00,1.336734439188318690e+00,2.703149493736287212e+00,2.603330729005869593e+00
5.842783994777738243e+00,5.664289263691907550e+00,5.704206590451554426e+00,6.157834014181756466e+00,6.278161778301240226e+00,6.043468344795858371e+00,5.699901860617631044e+00,5.338448394452799839e+00,5.599573619130291391e+00,5.589473736675301119e+00,6.419276130727535445e+00,6.078631524293045096e+00,5.975658581911107881e+00,5.702889102246726516e+00,5.537474630623847816e+00,5.528821527035272076e+00,5.475210814524468894e+00,5.536780071807579695e+00,5.988589037829279427e+00,5.672887639361527512e+00,5.356652448130451383e+00,5.386264627869423727e+00,5.262603829979081382e+00,5.169057779946451880e+00,6.445604695886246738e+00,5.997053513326846996e+00,6.288342394947783021e+00,5.981160216358116344e+00,5.402277840290969024e+00,5.378430607856653722e+00,5.304841973500096231e+00,5.349975144897614499e+00,5.745197129587868545e+00,5.569967764001402699e+00,5.133000646428650171e+00,5.266550056350746800e+00,5.246116083329120272e+00,5.376350339348985763e+00,5.490608912054949720e+00,5.586372269275096336e+00,5.524998002544698750e+00,5.105763085088611319e+00,5.203699518092955500e+00,5.292158870114743507e+00,5.298565562495247683e+00,5.326411951007385071e+00,5.513160688825158751e+00,6.013746731695260195e+00,6.147998928406813057e+00,5.643435502649077229e+00,5.434813402257939075e+00,5.365282828946276616e+00,5.311625522185846826e+00,7.481350515038535320e+00,7.222659944691012690e+00,6.381180874256823010e+00,6.142136598856680507e+00,6.647478613084099486e+00,6.191518699051487218e+00,5.913481622784402703e+00
6.551401174411449979e+00,7.163894814782577392e+00,6.400422373809938392e+00,7.000407941883384666e+00,6.706039203699432072e+00,6.535328528215035959e+00,8.147786829170238221e+00,7.283005236894719125e+00,6.756714303778761810e+00,6.693463452370375322e+00,6.588919490904756593e+00,7.387209778255605208e+00,6.529140649991219902e+00,6.749181605040972087e+00,6.443604576250609561e+00,6.484235622253000209e+00,6.494271803355021078e+00,6.595211449161801021e+00,6.667955180810737126e+00,6.229730280768071005e+00,7.292370279393185939e+00,7.116531504149270049e+00,7.514689508763699344e+00,7.150781008632748126e+00,6.855290340156937390e+00,7.984536348184236410e+00,7.640240532400620843e+00,6.877704745945730558e+00,7.346818671422479241e+00,6.787792342541172808e+00,6.843590780083451897e+00,6.514458656294834782e+00,7.467186727152972381e+00,7.141612338581965425e+00,6.839294103369539357e+00,6.863348562222119753e+00,6.783011788784233609e+00,6.539750258703612040e+00,6.782029587309350127e+00,7.111627337620269884e+00,6.339030496427293215e+00,6.530986182678020668e+00,6.455244679511949357e+00,6.955676088527204648e+00,6.581179281259702307e+00,6.460555029593736620e+00,6.436472611596896876e+00,6.469481669679085556e+00,7.500446603366692777e+00,6.464464631848573006e+00,6.387072220470381367e+00,8.275700801425086794e+00,7.798420005628647012e+00,7.954429122747348480e+00,6.841007906232604796e+00,6.965617785513063431e+00,6.779525993594339717e+00,7.169509699842914863e+00,7.816528849524067901e+00,9.137657994536988681e+00
7.079888526759862133e-01,7.348282710260443107e-01,7.272768781655193360e-01,7.092999701008164681e-01,7.019475962500568711e-01,6.874026132022965641e-01,7.144685868664520934e-01,6.928306853396072329e-01,7.052136631068702810e-01,6.961858994369990450e-01,7.037612009705427329e-01,7.206244982348107841e-01,7.053957202539772320e-01,7.132242939260173831e-01,7.046077397655404750e-01,6.708576105254946409e-01,7.177130791480428318e-01,6.733693047904446560e-01,6.930081530515884713e-01,7.056986679750162361e-01,6.836646041740781499e-01,6.894112875699720533e-01,6.985682255903618021e-01,6.960147874967792525e-01,6.825714292916393866e-01,6.561001289265521175e-01,6.882355952666784349e-01,6.659900451379033859e-01,6.521278895343816107e-01,6.559405750407100166e-01,6.783020942891297977e-01,6.947996034901042783e-01,6.791188298234827059e-01,6.589455238497270440e-01,6.477865897933219319e-01,6.888525637014089043e-01,6.439680707598627318e-01,6.602679016265435852e-01,6.815057256682652831e-01,6.407525164839651399e-01,6.603747297573160369e-01,6.420531068054340373e-01,6.745464581192045506e-01,6.618764638375412845e-01,6.665985920597202741e-01,6.865531398998806489e-01,6.360842397567043616e-01,6.707577418069625708e-01,6.342058117632495273e-01,7.014480096650133056e-01,6.766450433029832512e-01,6.829035176649894678e-01,6.580955655906201018e-01,6.927590378781117719e-01,6.650489178872546203e-01,6.792530647034038527e-01,6.731970014280463932e-01,6.734677449730674947e-01,6.616447576836012034e-01,6.772803589706083427e-01
4.727071277783813308e+00,5.122908483801172252e+00,4.673951215155395467e+00,5.067730713591013902e+00,5.181036050041911700e+00,4.585637559165333776e+00,4.820685722416272689e+00,4.794336996017400487e+00,4.726520320537030528e+00,4.532699631514217842e+00,5.037519298749475460e+00,4.803566679820852059e+00,4.867840386132230357e+00,4.853165216020465245e+00,4.644228450288371057e+00,4.575950128481708568e+00,4.486575366911882412e+00,4.811624210202745111e+00,5.400474268591614724e+00,5.505028187153163444e+00,5.417152169363701475e+00,5.482029900184035576e+00,4.852125928315358827e+00,4.935161294370034923e+00,5.094697946432835245e+00,5.208706713140886180e+00,4.428483591551749754e+00,5.010950389376024994e+00,4.763358261587534059e+00,5.268338883476973322e+00,5.163203030332547350e+00,5.105581706206858250e+00,5.387177038068219126e+00,5.045498132962689120e+00,4.997775758929492440e+00,5.158029046010714325e+00,4.828069831190354932e+00,5.107405230404612695e+00,5.256564343597932343e+00,4.933174052896287520e+00,5.017821025389618050e+00,4.954150311638661819e+00,4.976906002048987254e+00,4.896709363185727248e+00,4.112571759133829552e+00,4.487234735053855950e+00,4.540722472456217851e+00,4.443098705003221127e+00,4.507988659341348736e+00,4.477653685489627833e+00,4.709299952557834956e+00,4.904513067301647489e+00,4.829669883928412233e+00,4.866193771677659541e+00,5.049989348546496615e+00,4.735844122645627152e+00,4.736791863451980333e+00,4.488973314993089936e+00,4.841165664762794307e+00,4.653837490843757863e+00
4.497827412409108661e+00,4.615552308191986697e+00,4.564733089014379352e+00,4.431766676324887300e+00,4.563408981463997982e+00,4.743275366929352366e+00,4.511140241407210816e+00,4.380665008209324363e+00,4.430408814961927177e+00,4.510181428185599195e+00,4.648873704950964303e+00,4.627327442028036586e+00,4.622005403012027003e+00,4.500377232039859621e+00,4.723499721419896602e+00,4.575716072609742113e+00,4.624750147249899079e+00,4.445941062905995445e+00,4.435680540270872996e+00,4.779674124541918978e+00,4.669384646966507013e+00,4.735914858359323354e+00,4.632141904386722686e+00,4.650644766999416646e+00,4.793042896475151693e+00,4.509863119554738731e+00,4.726795896950990894e+00,4.665942092900855265e+00,4.778208227128063257e+00,4.750589776457734281e+00,4.709742047122265518e+00,4.407652877376451173e+00,4.573857725044273792e+00,4.689070939811053940e+00,4.726107791622425225e+00,4.905219738942443009e+00,4.709341231262035521e+00,4.702519991823741918e+00,4.798165092821526478e+00,4.654850651595549671e+00,4.623515427762198371e+00,4.679540564532397084e+00,4.808197118015670846e+00,4.768723128680664836e+00,4.831540318591489580e+00,4.553476885591875245e+00,4.599228722538399872e+00,4.609786122665349595e+00,4.839631389445446352e+00,4.678544224636072890e+00,4.711238304602163751e+00,4.487799109148164156e+00,4.304649055198456864e+00,4.371084052397004704e+00,4.541932254841654526e+00,4.522914593652997084e+00,4.562063359273761165e+00,4.710082388413824539e+00,4.313158598671558153e+00,4.477468234163599625e+00
1.602968657516617546e+00,1.093850595211550480e+00,1.945243463430619490e+00,1.089770918710352809e+00,1.791515084934198754e+00,1.094837692321307898e+00,1.377799596011744399e+00,6.923056903664216444e-01,1.382770657586944063e+00,1.097672576709463721e+00,-4.794032701941838143e-03,1.093689679150670502e+00,1.373025845640529985e+00,7.009753471291270133e-01,1.095464840213241642e+00,1.376614269651959210e+00,1.400547621039479385e+00,1.935063040119192390e+00,1.385319387254934309e+00,1.610313034542980581e+00,1.100237219542387512e+00,1.096996874317805126e+00,1.608335046660133827e+00,1.096346753693199672e+00,1.790611704635913348e+00,1.389440159611915471e+00,6.873535213690213919e-01,1.386390802182761561e+00,1.593775252701826461e-01,1.095377713145830878e+00,6.779620924499101253e-01,1.944029568471921543e+00,1.095543616163136447e+00,6.959855807646780912e-01,1.106884257098720292e+00,2.203313294964163838e+00,1.611097622286448372e+00,1.784116035216670726e+00,2.476752959100551266e+00,1.386158237915501745e+00,2.081119174415247297e+00,1.372501091394819683e+00,1.611885280593335246e+00,1.956349701425710519e+00,1.099570877864580964e+00,6.987778594797203757e-01,1.100893828067641245e+00,1.942236822979928279e+00,1.100482214797668723e+00,6.781360659354963571e-01,1.384926288346675971e+00,2.306530122087246504e+00,7.004889183719591461e-01,6.971836155072588248e-01,1.375102544219894529e+00,1.792660754970779369e+00,6.747816919421152360e-01,1.792501362156369238e+00,2.078910858742763601e+00,1.382522324482521769e+00
4.062234866494065066e+00,4.173314138597126188e+00,4.395769626537148866e+00,4.479883304317793247e+00,4.497987846293400871e+00,4.597655863073452309e+00,4.844936235086686693e+00,4.189588494559857601e+00,4.465733928857648749e+00,4.324461177000623380e+00,4.208387001208045319e+00,4.070269620481523631e+00,4.353935304128698114e+00,4.928488418632646528e+00,4.637081727566048528e+00,4.485107019279549689e+00,3.741013490372331329e+00,3.951596592185933510e+00,3.762708531782095189e+00,3.829209694277933451e+00,4.289487438409175901e+00,3.807684178577497303e+00,3.226368867536717033e+00,3.297329874044369280e+00,3.824245392113262643e+00,3.684024540023256300e+00,3.910307629107711680e+00,4.161099034539025965e+00,3.737538660609021512e+00,3.223339521204543257e+00,3.807328210970640114e+00,3.436119381003245543e+00,3.433212333723308252e+00,3.367526028018950068e+00,3.849935629810328663e+00,3.468968854927728440e+00,3.782283229246150569e+00,3.628260482534415132e+00,3.950731701441633437e+00,3.751938940131912315e+00,3.695969538603709026e+00,3.891674445499947232e+00,3.559901152233355681e+00,3.735124730157770134e+00,3.687914206559547825e+00,3.850502709234516541e+00,3.762112925175331135e+00,3.899058026112930175e+00,3.613671119793054665e+00,3.657409138735712606e+00,3.295045541019813840e+00,3.400903942998479312e+00,3.553908690747611843e+00,3.637169070104876667e+00,3.662103153164756097e+00,3.582530447481603986e+00,3.611257082926893069e+00,3.911311969558420643e+00,3.335731065046220856e+00,3.432289789556528081e+00
4.200579401747146058e+00,4.734224380422335621e+00,3.970280177672332655e+00,4.142098109220325064e+00,4.395514763204109165e+00,4.536168862650293399e+00,4.160079220088763741e+00,4.176773788100679674e+00,4.315996048535989615e+00,4.489572940569105164e+00,4.467877464158187983e+00,4.307554441815113933e+00,4.175170337512660090e+00,4.111735480908444984e+00,4.023784452855431404e+00,4.342631989207614396e+00,4.059458274712709702e+00,3.890553120010653565e+00,4.305202086489729574e+00,3.891404572339318690e+00,3.987000810444412124e+00,4.354200175910849957e+00,4.362350266351155526e+00,4.341991900670191029e+00,4.252108055106175399e+00,4.288800237988433572e+00,4.261689895952423868e+00,3.969601358405221880e+00,4.452770647264698844e+00,4.129103488064545857e+00,3.823175994007033118e+00,3.896710092277271276e+00,4.262087630712797726e+00,4.187975926645896685e+00,4.042064964979841690e+00,3.850193003457200724e+00,3.583534027353543205e+00,4.144573527525676759e+00,3.855635599048925055e+00,4.270352894644488195e+00,4.390286622531911043e+00,4.511133197732537070e+00,4.552954621993041684e+00,4.125427811940364009e+00,4.008328206756753609e+00,3.720990400028535650e+00,4.024001546853257061e+00,4.177029658334816098e+00,4.093470814462288665e+00,4.128195034788680218e+00,3.939853920788661146e+00,3.332964489139144781e+00,3.711464502105794150e+00,3.971034660570373909e+00,3.137005218711820476e+00,3.825267122355540117e+00,4.024260302768788655e+00,3.738172258742950227e+00,3.466059399326557156e+00,3.588225885999282383e+00
1.602188869552459538e+00,-5.429587712925669496e-03,1.793603139423161297e+00,1.374398600681907556e+00,1.392581796051359122e+00,6.907423289742089523e-01,1.088162287768656311e+00,1.096147076143986876e+00,6.903971990188157992e-01,1.600805100184214735e+00,1.094392684225735657e+00,4.034638121740475453e-02,1.382971482417982401e+00,1.201009742881730818e-01,6.812355384824753113e-01,6.418031748654918767e-01,1.952695255788837111e-02,1.093347261987391406e+00,6.862240887093200570e-01,6.862086623530754270e-01,1.599655029595294042e+00,6.837427480467273000e-01,6.550480697571462452e-01,5.391780226636094537e-04,1.615116038834973677e+00,6.344081626994200196e-01,1.085557910333656340e+00,1.374987378600719401e+00,1.373380194036323942e+00,6.698008744441572571e-01,6.463163744233652031e-01,2.902867012191108653e+00,1.619046924396351228e+00,1.599069540992519745e+00,1.089438193198059013e+00,9.773518307864170751e-02,3.263200115871367490e-02,1.389002195603112000e+00,2.290499037070550248e+00,1.088666349806509448e+00,1.095337652569780884e+00,1.666422903342248962e-02,6.465111915479375693e-01,1.101236479840195681e+00,1.094472803213521805e+00,1.093816661335018647e+00,6.299113367597991564e-01,1.379724156700264048e+00,6.633524141129352181e-01,7.365868515290192875e-02,1.083947547649032117e+00,1.382453534764039649e+00,1.371538631250240670e+00,6.697235004068642361e-01,1.617771730360692661e+00,1.386492120754823532e+00,1.102774537723915982e+00,1.388091696926007756e+00,1.397861170546098597e+00,1.105526305455039049e+00
3.582736116004034965e+00,3.559683105988545204e+00,3.464335423123687807e+00,3.919810679100975914e+00,4.206605921138428350e+00,3.556240255970541053e+00,3.330903866499144605e+00,3.909411459365040198e+00,3.985229970003850042e+00,3.689163337042869362e+00,4.229878206647793348e+00,4.122730411339126100e+00,3.664729724264724986e+00,3.362827051804210488e+00,4.190969961335361482e+00,4.124015172252644135e+00,3.910234278552661369e+00,4.175057721695363711e+00,4.427589885405409653e+00,3.850309000503072898e+00,4.405718727537750290e+00,4.275685016293101270e+00,3.692473027567431565e+00,3.736735167543244529e+00,3.991465198248643542e+00,4.094567510735673821e+00,3.663880219384956671e+00,4.189638731068869859e+00,4.007505821582517669e+00,3.989721518115422860e+00,4.187577128101840351e+00,4.175622607744439385e+00,4.195597940703401640e+00,3.583269240804512812e+00,4.564631647950990967e+00,4.025708360678665443e+00,4.006079887711636367e+00,4.693475093007140941e+00,4.533223435841020610e+00,4.634267848065117157e+00,5.029655922089081521e+00,4.174759396706765990e+00,4.038640932012945051e+00,3.889774690897504605e+00,3.988344954152491351e+00,4.305235022415023316e+00,5.174466396276720559e+00,4.385103907335540896e+00,4.330457624304037800e+00,4.431553548658461850e+00,5.087329096799086514e+00,4.408818292177597797e+00,4.412347785894510821e+00,5.684604033942708412e+00,5.526789002837529274e+00,5.520541439808052786e+00,5.701778690242577774e+00,5.381730701443331988e+00,5.468964714180403419e+00,5.195942288508791584e+00
5.870771962944370870e+00,5.864243501254973623e+00,6.004013010138169903e+00,5.846268503029762087e+00,5.980209582278154912e+00,5.849475685986085693e+00,5.696888260390007730e+00,5.546594939392760715e+00,5.556841483483866639e+00,5.575867642314836559e+00,5.822068051423065604e+00,5.864051392136937046e+00,5.702525713472498481e+00,5.657698784811220349e+00,5.687284319861015902e+00,5.602028888911115168e+00,5.618775554174238351e+00,5.728443903510241242e+00,5.856539827122652753e+00,5.759133008183484392e+00,5.619181264973406975e+00,5.352596696311891833e+00,5.419840840611307442e+00,5.516187128393782224e+00,5.678539671654200482e+00,5.715739045987099587e+00,5.449885267199056749e+00,5.652806794758289399e+00,5.509195498723183704e+00,5.524952133952951705e+00,5.615205919060781703e+00,5.560768373056395930e+00,5.731270466342185621e+00,5.537213735264985282e+00,5.480829419585552031e+00,5.542844685274267214e+00,5.509691661562827747e+00,5.643094735782460347e+00,5.547906922313911693e+00,5.642230375540326470e+00,5.537483709313741009e+00,5.575867749299858289e+00,5.539563235427690913e+00,5.762487984311862377e+00,5.577649341578917230e+00,5.553094181297642429e+00,5.805145101009874686e+00,5.688490867132383499e+00,5.557860099199992021e+00,5.803959272958879367e+00,5.603149957271108761e+00,5.434974015849471485e+00,5.132277416051343799e+00,5.489756698374580246e+00,5.561014699068898004e+00,5.821132104206609093e+00,5.868777167670583772e+00,5.968759171045402212e+00,5.672425104247480476e+00,5.152658892367049326e+00
3.257870450051860267e+00,3.290120268446836249e+00,3.368728375511508499e+00,3.134554238275490512e+00,3.686522028497879244e+00,3.866626390835264715e+00,4.006687109536181346e+00,3.611080956272402442e+00,3.613061840048746642e+00,3.296900486332524860e+00,3.219418483963906397e+00,3.255353910874929202e+00,3.552439262059804204e+00,3.255997727201375813e+00,2.996037664712139836e+00,3.229497989281810089e+00,3.581930124166093243e+00,3.478866208145690475e+00,2.945248148189442805e+00,3.328962639702262027e+00,3.501940871449234827e+00,3.296137371419989304e+00,3.609633125533193265e+00,3.258758947216743085e+00,4.496075335100856663e+00,3.759782518467571055e+00,3.256550991054257160e+00,2.636644143585459954e+00,3.434237068186752673e+00,3.506177566347248753e+00,3.607022016093479611e+00,3.525745446023310414e+00,4.114696261012854350e+00,3.265307233882392968e+00,3.011223547691809443e+00,3.358234986065409711e+00,3.872119515616699204e+00,3.421420765329434399e+00,3.123704193245159022e+00,3.095841857696056909e+00,3.332511984894692691e+00,3.206074146727353913e+00,3.472133095043774098e+00,3.092672698320289904e+00,3.141254319090688085e+00,3.366136774146621935e+00,3.089514001946195521e+00,3.289574796488511144e+00,3.400821153381321960e+00,3.141616841830269014e+00,2.889431188967805930e+00,3.400741789723427111e+00,3.093777518729279752e+00,3.405312965441390727e+00,2.565537242415675490e+00,3.090172243781375450e+00,3.135417803814040116e+00,3.135117701224683362e+00,3.496537331121461811e+00,2.772081201694102770e+00
7.597037464774432536e+00,8.061877747973209551e+00,8.748189447067719726e+00,7.609456247232655457e+00,7.298844525158064478e+00,7.590443043804746104e+00,7.542697095579248945e+00,7.485502994799114518e+00,7.443969101617584627e+00,7.349630546738831427e+00,7.035758130820850553e+00,6.862656487442961861e+00,7.454074881544115350e+00,7.414243224788479303e+00,7.369251744871557541e+00,7.285221180191803647e+00,7.166320992784303456e+00,6.870075756529130828e+00,6.739432607282716425e+00,7.391476227755710227e+00,7.443652102287391159e+00,7.482501842779089252e+00,7.395600302670279014e+00,7.196603731893314482e+00,6.850092511189075140e+00,6.774760176102735620e+00,7.505713814095424929e+00,7.573348447390247706e+00,7.553180765669654129e+00,7.579862066413591393e+00,7.328119584629117611e+00,6.926727466490127938e+00,6.858384710257913852e+00,7.467029298433312867e+00,7.473898484652116814e+00,7.329884344627501491e+00,7.296871758862953250e+00,7.240788040827455418e+00,6.862069083085952315e+00,6.904478512116718925e+00,7.537930110645366888e+00,7.449380802613279506e+00,7.517434096418988076e+00,7.539328472054738661e+00,7.367490805331886605e+00,6.887686280948200235e+00,7.017218365865934615e+00,7.622423792236230788e+00,7.544593434695809897e+00,7.500681768735731225e+00,7.496855966784387704e+00,7.270388946989877255e+00,6.763210399944451723e+00,6.607307306763296140e+00,7.377870642705375737e+00,7.171304890363576767e+00,6.834420016711899137e+00,6.389988489893020152e+00,5.761887177666721094e+00,5.233799178646076022e+00
6.895402992327833713e-01,6.943382163051929901e-01,1.119351736973666744e+00,9.644054969694255686e-01,6.919296348757271176e-01,6.924527694008262291e-01,1.085761964345536290e+00,9.837180035037083048e-01,9.145334994512090976e-01,8.225472962885168604e-01,6.914631295572409853e-01,1.032043394227851296e+00,1.319335625541762536e+00,1.504016698475282743e+00,1.655346360881272627e+00,1.803364381957003992e+00,1.112066986513176925e+00,1.039862579944654364e+00,9.951147808150306862e-01,9.796802640626030012e-01,9.086285556974564859e-01,8.139842883069918766e-01,6.848981503729593134e-01,6.944718001430292276e-01,6.862626224978117806e-01,6.946934963349729042e-01,7.001405858866934784e-01,8.881549476965238110e-01,9.928413825453847874e-01,1.119312675841427129e+00,1.634483588258059061e+00,1.279078682268117051e+00,6.844683706358093422e-01,7.246793492156606842e-01,7.024857845124226063e-01,7.007212387448450430e-01,7.170912439163747987e-01,1.130902726236517220e+00,1.430404701552496549e+00,7.103630245418287581e-01,1.651041939840088180e+00,1.414151482663102311e+00,1.130748279499295350e+00,7.206897317804206171e-01,7.343566399375462961e-01,7.082125791705955464e-01,6.943912443874089568e-01,6.923482866785494183e-01,7.031353552034680376e-01,7.134504921772363284e-01,7.026619644723226532e-01,6.974427968465221062e-01,7.182986615660109653e-01,1.123882589592351655e+00,1.401166031094263076e+00,1.092786245061305062e+00,6.918464977756740852e-01,7.074295685183707993e-01,6.940284430267653626e-01,6.453842574526112985e-01
3.043889354934244729e+00,2.726827980678578900e+00,3.583853848612334136e+00,3.176277308259155774e+00,3.256888546219716574e+00,2.835880450262235897e+00,2.564885545226403440e+00,2.707630513568269670e+00,2.774880757608838788e+00,3.176533023051229865e+00,3.716589274447066771e+00,3.298150341595055490e+00,2.833103690906008332e+00,2.996176001012040846e+00,2.707802957992456072e+00,2.945875075722728553e+00,2.839058276248639157e+00,3.267277051154730660e+00,3.581624433471432223e+00,3.331529246089109275e+00,4.707927615170794944e+00,3.643491172926857313e+00,4.226073143686066125e+00,5.659635587056353501e+00,7.376301971101215216e+00,6.074260503592746829e+00,4.619954921214679544e+00,3.974683354083409448e+00,4.025810862142670921e+00,4.076898370900770452e+00,4.760068296667653520e+00,5.930038980963791673e+00,6.932282716873264583e+00,4.340225256075195936e+00,3.805520031517103607e+00,3.829294084613151572e+00,3.561570914420028267e+00,4.083995111271411460e+00,5.809073278887006531e+00,5.717317829287631881e+00,3.869362581450890293e+00,3.628695393483187370e+00,3.154213201554990853e+00,3.259214654608691752e+00,3.360986196953103189e+00,5.828764925909193373e+00,6.281888427342633641e+00,3.853157960982979802e+00,3.568568834036377257e+00,3.608469862550916396e+00,3.404462774483237197e+00,4.699489315673349488e+00,4.449584424344980249e+00,4.975810284284057694e+00,4.948527129897462906e+00,5.107933076580958520e+00,5.255572558863284449e+00,6.800698604594358265e+00,7.499893767033369407e+00,6.616748076345141172e+00
7.376484535796562270e+00,7.424800408957158204e+00,7.307270551926835722e+00,7.309039060631306484e+00,7.135714439386435792e+00,7.338894386926268609e+00,7.417146733355836297e+00,7.467568931395084597e+00,7.644377441749474755e+00,7.585615467659732936e+00,7.376135947480364052e+00,7.356315390863207071e+00,7.421383520889209606e+00,7.389741355307299919e+00,7.328943220884240439e+00,7.385505263587883285e+00,7.447869083465107565e+00,7.339052192287979004e+00,7.463671155160851001e+00,7.556534909673411349e+00,7.591963840373836980e+00,7.711269709864768451e+00,7.607855979093464782e+00,7.632728343445777774e+00,7.470831877466291182e+00,7.421799366857277924e+00,7.676593359413329765e+00,7.686440200733252404e+00,7.500540611947636549e+00,7.572012265416382171e+00,7.549515176014470974e+00,7.364140581775143524e+00,7.485989337772528174e+00,7.584596130126177727e+00,7.494159731750273501e+00,7.624150861542717372e+00,7.607443768733456402e+00,7.648717206187490625e+00,7.608932585582344643e+00,7.448302400229223075e+00,7.586833561226853817e+00,7.823257662508217969e+00,7.478152542374736811e+00,7.475772537401308426e+00,7.577093524784385359e+00,7.420218120557520614e+00,7.374982587013199975e+00,7.432549595802163900e+00,7.531614410130538673e+00,7.536534581987822001e+00,7.418641412083174735e+00,7.376688083185259259e+00,7.235830508545482154e+00,7.339395529677886998e+00,8.059939075748340898e+00,7.688844062241207311e+00,7.517976803680343600e+00,7.767447892529853348e+00,7.746177325908072397e+00,7.529208557053687301e+00
4.456598634355568578e+00,4.624657485841990656e+00,4.264065244771243712e+00,4.430654780965635808e+00,4.665797789439277921e+00,4.406026980763193102e+00,4.304141661586708523e+00,4.342923320401428811e+00,4.432655808166864553e+00,4.642609546467443948e+00,4.596050903024467615e+00,4.511349329707062594e+00,4.158640663848812480e+00,4.380915964303016885e+00,4.256748709070135916e+00,4.233145289543857714e+00,4.075691752887784958e+00,4.479739074136394272e+00,4.505308566508951174e+00,4.245894796696148887e+00,4.402234095520556778e+00,4.448346849698964434e+00,4.477239835405641522e+00,4.265807022482210442e+00,4.428799898646200717e+00,4.577657172935499119e+00,4.220451914766349510e+00,4.305470315321018759e+00,4.331015980163680723e+00,4.276079221293954902e+00,4.442165015135505435e+00,4.430351067356590455e+00,4.760495721886491616e+00,4.292123920730278819e+00,4.303186956843662259e+00,4.407898359892420181e+00,4.635454005908364650e+00,4.230635217184501862e+00,4.531587582616557697e+00,4.419081479589984873e+00,3.953090422420829864e+00,4.126964301498222021e+00,4.062032703178457105e+00,4.233776214970657925e+00,3.935689523265505141e+00,4.543631901739628276e+00,4.532549088751934185e+00,4.511040061539592472e+00,4.326131001677416599e+00,4.204740781144929329e+00,3.988164667769345417e+00,3.873340972665362258e+00,4.247218075018050598e+00,4.190011806705520314e+00,4.304409258888886036e+00,4.553296961664727860e+00,4.343521589321343690e+00,3.987593942858638663e+00,4.465025830624615999e+00,4.485577672559936779e+00
1.384642419614508180e+00,1.385406600502731678e+00,6.947237402700434661e-01,1.096722725586166236e+00,1.097998622994811324e+00,1.096700892747044298e+00,1.271552851180478561e+00,1.296755772037784027e+00,1.388480948419452465e+00,1.098722454844625052e+00,1.386737105512666934e+00,1.606433010271030914e+00,1.386115320875857648e+00,1.095858721951806114e+00,1.267065279348094764e+00,1.381569222944712738e+00,6.929133200120843883e-01,2.197528359034501388e+00,1.874568259007053816e+00,1.386883481192211942e+00,1.613298223990538460e+00,1.099845973276532662e+00,1.482886308040881174e+00,1.747128821656815267e+00,1.943962752399560179e+00,6.960314303886022680e-01,6.892366583768798627e-01,6.958406727315739060e-01,1.387255219109308824e+00,1.260186916430278137e+00,1.089630774704707150e+00,1.105698478606820245e+00,1.102002719180780188e+00,1.102275816043543966e+00,1.390137257184223207e+00,6.750320419970414765e-01,6.897009534953861820e-01,1.103168347753449074e+00,1.609415980899080445e+00,1.094078537791108641e+00,1.604255155585359915e+00,1.393686919224091714e+00,1.391581918699642761e+00,1.266944021374060370e+00,1.108953276141577238e+00,1.386081551144034973e+00,1.105633818731517559e+00,6.859780534884218905e-01,6.956025257931576222e-01,1.386651768958854447e+00,1.293807217954235256e+00,1.217606695112124271e+00,1.101159125917261949e+00,9.055617907291868551e-01,6.511727732681640290e-01,1.392764834332939072e+00,1.098956789329531558e+00,7.037266013724705616e-01,9.133872082920827529e-01,1.100801240054243513e+00
3.295630321340664803e+00,1.601657854434570316e+00,1.942797293782287049e+00,1.612667705615907776e+00,2.078228894970506779e+00,2.203829256415328786e+00,1.790259217809663683e+00,2.192017423770975526e+00,1.793664818415219520e+00,1.793002785567037627e+00,1.791584752028797745e+00,1.604697112021713723e+00,1.788434708920543903e+00,2.182280995958781666e+00,1.609747601942117967e+00,1.942939975474797354e+00,2.192672337254287562e+00,1.594638036756564459e+00,1.100566275888136047e+00,1.610435581852416087e+00,1.944931796168064109e+00,1.783312168458092151e+00,2.495286413839757245e+00,2.303148316255552164e+00,2.625386382108993999e+00,2.481651412150675640e+00,1.092048061234227818e+00,1.948059125717695350e+00,1.794032298383945179e+00,2.632691345033479458e+00,3.318113107557435271e+00,2.707537332750944437e+00,1.632484781642580485e+00,2.087259417411637230e+00,1.386139502668879420e+00,1.380752749290442116e+00,1.777491948664272625e+00,1.623801057576924611e+00,3.526055553769280593e+00,1.776062449056577730e+00,2.184839861644501724e+00,1.385522658620619962e+00,1.390645133551494661e+00,1.942958529065118123e+00,1.586163829599875896e+00,1.616141834582957459e+00,1.064524805919450978e+00,1.403406853404243870e+00,1.800901676961939479e+00,1.934084968859102638e+00,1.943440663096714704e+00,1.944871489816505594e+00,1.384244171231606702e+00,1.774160050249753651e+00,1.603790672158289521e+00,2.400364066199723645e+00,1.402924945850148042e+00,1.608690637703788617e+00,1.937705405528962199e+00,2.306562804265536393e+00
6.363086559749055127e+00,6.338937014157294492e+00,6.543687124858337256e+00,6.883926479378653873e+00,6.713334883707151590e+00,6.618632172673160952e+00,6.480106498890482847e+00,6.428138166119000019e+00,6.331328713987067758e+00,7.986270466727511952e+00,7.432532068744917453e+00,7.278653397622959709e+00,6.748191908788124138e+00,6.619352359600338076e+00,6.952346727460695597e+00,6.841599577841170898e+00,6.938798212353091799e+00,6.797644626158115599e+00,6.806034361960122681e+00,6.727250529486000552e+00,6.542625218761265238e+00,6.484189103368549922e+00,6.437651034236587577e+00,6.557902593985705408e+00,6.915261454873454561e+00,6.723613926626151205e+00,6.573859395199693978e+00,6.385971996635947612e+00,6.428314325394693718e+00,6.386679848886331889e+00,6.456810579904992409e+00,6.555840855455585370e+00,6.592146409772674076e+00,7.045300510843095942e+00,7.145709626638367062e+00,7.111748540829190723e+00,6.605457005466463194e+00,6.538683947538031838e+00,6.852047252313618664e+00,6.981183476772437224e+00,6.512659097322099022e+00,6.296608773174546592e+00,6.248494162869498325e+00,6.276474627181287680e+00,6.494762288245955695e+00,6.599007164133693593e+00,6.570803271156612446e+00,6.310330080447247525e+00,6.146736113261049184e+00,6.137859918640014456e+00,6.169414894788466164e+00,6.377031430235494902e+00,6.427063568512907388e+00,6.466988406758410690e+00,6.244649555392074447e+00,6.268031560807517444e+00,6.544547092864689830e+00,6.589848681131322827e+00,6.416803768110404427e+00,6.700383526520202082e+00
6.031992218855612542e+00,6.104515025103760095e+00,6.429038818829861945e+00,6.454331664009776759e+00,6.224744327605712613e+00,6.082544713610477771e+00,6.089901058795716970e+00,5.888972089626224538e+00,6.514069861321195809e+00,7.234455717758215165e+00,6.639935050290811880e+00,6.807904799265439344e+00,6.810520121838101737e+00,6.931210840444653520e+00,7.954925864894176968e+00,6.482142815846562378e+00,6.948409492446260494e+00,6.738882487560496237e+00,7.130992425711686344e+00,6.275803646059368468e+00,7.102786565573987687e+00,6.332894104778799438e+00,6.192701191224185386e+00,5.973496550331058863e+00,6.234047553351602211e+00,6.433631266813456762e+00,6.268488513022468567e+00,6.063208040243798891e+00,5.911271066154968779e+00,5.693992677508593836e+00,5.688485573440725140e+00,5.974474993563974934e+00,6.562753596867022310e+00,5.899757013562703989e+00,5.929597899153198348e+00,6.026440569659362367e+00,6.991772645920433682e+00,6.956231191364345534e+00,6.593778747969419207e+00,7.081476557505973268e+00,6.923879633212188800e+00,6.633786724382353839e+00,6.376869633524973047e+00,6.382160552579253299e+00,6.067857619530491853e+00,6.196182991809590312e+00,6.430276091307202790e+00,6.308030526708190422e+00,5.997097503265620411e+00,6.063385985888955609e+00,5.958698494278477753e+00,5.910532017419738438e+00,5.714532318171181124e+00,5.746680830264492279e+00,5.926792307319373343e+00,6.054573399540876366e+00,6.149894173721881963e+00,6.184732073757334803e+00,6.047167660202869222e+00,5.840372112117393044e+00
7.348121361077117442e+00,7.320925700536299097e+00,7.263994338642165260e+00,7.431190422370568704e+00,7.373907651430416266e+00,7.801048780463340826e+00,8.315653411413586937e+00,8.104669249864345559e+00,8.211709320934076572e+00,8.487934002448429993e+00,8.506831109435927019e+00,8.997841693800392449e+00,8.536474990352077796e+00,8.351509551618899962e+00,8.583497871709777627e+00,8.552529147060221604e+00,8.846164434695147349e+00,8.729126125750900300e+00,9.862525848759297276e+00,9.875580164603215749e+00,9.659104801601200663e+00,9.569862418462220077e+00,9.538244580398409056e+00,9.526523825394862754e+00,9.563992377677051238e+00,9.673590800458431005e+00,9.622551253483861089e+00,9.478261982705797450e+00,9.394443064711149205e+00,9.503034015378414523e+00,9.394195050689123860e+00,9.397393427095861895e+00,9.473855325344612055e+00,9.491291579158211533e+00,9.431787143731089174e+00,9.440847522124304447e+00,9.346432474311999528e+00,9.394864186939669182e+00,9.450924942172544974e+00,9.492905450957559665e+00,9.544337646360196104e+00,9.513480823034349498e+00,9.461196465681009471e+00,9.429596519798248977e+00,9.524275351356495278e+00,9.739612449718944021e+00,9.534765313643722706e+00,9.344210439530403534e+00,9.075505766277284891e+00,8.833811098725616873e+00,8.591315469923896941e+00,8.464861098557312502e+00,8.309678875548108579e+00,8.262199979602778299e+00,8.284865151107057457e+00,8.098517836198045217e+00,8.009805314640679796e+00,7.931765665370832608e+00,7.906390972940556594e+00,7.812236082411917693e+00
4.405289551342467469e+00,3.257899304462621881e+00,2.297722147367997625e+00,2.705696637559077633e+00,1.946533985189710547e+00,2.829483518417144960e+00,2.563499114313829264e+00,3.044573902130071286e+00,2.565419090585407957e+00,1.929721967452840747e+00,2.708935992586585684e+00,2.474292866918400335e+00,2.302880146023537744e+00,2.192709041466217812e+00,2.195773961394051454e+00,2.196793582541125112e+00,2.192888442254244286e+00,2.325347660032158092e+00,2.937372088666676984e+00,2.782920697219613881e+00,2.564967651490686951e+00,2.884339725016122458e+00,2.707453380621310135e+00,2.885398288491213936e+00,2.944288683653017102e+00,2.198387891771317104e+00,2.889850015280660767e+00,2.398659168742696135e+00,2.995317877320298194e+00,3.612946921845802351e+00,2.709929359178323782e+00,2.417350161668846198e+00,2.484852424793144721e+00,2.944883565814617299e+00,2.203193118297756214e+00,2.482799488132538368e+00,2.847644785307398951e+00,2.505198215608685608e+00,2.083669403911520668e+00,2.402308130326891611e+00,2.305004219806618959e+00,2.309333608024703111e+00,2.398393159167320210e+00,2.707653795450669421e+00,3.095813063371502860e+00,2.887787558377301611e+00,2.833120126983413645e+00,2.779769129178524256e+00,2.635812413472272908e+00,3.102363827444271749e+00,2.566688002138427738e+00,2.892819446888416746e+00,2.210028835508113687e+00,2.771550728459769797e+00,2.482123344573961443e+00,5.257689307510042376e+00,3.285763504243377486e+00,2.673443821389708930e+00,2.399393385183354876e+00,2.708162040279489702e+00
7.910884299438879275e+00,8.070190506795860585e+00,7.919229025191724780e+00,7.403144985310645687e+00,7.613409346815381618e+00,8.089195230924371316e+00,8.275621908026677076e+00,8.270636039767746084e+00,8.204631114708547557e+00,7.943828030680753827e+00,7.429628854156417717e+00,7.653339064239228051e+00,8.106740894727138880e+00,8.247138109570643749e+00,8.248574708206952266e+00,8.167096191408502293e+00,7.885666274359648398e+00,7.296707725340747963e+00,7.426321943146562354e+00,7.910773152669356989e+00,8.184340824830306005e+00,8.295157327986240503e+00,8.155182665609949311e+00,7.790339157612017118e+00,7.355501186120851465e+00,7.488542622577143426e+00,7.958372034767658754e+00,8.031048634043393974e+00,7.985972463057973592e+00,7.846944182112839172e+00,7.615428866211107817e+00,7.116260768789318014e+00,7.276312616554406532e+00,7.696326851233457056e+00,7.820899106408140788e+00,7.690117134676497379e+00,7.610418028920160616e+00,7.563135904477818805e+00,7.032965530033668422e+00,7.193165849435708914e+00,7.605002643121912875e+00,7.694095364587876240e+00,7.691569753483994631e+00,7.527872760723519185e+00,7.142990715218870967e+00,6.591053474755440789e+00,6.694313529897637061e+00,7.039706534271360283e+00,7.007037040970849340e+00,6.806035442437787353e+00,6.612502112988174474e+00,6.284657430433822967e+00,5.957758222205240095e+00,5.844732186574360888e+00,6.381293646796283525e+00,6.516814192773631831e+00,6.506845468883264871e+00,6.500975294456793563e+00,6.381590395568790264e+00,6.111471337274567261e+00
6.371885956208963364e+00,6.485919768983069211e+00,6.313789849642290619e+00,6.451878866322558359e+00,6.481720383685317444e+00,6.535816093315840014e+00,6.423166334461396509e+00,6.498321065443911415e+00,6.514985234767957323e+00,6.401090298063007111e+00,6.804474143715777856e+00,6.814636280802592871e+00,6.547322352848819804e+00,6.626051872042845403e+00,6.641395148692044614e+00,6.534511717817274246e+00,6.502613737589141962e+00,6.417830137664625845e+00,6.545327334672260022e+00,6.536231759173309896e+00,6.576363679737411871e+00,6.587633118345868510e+00,6.495252110701954962e+00,6.525252696642594330e+00,6.355874146786370638e+00,6.462913754701586022e+00,6.554933593644314271e+00,6.474643769852954200e+00,6.464881139523893872e+00,6.537059514861878640e+00,6.411375550495599818e+00,6.310780374536176573e+00,6.517317634446123442e+00,6.561285244808658490e+00,6.580230442808511881e+00,6.603386875046622251e+00,6.524278019176705357e+00,6.412000850889855386e+00,6.413441270171555963e+00,6.352028491465528504e+00,6.412839846913631625e+00,6.449390281967308347e+00,6.481141060847934732e+00,6.391993865874270320e+00,6.353801917740103278e+00,6.479499183578465882e+00,6.577261900752760404e+00,6.502261609490822991e+00,6.587058312640713176e+00,6.564868990919376479e+00,6.379948805944868795e+00,6.402834633105724649e+00,6.315150614693028075e+00,6.317880300312006980e+00,6.441450818671905054e+00,6.461470776314258480e+00,6.396053963258011343e+00,6.272407549925357984e+00,6.135992014854812382e+00,5.874925428951809359e+00
5.564129362138165114e+00,5.800543495362475710e+00,5.938298527941926253e+00,5.942570695913847345e+00,5.987529960513700011e+00,5.682461316320503997e+00,5.520535836686356390e+00,5.623692243067190510e+00,5.965495474988597557e+00,6.053310077318517557e+00,5.940651298610666764e+00,5.543234132200057118e+00,5.705029530544996952e+00,5.468406313564377008e+00,5.211302570815957047e+00,5.424027388128166649e+00,5.265593331765345830e+00,5.631338220816041407e+00,5.333402940615274979e+00,5.417065231652522961e+00,6.893712068100168899e+00,5.688529744595338222e+00,5.782305188653919181e+00,5.922625488070298871e+00,5.747590326427394203e+00,5.511258858249877157e+00,5.393743081459999367e+00,5.898494837858443418e+00,5.912740279800475562e+00,5.157690902382890741e+00,5.206834216446430297e+00,5.524778750733521093e+00,5.326782406949631898e+00,5.481087661253805976e+00,5.589959208209890562e+00,5.269038156435073006e+00,5.689112726346777116e+00,5.390881600892112324e+00,5.869218384584341308e+00,5.301367161632229319e+00,5.304773875106250536e+00,5.203846656932650916e+00,5.207501403760247172e+00,5.487576892338553058e+00,5.488297194524490941e+00,5.533142965834600524e+00,5.566577207078173828e+00,5.565653227501401901e+00,5.945493296701661379e+00,6.759435270309873900e+00,6.324770718644360024e+00,6.106169650841738239e+00,5.642872200268020499e+00,5.861833695796122790e+00,5.893574174732575166e+00,5.765381199192535000e+00,5.844290560403787360e+00,6.280404626542064328e+00,5.884980709065249727e+00,5.851900904200770803e+00
6.925434874508865635e-01,6.950563493749144506e-01,1.946802444166444435e+00,4.318879005485368530e-03,1.790822456757001024e+00,2.486093800229705941e+00,1.093445261002714775e+00,1.243732093345837120e+00,1.382219648798386435e+00,1.363875836439363942e+00,1.607424430262214488e+00,1.697614888166415828e-02,6.899676918477741783e-01,6.181862807888478528e-01,6.903413921020775668e-01,7.955742002996347984e-03,6.370987104045778837e-01,7.735878433928389253e-02,-3.184204921153273825e-03,6.786719022536322754e-01,7.000615467527534497e-01,3.629289717895933104e-02,5.250132198293945562e-02,9.843464460104808106e-04,1.096826088948058553e+00,9.541195370161455191e-02,5.263742640903480013e-02,6.971414263605808515e-01,3.406627778694037295e-02,8.771657850350143837e-02,6.795446175785031517e-01,1.062534912342585125e+00,2.227038992637264680e-02,3.876014580594742270e-02,1.027035325091135709e+00,1.011912097416831857e+00,2.669641108712187197e-02,2.222815657579791174e-02,3.970818390790939630e-03,7.851622300862041992e-02,1.061506481734008966e+00,6.717466515682839479e-01,6.426901344615087996e-01,7.689436314152010843e-02,1.954101189320666190e-02,3.846593086988792098e-02,6.846575037301061428e-01,-1.421817966753716016e-02,1.111337566543353292e-02,1.532417539880182034e-02,6.715345682592321896e-01,6.516954696675260061e-01,6.703032834329331058e-02,1.065273305996294440e+00,1.068034286813519973e+00,1.088818355754860967e+00,6.956667983486305440e-01,6.083623381584766232e-01,6.928719630536466223e-01,5.430200259971468268e-02
9.237294699047717828e+00,9.248762871839772970e+00,9.179132677764533454e+00,9.374993788901649694e+00,9.366469478484733102e+00,9.107431963737601777e+00,9.179760894169845642e+00,9.008491042250001968e+00,9.072322411581440704e+00,9.179121626367143350e+00,9.253580571024958346e+00,9.240419314781782134e+00,9.279724170693953056e+00,8.990958334534294494e+00,9.077754045655259674e+00,9.052985719438620293e+00,9.031501799133160091e+00,9.159522631826561678e+00,9.212205735306319809e+00,9.179765244807596147e+00,8.990425557980975313e+00,9.029952301460875574e+00,9.042000696961663309e+00,8.929904573432956738e+00,9.175236582671569607e+00,9.203779844475850069e+00,9.026848123107251709e+00,9.033255206798507686e+00,8.930715455117718804e+00,8.973439439554592667e+00,8.925815304260208194e+00,9.070910682892089127e+00,9.129435046071394666e+00,9.121883380034844890e+00,8.928205934295899482e+00,9.001131027061598289e+00,8.989764375988510636e+00,9.047679607475631158e+00,8.997018845015057664e+00,9.185171640690469985e+00,9.099651296358983288e+00,9.072420987767873868e+00,8.997552396219388626e+00,9.024633824161345075e+00,9.005682571881941101e+00,9.150089034703290380e+00,9.127428182643042121e+00,9.010881495736960289e+00,8.950743444763869405e+00,9.017483381486728788e+00,8.997842267256997317e+00,8.991712279635859062e+00,9.049191041461609686e+00,9.179584708545208471e+00,9.328290225711418415e+00,9.243753603693638965e+00,9.329758546088855908e+00,9.300396396724318393e+00,9.220250939739404572e+00,9.339784203395804951e+00
4.872148521336293392e+00,4.990557043383459401e+00,5.497104867414088325e+00,5.356365598690604912e+00,4.969391340909535160e+00,5.005601212177982262e+00,5.061742162211233520e+00,5.191438721039790316e+00,4.818542117480670406e+00,4.790648414279605305e+00,5.036572297753587613e+00,5.097951991705339303e+00,5.023722990463382665e+00,4.927459707312745962e+00,4.972374486842500829e+00,4.982674383262431839e+00,4.728226666079510920e+00,5.403282787643915341e+00,5.029438113759399087e+00,5.101817939203474594e+00,4.874449557348994766e+00,4.973799698337716180e+00,4.764971523773570361e+00,4.871612753450923705e+00,5.012834736477127962e+00,4.870168315614373356e+00,5.060372697115589347e+00,4.909681588669061902e+00,5.006802520828363967e+00,4.983516544424885453e+00,4.928263162108163620e+00,5.154854325706612173e+00,4.917185878468416149e+00,5.304539656569349226e+00,5.339440221512400164e+00,5.093384580171112397e+00,4.826736527190321979e+00,4.782085055224286840e+00,5.020478286133011281e+00,4.955537065479346914e+00,5.109926330094850755e+00,4.912580276283181391e+00,4.968099019121124726e+00,5.034778660880199652e+00,5.027640623514829876e+00,5.091983442611955013e+00,4.903872648073000384e+00,4.717168344841051741e+00,4.968637329361047961e+00,4.585378923888729474e+00,4.720138633890032409e+00,4.562691681418086453e+00,4.854226269070287536e+00,8.433540156198260362e+00,6.987329578653696416e+00,5.948841925249121587e+00,5.412867856035425973e+00,5.287813448135376682e+00,4.950493428867201118e+00,4.993178696567033725e+00
3.344692453445272218e+00,3.332730943201502427e+00,3.849535647381010950e+00,3.785134951290801464e+00,3.610774465201166628e+00,3.580237540919243511e+00,3.552739966900702928e+00,3.663713130215005886e+00,3.846378038681030453e+00,3.609299732248328674e+00,3.219270466416011889e+00,3.331740842229788058e+00,2.996034169785947388e+00,2.563852516711846441e+00,3.134916400733404718e+00,2.772792304120716089e+00,2.993896015063557403e+00,2.770393187695471493e+00,2.198524570954698110e+00,1.610612227043315636e+00,2.402340331257211581e+00,1.945633227875886107e+00,2.564787255593835802e+00,2.772904449806403715e+00,3.135842805836742020e+00,3.215697176502718246e+00,2.708377161347626405e+00,2.484706321386274563e+00,2.639548302276975011e+00,2.638316827529340713e+00,2.834796395594922913e+00,3.254717794347743443e+00,3.179392105544483815e+00,2.835746942357592726e+00,3.177308808587827382e+00,2.886249774394008760e+00,2.487793855576947433e+00,2.772628305363691759e+00,3.133567199350191679e+00,2.707667998051527025e+00,3.170653076427615069e+00,2.566278405958661413e+00,2.304259879790385934e+00,2.774441496645595251e+00,2.708371974136156712e+00,2.303160633192750772e+00,2.081045390943993656e+00,3.044323928943520663e+00,2.706428830166081489e+00,1.945965924147094350e+00,2.486257019191624007e+00,3.136204326951435917e+00,2.892467487919625047e+00,2.945263109310323646e+00,2.944169021368244543e+00,2.891278094095083961e+00,2.889564062037568881e+00,2.994875779270925076e+00,2.772408387139261965e+00,2.484570343470316800e+00
6.939542571804145910e-01,2.034395051522299575e-02,8.851835311640673725e-04,4.896145219378393240e-03,1.098294144773771741e+00,6.926775706573170543e-01,1.737941478455976995e-04,6.933360167054424261e-01,-7.680935295414443621e-03,6.916147289293832490e-01,1.096003901014381832e+00,1.091352919501547003e+00,6.896095781731841345e-01,3.237990219421485460e-02,6.921962628478415258e-01,1.338119370829054633e+00,6.192998657576321841e-01,3.968799173154119453e-02,1.058858070199901859e-03,5.607777687240434470e-04,6.735709701147211126e-01,4.532664979921793846e-02,8.402105011874222082e-03,1.091797572885301770e+00,1.032802963217253622e-01,7.590337071783227751e-03,1.596462763798998763e+00,7.138817046409210443e-01,1.294396838159773022e+00,6.910014876067429590e-01,1.259549368411156389e-01,1.087381014380444766e+00,5.542367139619937266e-02,8.817539355357979780e-02,1.086651372434942253e+00,1.346881861960629534e+00,6.803484934635515291e-01,9.951627337336842183e-02,6.995996982028483691e-02,3.150335844041535438e+00,6.842072054779874124e-01,4.307944477419613921e-02,1.106394175655759149e+00,8.125150314317931832e-02,6.848250738578166574e-01,5.725696995210687035e-02,1.082069814906539529e+00,2.932526770968067048e-02,6.778887954264303239e-01,6.429856214083125021e-01,1.268118587084489102e-01,4.969570069453235067e-02,1.303555388680720517e+00,1.914595881073574146e+00,4.467466560057727770e-02,6.257907277642672517e-01,1.677324901246587258e-02,4.904474822015542079e-02,1.062612217233845024e+00,3.217683406886508689e-03
4.368291499985462067e+00,4.489763670466574652e+00,4.602805059380655983e+00,4.394900162350245054e+00,5.081817764477145616e+00,4.965035457499126004e+00,4.491249310847610587e+00,4.701253936217556273e+00,5.015662011680340981e+00,4.673682720376275412e+00,4.821388262226745880e+00,4.618016417367000415e+00,4.406851160835993930e+00,4.768749728515031094e+00,4.477195290520834092e+00,4.606053483291631778e+00,4.272067726403404819e+00,4.617230278213599881e+00,4.512805392883904254e+00,4.726158240134622268e+00,4.787402260481648852e+00,4.679234305942233441e+00,5.116053085113291488e+00,4.804439071415883333e+00,4.467859037196300953e+00,4.803542176256166307e+00,5.054806130424501553e+00,4.545872579228092292e+00,4.644442589128384036e+00,5.394495731119325121e+00,5.076615594874619219e+00,5.028802833736059519e+00,5.008003263656273241e+00,4.978792744996464847e+00,4.963527061854295930e+00,4.834516501982134784e+00,4.786720906068974379e+00,4.767957991849075761e+00,5.038902367115413838e+00,4.857617743734026661e+00,5.055139646352399652e+00,5.586371558953826089e+00,5.107466857158346585e+00,4.933025344162773607e+00,4.912310705388535759e+00,5.003292520143786781e+00,5.064196513204930028e+00,4.892392162852163828e+00,5.146329415140213470e+00,4.897546611419043572e+00,5.150721903747524699e+00,5.098471351071461655e+00,4.710625044970574216e+00,5.023681379733671015e+00,5.294361819470484676e+00,5.181717014275523780e+00,4.747269670625418492e+00,4.554288369600075548e+00,4.553140637592862916e+00,4.437430008978411777e+00
6.231256542687175326e+00,5.985183415779775196e+00,5.491713920944040872e+00,5.620848108879090255e+00,5.432746016672066247e+00,5.815560238940376436e+00,6.174403306565369398e+00,5.805566044950890792e+00,6.722330393993639852e+00,5.326562120100735598e+00,5.406476272985205611e+00,5.178829268604619784e+00,5.760441280815587817e+00,5.685680950374369047e+00,5.857728795988944803e+00,5.889348924354236736e+00,5.950122145788777850e+00,5.240824859253621071e+00,6.261289467032374212e+00,6.108946886545561838e+00,5.623132959551022658e+00,5.700958837559306325e+00,5.258243216442991752e+00,5.278964909764616742e+00,5.219873511254579768e+00,5.769701036154438967e+00,6.092578541703884021e+00,5.716182941232996306e+00,5.868661956447496664e+00,5.855514960822735482e+00,5.756648450667469774e+00,5.514435793393515084e+00,5.470709992339570782e+00,5.722427042268171782e+00,5.703644847169276666e+00,5.830779200047576438e+00,5.631443411867101290e+00,5.557251356025158628e+00,5.321442224165003232e+00,5.563158519240205102e+00,5.452142143563471599e+00,5.903092198467023266e+00,5.559086277661646314e+00,5.337535737296731142e+00,5.926470174873551322e+00,5.640944317945673525e+00,5.510448270523369274e+00,5.392968838360105543e+00,5.721096958397455801e+00,5.204929772979325797e+00,5.814130914029143504e+00,5.273925916963422722e+00,5.683797984089768995e+00,5.278878052039980062e+00,5.589503475018824830e+00,5.697307023632599332e+00,5.942399164189569483e+00,5.742296869398963111e+00,5.509688421366565336e+00,5.978179446693138388e+00
2.484463754692026072e+00,2.195928663724667107e+00,3.134744638970405450e+00,2.563224958171467449e+00,2.563125731756639158e+00,2.894581647040118444e+00,2.890470272173107258e+00,2.302666135301278949e+00,2.197837918034847959e+00,2.563578215901963553e+00,2.565589310157423864e+00,2.638430204163802362e+00,1.945590388626003309e+00,2.396638071292090721e+00,2.302452168473092975e+00,1.610375336531862933e+00,2.198267723455327172e+00,2.484040563431181958e+00,2.301998211759882285e+00,2.079337041693851251e+00,2.078797912070234677e+00,2.639289785482252793e+00,2.640197908867539578e+00,2.832826349235796570e+00,3.090277579829037613e+00,2.770892086795350373e+00,2.831914897629021599e+00,2.481187273030334151e+00,2.303299745362445528e+00,2.707034129313625304e+00,2.398591089975016910e+00,2.769181542766852910e+00,1.943573123117591006e+00,1.617885646019192158e+00,1.945911942601491029e+00,2.565934339097221795e+00,2.705490718242510084e+00,1.935391986544462650e+00,2.553988907996958879e+00,2.866888714801379301e+00,2.198442590448274281e+00,2.078207114811846168e+00,1.943567663941959456e+00,2.301083147968904896e+00,2.392561267809842018e+00,2.772943932326101368e+00,2.766985115679319485e+00,2.077059037037764622e+00,2.080687522004590395e+00,1.792109586683482414e+00,2.770356314135134834e+00,2.483007419899442514e+00,3.214760181020048790e+00,3.293357984939378813e+00,2.710300485469977705e+00,2.617653753562592112e+00,2.831126863321284048e+00,3.040251535039240949e+00,2.994805215169045631e+00,2.712937918484940703e+00
3.095418903453778459e+00,3.135408328088109542e+00,3.368843667476498993e+00,3.179409943310944620e+00,3.295519125440292019e+00,3.216983855998523545e+00,3.494731907699056617e+00,3.401493135188389694e+00,2.485566284046607954e+00,2.566281673200306646e+00,3.090569056784406410e+00,3.048992874957074051e+00,2.995283242795839129e+00,2.489164663230721608e+00,2.889924348207797866e+00,2.771745022590498930e+00,2.707270089050977102e+00,2.834925625521680370e+00,2.772475108739325567e+00,2.960296538986181059e+00,2.969382045180166241e+00,3.097646531479143928e+00,4.552747017988329148e+00,3.336226914458602533e+00,3.988307997579015218e+00,3.091410846272008683e+00,2.777659207338974756e+00,3.333850438002832650e+00,3.064971705345596931e+00,3.133868137950740707e+00,4.841946010321220406e+00,3.177749376241444157e+00,3.331172904146784575e+00,3.535722551243152267e+00,3.256830212247742384e+00,3.135398398540336640e+00,3.332541481657333993e+00,2.837084284145136692e+00,3.402198777446352018e+00,3.091259686627946479e+00,3.365014250935330242e+00,3.401833054986763027e+00,2.997516917622852439e+00,2.707885394459984774e+00,3.494595982498418962e+00,3.826163597690305007e+00,2.707845645893482089e+00,3.364471448420221389e+00,2.993130419567337608e+00,3.466403821511840011e+00,4.275565552434013483e+00,3.258655600741910074e+00,3.782389226251128722e+00,3.661453463536183506e+00,3.931011008894857106e+00,3.254686953995196141e+00,3.496651858325528828e+00,3.089262846746811508e+00,3.296000639813847943e+00,3.715898451320119200e+00
4.277794845703197346e+00,4.253448908457156286e+00,3.988315628191810625e+00,4.533216934838975476e+00,4.761950920812901167e+00,4.454446119004503934e+00,4.175522623609443151e+00,3.762425993552881209e+00,4.357525199669645133e+00,4.556749029723880184e+00,4.466182352625360785e+00,4.796390247250165828e+00,4.290970256156513507e+00,3.964423541639550574e+00,4.111380629678340171e+00,3.788568675093288096e+00,4.074367452603800288e+00,4.285364259312882673e+00,4.290641269899858834e+00,4.146171095882478674e+00,4.158243185030210398e+00,4.233858363267427372e+00,4.141497423152315172e+00,4.189231482770333415e+00,4.360665273473188108e+00,4.465249362018361090e+00,4.458618464927971203e+00,4.211101904312943844e+00,4.188639669505763052e+00,3.769273840175665136e+00,3.955194721927970836e+00,4.641772842551099565e+00,4.350187074061098613e+00,5.502831230997887069e+00,5.130619362574958764e+00,4.475942377929696292e+00,4.296504233666329498e+00,4.498550500169321786e+00,4.537783970581772408e+00,4.432997111610315066e+00,4.248187439440432200e+00,4.126685811379879887e+00,3.684858604725596454e+00,4.398683530839898381e+00,4.192009414418375712e+00,4.416334986314912392e+00,4.780473451430531817e+00,4.439004860928846163e+00,4.121084853504211054e+00,4.267089561495520655e+00,4.127783153726205967e+00,4.063110618928918782e+00,4.102476947027196452e+00,4.548668798135921953e+00,4.992654310198021861e+00,4.658877355157929223e+00,4.624279466760202517e+00,4.481834697265307810e+00,4.627107912174976079e+00,4.305164697030732235e+00
5.885650530393129465e+00,5.888430051933484677e+00,5.756002443218470432e+00,5.525961137515676747e+00,5.619946002327198542e+00,5.929326294413844067e+00,6.132659388348959517e+00,5.770748445426814754e+00,5.893784886379174637e+00,5.907395777729798070e+00,5.567447736059943253e+00,5.386160252615510124e+00,5.992086282549256460e+00,5.877398590509310239e+00,5.968011307901860185e+00,5.929089681078250074e+00,5.774945206431524980e+00,5.470035793581913275e+00,5.472513139479001865e+00,5.748203471189400560e+00,5.936196529023925805e+00,5.996085669534281237e+00,5.768156518740752858e+00,5.688608299691908066e+00,5.307979814730047430e+00,5.347556751365472927e+00,5.820601955436504049e+00,6.008513733738991114e+00,5.872821277993978129e+00,5.959488389236533123e+00,5.802756500060080924e+00,5.332028555026433914e+00,5.489112707615842801e+00,5.863868375043870707e+00,5.892611776285171743e+00,5.949695969447618360e+00,5.813595044812914558e+00,5.768323223865933436e+00,5.716600108276925774e+00,5.505354402938777980e+00,5.929943122987544335e+00,5.927258459136731439e+00,5.924440452483064057e+00,5.804572170077484827e+00,5.715316351264821293e+00,5.607049276586042019e+00,5.361362447852032531e+00,5.771215734843858414e+00,5.844530757423286538e+00,5.772657767727218392e+00,5.846436462633352704e+00,5.603196873947415391e+00,5.347009114941791097e+00,5.163568629621612338e+00,5.521369097171488605e+00,5.607236475395599662e+00,5.776766458366313195e+00,5.703902183013367377e+00,5.517078651950491519e+00,5.396952217045377864e+00
2.772371152149424173e-02,5.256476900673493630e-02,4.362254552276192965e-02,3.895942299531857805e-02,-3.315895658157511257e-03,6.811944764718131165e-03,2.995621729301321812e-02,-2.742458469564143346e-03,8.317128731923192214e-03,6.169109357371898011e-05,2.356539973341258837e-02,2.790748836668898586e-02,2.129149593096498969e-02,1.883715195736209574e-02,1.414782213479224074e-02,2.438692693457096203e-02,-4.005942011165804575e-03,2.564594612637637744e-02,-1.437126429578997229e-02,1.460074192648726406e-03,6.345846785890224898e-03,4.498828165793038875e-03,7.648296219135092625e-04,5.788975007325260647e-04,1.929252139524444479e-02,9.847830435236413008e-03,2.318110242423260942e-02,4.752450157093841138e-02,2.708651866822114201e-02,2.420327307938095057e-02,1.805692836461180936e-02,3.789229962792518142e-02,4.818436884814665533e-02,3.989999531581461811e-02,3.931166963899274808e-02,6.242081275726191897e-03,3.459183429486635541e-02,2.001305073782935068e-02,1.661382144992270063e-02,2.028950183114527558e-02,4.264205727949660352e-02,2.353279134268541906e-02,3.626304595941007985e-02,4.224869729416038527e-02,4.836402874553519943e-02,3.371182913614269305e-02,4.493871051162724728e-02,2.101112043721645867e-02,5.950850332799877823e-02,4.468710443292295970e-02,4.870678226147758666e-02,2.925112908956854080e-02,5.718285348154453912e-02,4.707180637046345234e-02,8.898854250464197091e-02,5.759830932899054345e-02,5.282695941245044852e-02,4.162388592058092335e-02,9.498292431569822780e-02,7.045733625662599364e-02
4.635508912810303528e+00,4.563832465932413207e+00,4.498692275430440368e+00,4.316050913678893153e+00,4.542513719491612534e+00,4.500736420745312216e+00,4.222366184577397874e+00,4.725037709902053962e+00,4.511430070719429253e+00,4.661415148289435706e+00,4.625480223643992694e+00,4.725145356811313313e+00,4.709009345275136482e+00,4.043688809851881061e+00,4.429868184765431316e+00,4.357168826659852279e+00,4.461605228193336714e+00,4.725766060285202741e+00,4.862053293299058332e+00,4.310795076053347330e+00,4.743269241154039584e+00,4.365148192678091732e+00,4.417819179075219260e+00,4.509244308343622443e+00,4.761637632956726485e+00,5.017578599351437241e+00,4.524339759061963839e+00,4.889080891543864382e+00,4.706338788019357899e+00,4.719886376813783535e+00,4.637594648114481188e+00,4.662468872967549416e+00,4.381719353243305193e+00,4.685405487261872004e+00,4.596065287079005302e+00,4.605519622988428097e+00,4.497650341399695328e+00,4.744362302018648059e+00,4.204094500748002616e+00,4.368646126109752892e+00,4.911190481765255633e+00,4.664095452777500483e+00,4.624557850350027977e+00,4.747181762687826101e+00,4.487526638746201613e+00,4.934627598523262826e+00,4.698094042969303885e+00,4.520275046556399445e+00,4.543737509181089429e+00,4.672017916206944399e+00,4.792373088736246345e+00,4.464337689475660120e+00,4.651987993679991717e+00,4.654892259080640748e+00,4.846498496227057196e+00,4.732372685090132869e+00,4.574113841488798293e+00,4.940864550765891927e+00,4.866406683066451855e+00,5.034595753818798869e+00
8.082308370033832290e+00,7.874436502389400516e+00,7.924188590009293875e+00,8.084920413957949137e+00,8.222735699101590967e+00,8.204789514253977956e+00,8.024003102208180138e+00,7.964315399796883632e+00,8.008749722966342688e+00,7.910088034344384234e+00,7.972915966927454079e+00,8.201882153521102836e+00,8.187049023891562527e+00,7.967715809556943363e+00,7.975083606578351691e+00,8.254026905187494378e+00,7.960135407603989854e+00,7.862174892674419269e+00,8.062880473663692982e+00,8.173920115941099240e+00,8.002538000958237419e+00,7.999531635282847830e+00,8.140512670714118215e+00,7.832642103065807326e+00,7.978208393749552485e+00,8.222876320567420905e+00,8.112122003128117598e+00,8.035043293805660625e+00,7.949696880561711865e+00,7.782033525422511033e+00,7.780902559704473198e+00,7.803834080411299112e+00,8.095313284680290877e+00,7.963509426506546696e+00,7.952622212472543417e+00,7.895708981464958143e+00,7.932910038684081400e+00,7.868482751854929624e+00,7.952038162833195756e+00,8.030188503695297797e+00,8.414281879721615454e+00,7.869947484652767500e+00,7.780602068118856351e+00,7.781373571709774062e+00,7.682535714394155058e+00,7.906668076037909110e+00,8.100725327751748139e+00,7.817145276519889663e+00,7.673868672147706960e+00,7.658822615163367153e+00,7.669433501966000044e+00,7.501967593815390245e+00,7.443488065843284929e+00,7.573069600102684262e+00,7.829240454517806924e+00,7.922142090279772120e+00,7.923394791679043259e+00,7.797320475240303139e+00,7.867781471673787053e+00,7.707022987913583201e+00
6.275269981035169309e+00,6.223143643189567698e+00,6.178643272683779664e+00,5.745604558136926165e+00,5.898759033728121715e+00,6.223869764520736148e+00,6.167918010711095356e+00,6.137348290012866414e+00,6.182532508033525609e+00,5.802255635433796854e+00,5.652468628180699284e+00,5.940401111995202044e+00,6.311008863308003036e+00,6.231131141893977876e+00,6.270647979160469454e+00,6.046128357561250333e+00,5.934839156139427807e+00,5.633278197338314364e+00,5.978542809317134221e+00,6.202897757563285985e+00,6.126946845276163955e+00,6.135713540948364297e+00,6.170692697255948822e+00,5.954419597397019537e+00,5.758693566338595637e+00,5.823848013031819981e+00,6.068963465114252109e+00,6.159583242120679536e+00,6.533317096837922833e+00,6.181820096353507488e+00,6.406624338503493554e+00,5.638047399413952832e+00,5.902661132750678163e+00,6.265912712414538177e+00,6.153671778035148421e+00,6.558786725655450844e+00,6.360120045309082926e+00,5.944122633041292403e+00,5.609998159370925386e+00,5.847545764407257707e+00,6.283117417537184224e+00,6.163914064001485116e+00,6.097862953805829989e+00,6.048395078748879605e+00,5.873067996848662986e+00,5.487201355401721159e+00,5.807361400867998569e+00,6.168279879402740029e+00,5.937440397265727476e+00,5.910393904362257089e+00,5.774228634082069433e+00,5.877059264341183642e+00,5.421112812619255372e+00,5.477090745886838974e+00,5.669219929267765856e+00,6.115358658605724251e+00,6.013317236823830569e+00,5.822915820066010717e+00,5.690869228819669168e+00,5.468225484967068617e+00
7.087334977965622507e-01,7.370899144909903722e-01,7.272768781655193360e-01,7.092999701008164681e-01,7.021643449660156522e-01,6.874026132022965641e-01,7.144685868664520934e-01,6.925019307126197843e-01,7.052136631068702810e-01,6.934748040349695275e-01,7.011832124715485781e-01,7.109455759569042188e-01,7.043787333373449089e-01,7.566043866745153501e-01,6.998095945967605092e-01,6.708576105254946409e-01,7.196521896830534448e-01,6.754689161583531387e-01,6.951764715109014503e-01,7.056986679750162361e-01,7.046061572301629550e-01,6.904690866988881792e-01,7.013108250420416745e-01,6.957805245669771432e-01,6.844232917244064129e-01,6.625912651760224037e-01,7.016077563535383366e-01,6.659900451379033859e-01,7.389102618287398672e-01,6.529625900356766932e-01,6.826650588574110223e-01,6.952306256882228030e-01,6.779291575249940527e-01,6.581401234547421542e-01,7.259998906892735082e-01,6.946807354035425819e-01,7.469467865674642715e-01,6.527781588792036516e-01,6.504770101917918268e-01,6.380853270309746472e-01,6.603747297573160369e-01,6.320575147935180160e-01,6.840767381247703227e-01,6.618764638375412845e-01,6.665985920597202741e-01,6.811184293707764903e-01,6.976651259947505013e-01,6.874809990036810925e-01,6.358096360668791247e-01,6.624192817756515694e-01,6.717446445920757236e-01,6.827873835184572471e-01,6.323549843822613425e-01,6.869850981424066028e-01,6.614470884107559456e-01,6.385292122450830776e-01,6.488535313950155592e-01,6.991103497907765751e-01,6.494295794192355142e-01,6.513173964066771848e-01
4.536993093878603389e+00,4.616813938642312820e+00,4.616326436228274765e+00,4.664773141200868167e+00,4.745181769429278162e+00,4.643571946987314014e+00,4.464817079412137346e+00,4.391193316112223854e+00,4.465888575467660715e+00,4.384472750165822497e+00,4.465442271201881752e+00,5.068094319502529643e+00,4.804935834429102215e+00,4.531142953800264550e+00,4.796989510564194426e+00,5.596537592449055687e+00,4.820527992369318504e+00,4.673703029978727663e+00,5.196464876445742398e+00,4.789829570772901945e+00,4.738080098704210208e+00,4.845996495187971931e+00,4.454533109913796807e+00,4.491120961999397032e+00,4.970815187526766543e+00,5.009418091191782274e+00,4.673080427235336565e+00,4.689377309814371841e+00,4.302778226675501472e+00,4.317973287103004765e+00,4.665954039470943115e+00,4.521296094408633337e+00,4.764315550842956881e+00,4.205719036828782897e+00,4.477211214085516033e+00,4.521859252984554267e+00,4.510817974040491229e+00,4.386287710025400521e+00,4.865871704129379083e+00,4.565365700537403093e+00,4.746866258553676055e+00,4.795793177634218196e+00,4.830485861706927508e+00,4.769656114833637162e+00,4.894144147016247004e+00,4.852072239206887794e+00,4.811682890176484761e+00,4.531349268090669291e+00,4.513980300686725400e+00,4.634097477023157552e+00,4.673243847198716772e+00,4.577733509854369665e+00,4.466907537403723261e+00,4.447236348171869302e+00,4.731349007364774373e+00,4.653175776810545727e+00,4.575890768729790281e+00,4.800928790755260245e+00,4.689821673711676908e+00,4.494178594387667758e+00
4.662998689145504194e+00,4.430580963581196130e+00,4.433635458857010825e+00,4.636406003653553043e+00,4.826579770513883538e+00,4.173861743804431867e+00,4.554422378417598338e+00,4.188219661981930741e+00,4.395947056671861475e+00,4.305012170523720094e+00,4.379575033316856825e+00,4.626875383804192943e+00,4.691090997995607914e+00,4.574024470095636730e+00,4.594172826860891234e+00,3.911107059632259464e+00,4.156207024600186983e+00,4.221732244131056966e+00,4.342793092147271494e+00,3.951453317715887259e+00,3.914669446747986559e+00,3.784777352534897776e+00,3.935555891979991561e+00,4.207552821146232525e+00,4.356623671361982808e+00,4.540894328461821949e+00,4.330337946547291317e+00,4.341899566375950315e+00,4.346068431526253661e+00,4.333404352809636428e+00,4.183147454531294329e+00,4.567144878288328158e+00,4.792419717935842094e+00,4.275512169078267810e+00,4.142453845827705372e+00,3.931464070648913012e+00,4.065943669866810772e+00,4.509327958344961473e+00,4.760281740990405908e+00,4.407487671192487966e+00,4.267075900678054978e+00,4.187065602383897023e+00,4.128944817555542990e+00,4.234137876805904810e+00,4.463085497571250393e+00,4.269321529318851560e+00,4.253604401897156606e+00,4.409420823065693718e+00,4.376608173802381430e+00,3.948824942622743972e+00,4.360664671428745365e+00,4.203928557162043944e+00,4.059500408712605868e+00,4.513718277193728312e+00,4.006784440639077793e+00,3.855493525730592008e+00,3.971671602563298098e+00,4.359117936497557189e+00,4.329056281046775645e+00,3.990733334586788139e+00
5.104117745310609244e+00,4.649420480668387867e+00,4.773458886146912938e+00,4.351139640523999041e+00,4.685452514279245584e+00,4.696200199123821584e+00,4.404381255275665374e+00,4.981521470848062627e+00,4.825193183020980214e+00,5.252097237969932664e+00,4.876290375068615290e+00,5.436443474258005892e+00,5.741508710178664820e+00,5.292286139140008672e+00,5.595289025025851792e+00,5.641796067655972635e+00,4.651797909000203290e+00,6.890595110758651387e+00,4.674532033682365473e+00,5.483686444693747220e+00,5.604541196848076723e+00,5.743353119229130499e+00,5.688515173912863432e+00,5.262055697192573156e+00,6.829963079221924360e+00,4.916495714264176087e+00,5.223293995419885150e+00,5.363140269795737325e+00,6.861742238463913068e+00,5.189732903309522527e+00,4.888658046873961993e+00,4.958472930438921900e+00,4.735231246635046354e+00,4.730746261433668387e+00,4.870503085791220599e+00,4.550253805229727888e+00,4.991437678602434147e+00,4.662652759681929382e+00,6.885297983660598753e+00,7.102347765583875372e+00,6.068102657312889114e+00,5.569857169728847701e+00,5.699967918162457181e+00,5.025213764216618806e+00,4.975641612734454711e+00,5.019789609347215631e+00,6.044655723342831521e+00,5.056509360902709638e+00,5.085559477530394723e+00,5.195731750497188273e+00,4.647104068741600535e+00,5.484721326069419867e+00,5.191636040383739825e+00,4.889510477974950753e+00,4.865723290570096005e+00,5.726770686728568371e+00,4.782445882449339436e+00,4.848711675357596285e+00,4.340956074418231836e+00,4.590758101313253015e+00
1.097819247482668015e+00,6.917081270641534108e-01,4.224399049835003521e-03,1.385776630581406543e+00,1.097397396085771692e+00,6.958979581281236060e-01,1.097149489759855712e+00,6.937325439038772856e-01,7.000711347000746453e-03,6.940933323172643332e-01,1.387829839172611157e+00,1.386571284179671570e+00,3.408094629772267289e-03,1.067835952599426097e+00,7.468797351386828598e-03,1.092471330436428856e+00,1.099079726464393003e+00,1.780482502126858879e+00,1.099088243942903498e+00,6.896434832193343301e-01,6.862805729793575171e-01,1.095032611881481044e+00,1.609851501512330696e+00,1.944540706018960341e+00,1.389896920122395407e+00,1.530642292557008011e+00,7.018471469823422959e-01,7.028004225927785287e-01,6.895049677267779398e-01,1.103605313572448843e+00,6.510485354735935370e-01,1.386987270974279651e+00,1.338698104128489275e-01,1.080177054279245263e+00,6.748440459193051355e-01,1.762733764309671325e-01,1.616007357621018548e+00,7.642271902173165821e-02,1.595156539933237694e+00,1.603289174392088956e+00,6.664651426509782262e-01,5.042177168074572086e-02,1.102961778935337644e+00,1.099708555797520360e+00,1.364085247183334459e+00,1.096269462698512331e+00,6.922214720268057286e-01,1.187456336609071517e-01,6.709757278053439800e-01,6.690628207293645158e-01,1.094843603038650137e+00,1.089329416903156211e+00,1.095317270527063069e+00,1.396938022135057578e+00,1.064259590250151016e-01,1.797046879706784450e+00,5.610401244796828224e-02,1.102910047948823413e+00,1.412654590781004194e+00,1.090058429469884071e+00
3.736787158737335357e+00,3.753314527337331175e+00,3.736777385615607905e+00,4.289882419171556549e+00,3.996158093958440460e+00,3.135432527620868104e+00,2.566034300192229001e+00,3.177544993928786976e+00,3.177211603569404907e+00,3.553996730613412591e+00,3.784888047310250414e+00,4.019708608992619503e+00,2.889326664550263768e+00,3.087889153645802409e+00,3.507180611419978611e+00,2.939909762473918775e+00,3.552925989708290544e+00,3.938832643234774444e+00,3.759309810316994849e+00,3.617365399097789425e+00,2.770558386455014510e+00,3.094703238409626245e+00,3.368027938409349886e+00,3.400042718599038505e+00,4.115029271824727886e+00,3.613305204238479895e+00,3.787247634090935122e+00,3.538671920012770755e+00,3.143232549951280319e+00,3.341470879678675399e+00,3.584352079554285808e+00,3.569237574850718797e+00,3.998784894059984829e+00,3.110660755647408848e+00,2.843827800156972341e+00,3.153585160526337194e+00,3.283450962900279713e+00,4.360388587799279847e+00,9.363916217488922555e+00,7.471822580622272447e+00,5.992639016640083582e+00,5.458660732527692794e+00,5.037329728077260427e+00,5.025961009826950487e+00,4.641114621536408080e+00,5.067589151223629074e+00,5.009408461881324826e+00,4.619732330539894072e+00,4.931434398219566084e+00,4.420277304371838412e+00,3.770983130977068942e+00,4.111079068018162808e+00,5.540157094305561358e+00,4.671989786631713493e+00,3.954571438268533079e+00,4.003946848689663440e+00,4.174213812132512302e+00,3.891381951300361131e+00,4.043346497725217148e+00,4.835629418675448932e+00
6.923237024918009741e-01,6.910192075679505441e-01,1.097875493815820613e+00,1.386536697065072321e+00,1.605693445736804836e+00,6.954980749308992127e-01,-9.994325345562713944e-04,1.097228252224105471e+00,6.902649827257382187e-01,1.098391891272168186e+00,5.408076330847848626e-03,6.913910438397102842e-01,1.270258671595303913e-03,4.170435712715143267e-02,6.953570554106016655e-01,1.096699349964477710e+00,6.881626973457515006e-02,6.849286315147525839e-01,6.847027749250487183e-01,-2.250285725608153729e-03,1.076721927346551588e+00,6.710299156032265566e-01,1.756295952744875377e+00,6.906643522379898315e-01,1.608575793320795366e+00,1.794698848093020604e+00,1.386516872199751393e+00,1.615695379780353491e+00,6.805712676027664276e-01,1.617437757356780414e+00,1.116721691804563266e+00,1.098303503175427798e+00,1.380528259430355620e+00,1.113474571246895639e+00,1.388009716036948449e+00,1.109260022248901967e+00,1.095264544988009403e+00,7.139423357142418158e-01,6.955316198284069440e-01,1.606662068956315137e+00,6.878909246783306841e-01,1.282760376525857449e-01,6.836861842872292427e-02,6.728204896299870841e-01,1.966232140077807111e+00,9.018191202283841468e-02,1.072581550793423100e+00,1.079551200091750429e+00,2.937677902931959753e-02,3.382240740370397875e-02,1.768775313980757824e+00,6.701167983925337968e-02,6.796827905822422355e-01,1.531199792184858854e-01,6.507799054546039574e-01,1.616820922521628567e+00,1.231079370647310961e-01,6.868076611736698700e-01,6.905480759540207902e-01,6.883406404817556945e-01
6.459892429480516007e+00,6.750392298571787464e+00,6.525374758781090634e+00,6.505482541649501904e+00,6.523354898041221261e+00,6.420691960117475894e+00,6.081288983077565824e+00,6.077138982086331076e+00,6.488580981198438735e+00,6.252987310638689067e+00,6.559584206248878502e+00,6.403019944269514596e+00,6.016439413873245101e+00,5.837326535026337027e+00,5.828986776180391516e+00,5.946147042568998842e+00,5.969468927175326733e+00,6.213854852444187671e+00,6.140915672584516649e+00,5.961085963864913850e+00,5.889656722203492123e+00,5.901706924123958586e+00,5.953634783270350894e+00,6.128956770058943349e+00,6.736448485766610261e+00,6.488824667682001390e+00,6.027023816760266328e+00,5.892041802726014410e+00,5.856170026645769688e+00,5.956385176720236707e+00,6.010363654699965252e+00,6.310394878190089152e+00,6.149067489726962599e+00,5.706229647456901866e+00,5.848614926845754347e+00,5.959701083332104687e+00,5.805059235474731238e+00,5.975565828054747897e+00,6.290751588950540096e+00,6.075116656797648673e+00,6.200844713141860254e+00,6.234011780905812650e+00,5.904682610136107179e+00,5.733653862940752077e+00,5.882319053275632648e+00,5.911682912410731738e+00,6.141478834227403816e+00,5.850918121928730287e+00,6.272275151156413209e+00,5.976465086058889931e+00,5.889913314545919043e+00,5.967741661032476053e+00,6.054749958365571949e+00,6.178159060996685881e+00,5.780285734674329490e+00,5.775385865908445382e+00,5.979555794066309105e+00,5.878872874259078785e+00,5.909376442832404486e+00,5.542853833273720277e+00
1.948509060773174983e+00,2.195839356965499256e+00,3.044216143908658356e+00,2.706357852058081104e+00,1.608212599511913865e+00,1.390485995023902799e+00,3.782981625080840793e+00,1.140927385654967097e+00,1.388271451090406838e+00,7.252319517807102045e-01,2.085408342107791579e+00,1.610388729368544825e+00,1.609251091722796456e+00,1.794771595533594777e+00,1.385062546118697391e+00,1.389195652724452668e+00,6.953605812875763847e-01,3.212820745232598529e-01,1.383422710611729167e+00,1.105180713832036865e+00,2.306855359905159109e+00,1.093718439454286706e+00,1.607699385463591701e+00,1.610594714286395668e+00,6.652155157387783513e-01,2.398381861333931386e+00,1.800138250835951359e+00,2.567033960121366754e+00,1.609424287773868700e+00,1.387801935504843209e+00,1.611411674943719952e+00,6.863806521620694490e-01,1.609094011087112142e+00,1.388699003255683628e+00,1.603396492152405539e+00,1.605563488707917763e+00,1.941981763081831680e+00,1.796236977775438781e+00,1.391567475103971718e+00,6.920947381508345542e-01,6.854054945249551389e-01,6.968861934694868809e-01,2.485256953935965019e+00,2.651627908687905766e+00,2.706687039108059079e+00,2.403670436418219758e+00,2.306734133468722803e+00,2.298057084484709023e+00,2.307764275204843507e+00,2.713736870931105383e+00,2.639597071495596303e+00,2.566066732984152665e+00,2.082036038837050462e+00,1.788373588509193590e+00,1.790961126928684033e+00,2.301765434534083443e+00,1.610191446878394661e+00,1.096963445462607156e+00,2.052497117968612006e+00,2.481527650935981821e+00
2.565754473123587065e+00,2.889602471305856568e+00,2.397918736686496022e+00,1.946444104522162100e+00,2.640890407583168731e+00,2.772345359766418937e+00,2.564088133564204952e+00,2.079954879135808454e+00,2.303202175171730648e+00,2.944100686003110923e+00,3.496707389315409031e+00,2.197284206866459755e+00,3.217551735970170412e+00,3.137413573860540872e+00,3.331676461233243902e+00,2.890555636714964738e+00,2.637755456241338781e+00,2.895501772855385347e+00,2.998074794270790377e+00,2.485027226135569034e+00,2.399654786454977984e+00,2.303778790194188186e+00,3.093031712174318493e+00,3.177554855822845692e+00,3.135124460826034021e+00,2.833966831515828400e+00,1.946220531974736323e+00,2.639687467109677943e+00,2.397714146649255529e+00,2.483427250252979057e+00,2.944265776468928397e+00,2.774076954958816010e+00,2.634061977465945947e+00,2.775225416507494547e+00,2.477801515512211061e+00,2.482249726572096638e+00,3.135724857914330421e+00,2.640206853411766641e+00,2.998514713246655194e+00,3.135320354594704817e+00,2.892855000614799721e+00,1.951335552611161095e+00,2.646827386016476602e+00,3.400334203980630576e+00,3.217882331102751348e+00,3.332196546274631022e+00,2.834194382884319463e+00,2.706427489828720834e+00,3.429453276656426297e+00,2.945545648178998555e+00,3.060274683403418905e+00,2.890690977822617302e+00,2.565535837764001403e+00,2.403207484772591052e+00,2.839483452648697170e+00,3.849146520498039070e+00,2.484751066450960444e+00,2.080191740414294888e+00,2.944544502153538801e+00,2.564617512696803381e+00
5.095130176815645839e+00,4.833686491590380996e+00,4.868199862911264830e+00,5.171834583918637485e+00,5.335197324036820454e+00,5.174487185075693496e+00,4.746818714607599965e+00,4.852894926092637284e+00,4.763078139753204709e+00,5.014756327782021295e+00,5.068267199409763890e+00,5.368437200895348482e+00,4.858404996449192659e+00,4.690853501013462434e+00,4.787533886806367711e+00,4.509642931575896796e+00,4.576387848494606558e+00,4.918368409262683372e+00,5.230253328066788221e+00,4.973784979092118697e+00,4.867438707991468050e+00,4.761184740753289013e+00,4.700241795652284615e+00,4.637144206085321407e+00,4.987404960403813980e+00,5.213068286918163707e+00,4.873319045610995381e+00,4.719076987327274431e+00,4.644750858696891527e+00,4.690782528413705244e+00,4.812179540673971800e+00,4.834238283921787449e+00,5.247008788503324972e+00,4.736959765100025699e+00,4.669402549450324180e+00,4.625400635667261895e+00,4.710288084262858277e+00,4.850557730372282883e+00,4.932637599710501419e+00,5.331023316561397607e+00,4.990675091075795322e+00,5.071183734658823994e+00,4.946557385221820979e+00,4.956409164496766273e+00,4.961834504980330962e+00,5.093661792792198106e+00,5.292877100084615094e+00,5.072369462828131503e+00,4.954438142382414867e+00,4.889126121321600849e+00,4.761518382597761168e+00,4.727244908718447824e+00,4.763663850403679234e+00,5.045945583420795799e+00,4.979575709761439484e+00,5.274937653374900393e+00,5.262358289995281879e+00,5.216136722069554921e+00,5.141556248086756931e+00,4.797729055735000081e+00
6.279692961730341416e+00,6.170003115772409785e+00,6.288550132603530685e+00,6.205159163105223641e+00,6.361996797753692867e+00,6.395544170223908864e+00,6.319967396091770162e+00,6.113468260920970287e+00,6.168746385033410995e+00,6.217116609507353786e+00,6.066442680013479638e+00,6.264899781491533481e+00,6.364905499899943919e+00,6.317521019128541582e+00,6.283674686870786452e+00,6.321854716263879403e+00,6.240036634243480762e+00,6.011499093551943673e+00,6.250798419605508194e+00,6.315813483621246505e+00,6.249151202777524894e+00,6.411237610371787632e+00,6.273167192079352361e+00,6.329304661845903901e+00,6.155539182137469645e+00,6.356673148880010338e+00,6.433569498890733485e+00,6.374677905686747081e+00,6.357181432229916496e+00,6.289820289109965934e+00,6.443192181038417843e+00,6.271112236217394553e+00,6.439317100434371888e+00,6.315112446839198590e+00,6.339003751920650132e+00,6.375657700958987206e+00,6.292495568084713220e+00,6.472495489669599422e+00,6.288729470237107044e+00,6.393119168387304541e+00,6.448860777838751446e+00,6.534806264911059870e+00,6.452626481704758277e+00,6.383006237905190616e+00,6.248155077951214054e+00,6.251408886461899073e+00,6.411758506720886430e+00,6.575708680894284619e+00,6.545566448868595621e+00,6.456987641060140781e+00,6.473539768474376288e+00,6.275619493637996982e+00,5.775675632132460713e+00,5.956339341961277789e+00,6.287231174953564761e+00,6.356314299165092052e+00,6.429270139309090304e+00,6.509887679098805613e+00,6.350752522233958253e+00,5.971934290811588220e+00
5.028240882054580752e+00,5.012303211130520353e+00,5.021721339948838292e+00,5.067147965719747127e+00,6.146031649567111010e+00,6.387891317423093795e+00,5.576761731329461291e+00,4.824034929966607876e+00,5.328106663055005576e+00,5.176394388673217328e+00,5.342651358008422946e+00,6.203999237606340422e+00,6.464520820317209981e+00,5.554832552150661407e+00,5.681171313650300370e+00,5.920626985690605970e+00,5.499761483230588333e+00,5.363057085886930864e+00,6.340297452526862720e+00,6.553443493757865390e+00,5.802759993537024208e+00,5.606122961507704616e+00,5.185199677509669591e+00,5.624997129556235542e+00,5.729978146074928169e+00,5.961202695740346336e+00,5.968972831616016883e+00,5.443139165967991744e+00,5.024325451637039031e+00,4.794022678582857466e+00,4.664150526724474943e+00,5.132302789155847478e+00,6.062800989650994232e+00,6.032594287363128416e+00,5.595709584614954046e+00,5.387701927190324369e+00,5.506135680782612951e+00,5.386108963362742585e+00,5.411043464799327296e+00,8.263127979405910040e+00,7.898570707644909206e+00,7.201940368035995910e+00,6.983933509728547762e+00,6.441212297405223275e+00,6.348585219301952520e+00,6.870458884220007612e+00,7.692833492782780169e+00,7.978607596866197582e+00,7.338795267890636076e+00,6.558229743884027130e+00,6.226813687610699866e+00,6.097358044845802461e+00,6.463098021146362449e+00,5.878746184534687558e+00,5.622131425494528933e+00,5.431982311885212411e+00,5.651730606958073722e+00,5.167608730270793593e+00,6.043841489526702304e+00,5.272058173329266850e+00
6.972907670362729071e+00,6.837961695936479067e+00,7.893153381106984945e+00,7.691773376285950370e+00,7.216483652352633449e+00,7.268854797650134536e+00,7.180306128982987701e+00,7.288093258462151169e+00,7.283190847241733046e+00,7.204543053799290497e+00,6.972374175634309168e+00,7.308750402809793378e+00,7.359501781608226878e+00,7.401179028999076870e+00,7.445115341902370787e+00,7.461633695796331622e+00,7.301750179126657692e+00,7.000442522088722086e+00,7.531132418333211120e+00,7.619584812956516906e+00,7.618539037516839585e+00,7.717592939028250498e+00,7.800204593428942346e+00,7.585594806155124381e+00,7.256251735963305194e+00,7.832710263290243446e+00,7.931990523599704801e+00,7.914911986854036741e+00,7.977005221037699378e+00,7.946847468010308724e+00,7.805320518036428901e+00,7.554556157062506827e+00,8.142928356404757650e+00,8.079795817746589393e+00,8.541868878282015132e+00,8.248225883371818057e+00,7.963355944393843977e+00,7.703304418231699202e+00,7.352629589628154605e+00,7.907198076115715679e+00,7.930297857756811730e+00,7.903600415014093272e+00,7.945822201612359414e+00,7.810121645758691500e+00,7.466237762623074481e+00,7.236931034759091830e+00,7.816038820257322328e+00,7.781980571895096510e+00,7.752037274413404511e+00,7.710378568072002281e+00,7.670485714181882742e+00,7.261707463798945383e+00,7.006735996394111154e+00,7.313701815871924694e+00,7.235731760223217179e+00,7.270504265399250876e+00,7.192011900828509496e+00,6.790034449263266048e+00,6.958560814094320257e+00,6.449892740907205102e+00
5.369349020804048855e+00,5.464697845170819690e+00,5.592605157931307858e+00,5.912501835485290513e+00,7.297268232732908366e+00,9.551419805454434808e+00,8.000349875790583098e+00,6.572990294400712585e+00,6.294988705556868069e+00,6.168151916664848855e+00,6.003918520637188116e+00,5.916543138680815161e+00,5.667920171965504572e+00,5.699771888088331906e+00,5.872199790561559496e+00,5.642565213238714072e+00,5.585017439516868798e+00,5.497414627339987980e+00,5.606444040238363513e+00,5.538731831310469644e+00,5.672383408047557474e+00,6.321098227670108649e+00,6.198309759739376368e+00,5.671154719118653098e+00,5.615102620636360342e+00,5.949594615373919204e+00,5.795051815675267726e+00,5.638336448731381623e+00,5.528166040960354799e+00,6.150682597386678552e+00,6.179461013912849410e+00,6.638116168001107376e+00,5.995229496212135523e+00,5.866096599642117049e+00,6.404321910024017406e+00,6.046017783622490427e+00,6.369378463882726216e+00,6.413243421432428981e+00,6.715459285659464150e+00,6.320900154459574871e+00,5.833669711606330743e+00,5.616411402763690219e+00,5.858312822977183920e+00,5.778522089168450115e+00,5.475955929352887885e+00,5.937641948725250529e+00,6.036071641318855541e+00,5.884691216884051279e+00,5.497682981724008933e+00,5.760643692566923768e+00,5.407429522428932600e+00,5.599561675636667069e+00,5.536316976681742830e+00,5.817873579726401623e+00,5.959455338060239526e+00,5.612257930229696434e+00,5.830787963318202038e+00,5.845860463026006038e+00,5.879965158120040947e+00,5.665616895263345221e+00
1.387636552407592205e+00,2.889817194843379955e+00,1.386912914051303458e+00,2.830837480476238621e+00,1.942970547295577166e+00,2.942538461296928087e+00,1.386069422954604446e+00,3.400007525464823654e+00,2.399746166140820147e+00,2.831355962932649462e+00,2.397968974584204105e+00,2.564565496685811130e+00,2.640393345855913676e+00,1.390757508330573433e+00,2.079092192776963444e+00,1.391052029635384768e+00,1.943536170307548661e+00,3.436517369509309194e+00,6.900232808601127754e-01,2.838393731747356430e+00,1.612010091392016120e+00,2.643801968050516926e+00,1.959445097547100056e+00,1.638020867651517776e+00,2.214278268531637117e+00,2.887297541421502522e+00,2.995619064992967484e+00,3.368397376667005894e+00,2.772722831127718113e+00,2.229995812977844327e+00,2.187824456095327275e+00,2.082053531035082727e+00,1.615733245856829203e+00,3.713344782421015289e+00,2.774530601784037653e+00,1.796899801942755781e+00,2.710074463195591310e+00,1.392215530936113499e+00,1.631459426864836804e+00,1.620781092389226519e+00,1.956153751490283366e+00,2.202399290982557378e+00,1.810644327415443788e+00,3.156244901387984747e+00,3.672341481227519022e+00,2.597086250513016559e+00,2.639943590208588819e+00,5.073415037826871199e+00,5.330439059180857697e+00,4.383627972372840631e+00,3.805264946898606393e+00,2.302091613767130784e+00,2.024254822951466082e+00,1.792364581786345390e+00,2.947176860702160006e+00,3.628510721958539520e+00,2.753735468711384193e+00,2.788102076815730079e+00,3.043433588935438028e+00,1.787511697516576570e+00
6.985871056750910801e-01,6.432241861930419399e-03,2.663469959371078579e-03,9.643809474454511851e-03,9.709868618659913200e-03,6.400999322462554986e-01,6.950435341873948403e-01,8.858259270582865413e-03,1.404511409554417556e+00,1.102771502021214323e+00,5.218818815545368285e-03,2.880231087197654763e-02,-5.773874690644468502e-04,5.253148435276246975e-01,2.518567138289197135e-02,4.415114519802038062e-01,3.497429197355604591e-02,4.894370587088872626e-01,1.367243401117373101e-02,1.462940813411712365e-02,5.676880872637054404e-02,3.373121241708657014e-02,4.142098888050715910e-02,9.499679294652884146e-03,9.977249957264154867e-01,5.439964300418057563e-01,7.467092722910910474e-02,5.718708985257258126e-01,9.748159714169153389e-01,9.561724220273021269e-01,5.004403624788824612e-01,9.466421745612323135e-02,1.100109367982385900e+00,4.917238472581966224e-01,3.439661517512029171e-02,1.496543394931985349e-01,9.454282088638893411e-02,3.152708367243470949e-02,4.597301550831250916e-02,6.861565932233318343e-02,5.711881575927209020e-01,3.557309424126541497e+00,2.120183534449758600e+00,1.260156875310378455e+00,2.084024441836554775e+00,1.211914609166684365e+00,5.990277349187741462e-01,6.722328493681180017e-01,1.300251141568735003e+00,1.510915902625910023e+00,2.420492825805032222e+00,9.835502698453930659e-01,1.050937673229659808e+00,5.854656595583355161e-01,4.663890022687590120e-01,1.270270506491242513e+00,1.278042247573859758e+00,5.667005936535868954e-02,5.525676905211838186e-01,5.198784919276576710e-01
3.978609543490898126e+00,4.156801528953011804e+00,4.045020979410679729e+00,3.962103111492067509e+00,4.901198660373338178e+00,4.059135578338715966e+00,4.128534787563513220e+00,4.222738556883628647e+00,4.122135297354423855e+00,4.111676761790085344e+00,4.217899587907993464e+00,4.890920731694578194e+00,4.109208180389607001e+00,4.055294360787670804e+00,3.738986076682017323e+00,3.805534983594106357e+00,3.977404813983793641e+00,4.330220842141335069e+00,3.930725767712116347e+00,3.735847144033449307e+00,4.442155306525818581e+00,3.931280133070809146e+00,3.911856005495918165e+00,3.783903041997902061e+00,3.582284591273825924e+00,4.630294445256733837e+00,3.966696946884553654e+00,3.522961938934462189e+00,3.761491060422234245e+00,3.848779147348621699e+00,3.259215789068987235e+00,3.911033600586171666e+00,5.788951024155923442e+00,5.359539357147935057e+00,4.733662212539399228e+00,4.760987595432697006e+00,4.859777235223671887e+00,4.396943478262006266e+00,4.314808764828526932e+00,5.035152934662337820e+00,4.404003950502183962e+00,3.711165906614766197e+00,4.217348183153444729e+00,3.466928956077683033e+00,4.023402638376650131e+00,4.701596426630884729e+00,5.317026181478913038e+00,4.930423619538759183e+00,5.032999574935133502e+00,4.792268237370005401e+00,4.329880508340940182e+00,4.386065249356536633e+00,4.502559066702016111e+00,4.315921202300936343e+00,4.526163712586209087e+00,4.423960001700952382e+00,4.357353091803641831e+00,4.243649904838602716e+00,4.469587447453000628e+00,4.938797936270082900e+00
5.406557317240349825e+00,5.233883912547273809e+00,5.258298950638208069e+00,5.130984463581701682e+00,5.363970981065278032e+00,5.231063507022449599e+00,5.421083245573275811e+00,5.069509092053931631e+00,5.387151261437092664e+00,5.623368660954226605e+00,5.640346711981875316e+00,6.397616541412703306e+00,6.174300913962137649e+00,6.164114240344204632e+00,6.001336981425899886e+00,5.952431181157648687e+00,5.854076439502381213e+00,5.840823808093961844e+00,5.940409716628710868e+00,5.713437008759210123e+00,5.553081369146011248e+00,5.524944795828163002e+00,5.431088462598297362e+00,5.575630656493326676e+00,5.550216613545961408e+00,5.541953601858462086e+00,5.600540458228602247e+00,5.585115307100530835e+00,5.410739689960215593e+00,5.466105883701401602e+00,5.562320917274699461e+00,5.517042014550481710e+00,5.667595218722805583e+00,5.572372921364141085e+00,5.646160670223657974e+00,5.579752939491954500e+00,5.944207231760424648e+00,5.636000897928457931e+00,5.628902270730039348e+00,5.868046545657029434e+00,5.575782567281182267e+00,5.552953753242158008e+00,5.913826705281780782e+00,5.626845490331285227e+00,5.692025879245892206e+00,5.541577193846999094e+00,5.682350999362932420e+00,5.415320088078881433e+00,5.594967979649981160e+00,5.398366461412672734e+00,5.591314175476599146e+00,5.672255299555576613e+00,5.611278339783055458e+00,5.584302054032110441e+00,5.510996687380003145e+00,5.482394295913522342e+00,5.619614819560301733e+00,5.782235529584101918e+00,5.982753583692871580e+00,6.230044413052347352e+00
1.408663076836175199e+00,1.956312378560740362e+00,1.120555603728032423e+00,1.408839443331191044e+00,1.637317606776552692e+00,2.082571384833137085e+00,1.100303882811276779e+00,2.300072666079984618e+00,2.078869557493512321e+00,6.965465322864069497e-01,1.609980354739451114e+00,2.205242286981509370e+00,1.792050041962149232e+00,1.410701885858121285e+00,1.610327224658227196e+00,1.618561652942486662e+00,1.800811984084121020e+00,1.415044842860415431e+00,1.404566917815735616e+00,1.386445863858252858e+00,1.390903007878298236e+00,7.015439245531516210e-01,1.621449144871281556e+00,1.948746689080425920e+00,2.084248153049120145e+00,1.794763616575557608e+00,1.944077557803373324e+00,2.205183066344572840e+00,1.604927338381976210e+00,1.798534393258430342e+00,1.375978166397059610e+00,1.998448522914194170e+00,1.946151709375005590e+00,1.968098592363942023e+00,1.397149209169870732e+00,2.300335150397058825e+00,1.975704349530179593e+00,1.805619792009864888e+00,2.200397140796837903e+00,1.614286314222265206e+00,1.954108652795586210e+00,1.803051167269316135e+00,2.073798977760542783e+00,2.211754873133637389e+00,1.633478813401438190e+00,2.075483903955126941e+00,2.398466360258472818e+00,1.793019177836035594e+00,1.972026108939320066e+00,2.598023634599515574e+00,2.194518088285886126e+00,1.621736767728079842e+00,2.231991115854409458e+00,5.914131669612475051e+00,2.088478265545107515e+00,2.395031724272559170e+00,2.092284035658948937e+00,1.963671261276974445e+00,2.184382196046212865e+00,2.693335171324360289e+00
7.768825452995224090e+00,7.958758855855291081e+00,8.139581245199201120e+00,7.656404180113773883e+00,7.292550334329135353e+00,8.148792017605586580e+00,8.011257690672458409e+00,7.943489825783109026e+00,7.890241316266296323e+00,8.041499455793173823e+00,7.416849089683301699e+00,7.279596700204258752e+00,7.756663673526385416e+00,8.116734628569265197e+00,7.799093849448590632e+00,7.444690847071608886e+00,7.368180369620874082e+00,7.493313341053800869e+00,7.491630080104003220e+00,7.367319783055426896e+00,7.219092752436124805e+00,7.240553243801815420e+00,7.171004870297868372e+00,7.044276422292968576e+00,7.129772510853023881e+00,7.189056133909201840e+00,7.021650886699325689e+00,6.960556348523444292e+00,6.882077778090957665e+00,6.873706920084315719e+00,6.879380107634714747e+00,6.966953188661187291e+00,7.116501292725363470e+00,7.073966787346421370e+00,6.865235093972686720e+00,6.926510111487914401e+00,6.959907217983018590e+00,6.902576089932962233e+00,7.114262258560708041e+00,7.138019526763204503e+00,7.026502618616881968e+00,7.125221589626647756e+00,7.008775189649067094e+00,7.002605409117228064e+00,6.959999976892966345e+00,7.001360128654010140e+00,7.109252932538708158e+00,7.080691281324193120e+00,7.190424442429158347e+00,7.225621571410016486e+00,7.277131951023852352e+00,7.225780314585961150e+00,7.224751851769262601e+00,7.336966258878173441e+00,7.331131724035756747e+00,7.254426710221424379e+00,7.410101123710344240e+00,7.229170747187536605e+00,7.269308717092184402e+00,7.239709482841669264e+00
1.805225501988775072e+00,1.400337575913154886e+00,1.807992079822692277e+00,1.410860687468751928e+00,1.136563420810581704e+00,1.421318688455764923e+00,5.513829357343065334e-03,1.092229995217080196e+00,1.603243559863738676e+00,-2.656051494347193287e-02,2.699061824575055279e+00,1.960183392050286466e+00,1.796409697477509448e+00,1.129101831361015273e+00,1.097811764989468974e+00,1.102554566843551687e+00,1.107040339356638814e+00,2.321986686765372454e+00,2.090622829095542645e+00,1.793499522233832133e+00,1.113401290265105814e+00,1.800703244835438088e+00,1.624795099285953226e+00,2.704308145287847687e+00,2.943717384587507091e+00,3.097523532504695698e+00,1.790451011727760999e+00,1.100891761530702562e+00,2.307641854394257841e+00,2.483828417638400676e+00,1.788024342646503673e+00,2.398647849668425369e+00,1.389825287340246129e+00,1.787531947325398329e+00,1.947178644480398013e+00,1.384338743396421822e+00,1.945583051585765944e+00,1.603671992756283471e+00,2.199050081882790497e+00,1.099812919265614974e+00,2.193759327524123393e+00,1.945936539110458607e+00,1.075333519835333762e+00,1.790189007203180971e+00,2.485320054403290957e+00,2.633239254098111992e+00,2.305956950158335683e+00,1.943965349160075018e+00,2.085117282620840395e+00,1.953272557557814926e+00,1.389080666784893392e+00,2.078465543885308353e+00,1.619203657310750888e+00,1.608098964493802852e+00,2.565463120473852499e+00,1.947721608675241356e+00,2.399881419367309032e+00,2.714947838827624249e+00,2.995087812232377189e+00,2.083412067987878924e+00
2.832075917649330865e+00,2.296894458598998323e+00,3.043528517090877905e+00,3.641701684751606827e+00,3.849641512369313290e+00,2.835566145451835052e+00,2.484872075956373827e+00,2.301042300676769070e+00,3.967068763531352626e+00,2.890883263782154877e+00,3.706249920784922658e+00,2.773742329811118790e+00,3.044746863133109827e+00,3.089765814156835155e+00,3.436282008893469797e+00,3.182241795445086119e+00,2.304063287750001798e+00,3.714287184534131647e+00,3.218039355828790082e+00,3.176867791919992801e+00,2.944727319226933648e+00,3.043849819592525208e+00,2.996506058287188523e+00,3.221123301486372714e+00,4.934645947094808527e+00,4.059650479196678319e+00,3.780525617862394494e+00,3.589392961054389541e+00,2.888722330572802033e+00,3.105228478035019002e+00,2.832395393707104692e+00,4.059647614443016472e+00,3.812310516961169071e+00,3.230186786868213922e+00,2.899570156855075354e+00,2.566997451916799733e+00,2.855598249677425038e+00,3.003794843179229179e+00,3.690660853797792740e+00,3.226732545243036654e+00,3.001975931952874266e+00,3.302975503521551559e+00,2.830712654345788781e+00,3.101016008895490117e+00,2.577307361801306484e+00,4.776030751334142899e+00,3.554624934030580885e+00,3.474110513173414461e+00,3.048891503033980932e+00,2.955207362884789024e+00,3.606713547043069124e+00,3.296919246949327142e+00,3.046843498208983370e+00,2.715818247327589585e+00,3.259855137736435093e+00,3.176427156660473372e+00,3.091736046207197219e+00,2.997859273796634305e+00,2.831551796715636282e+00,3.525566479847176193e+00
